# US ZIP codes -> state and city names. Built by scripts/build-us-zips.mjs; do not edit by hand.
# Sources: GeoNames postal codes (CC BY 4.0, www.geonames.org) and the US Census Bureau 2020 ZCTA to place relationship file.
# Built 2026-09-23. Columns: zip, state, names (first = the one to fill in).
00501	NY	Holtsville
00544	NY	Holtsville
01001	MA	Agawam Town|Agawam
01002	MA	Amherst Town|Amherst
01003	MA	Amherst Town|Amherst
01004	MA	Amherst
01005	MA	Barre
01007	MA	Belchertown
01008	MA	Blandford
01009	MA	Palmer Town|Bondsville
01010	MA	Brimfield
01011	MA	Chester
01012	MA	Chesterfield
01013	MA	Chicopee
01014	MA	Chicopee
01020	MA	Chicopee
01021	MA	Chicopee
01022	MA	Chicopee
01026	MA	Cummington
01027	MA	Easthampton|Easthampton Town
01028	MA	East Longmeadow
01029	MA	East Otis
01030	MA	Agawam Town|Feeding Hills
01031	MA	Gilbertville
01032	MA	Goshen
01033	MA	Granby
01034	MA	Granville
01035	MA	Hadley
01036	MA	Hampden
01037	MA	Hardwick
01038	MA	Hatfield
01039	MA	Haydenville
01040	MA	Holyoke
01041	MA	Holyoke
01050	MA	Huntington
01053	MA	Northampton|Leeds
01054	MA	Leverett
01056	MA	Ludlow
01057	MA	Monson|Monson Center
01059	MA	North Amherst
01060	MA	Northampton
01061	MA	Northampton
01062	MA	Northampton|Florence
01063	MA	Northampton
01066	MA	North Hatfield
01068	MA	Oakham
01069	MA	Palmer Town|Palmer
01070	MA	Plainfield
01071	MA	Russell
01072	MA	Shutesbury
01073	MA	Southampton
01074	MA	South Barre
01075	MA	South Hadley
01077	MA	Southwick
01079	MA	Palmer Town|Thorndike
01080	MA	Palmer Town|Three Rivers
01081	MA	Wales
01082	MA	Ware
01083	MA	Warren
01084	MA	West Chesterfield
01085	MA	Westfield
01086	MA	Westfield
01088	MA	West Hatfield
01089	MA	West Springfield Town|West Springfield
01090	MA	West Springfield
01092	MA	West Warren
01093	MA	Whately
01094	MA	Wheelwright
01095	MA	Wilbraham
01096	MA	Williamsburg
01097	MA	Woronoco
01098	MA	Worthington
01101	MA	Springfield
01102	MA	Springfield
01103	MA	Springfield
01104	MA	Springfield
01105	MA	Springfield
01106	MA	Longmeadow|Springfield
01107	MA	Springfield
01108	MA	Springfield
01109	MA	Springfield
01111	MA	Springfield
01115	MA	Springfield
01116	MA	Longmeadow
01118	MA	Springfield
01119	MA	Springfield
01128	MA	Springfield
01129	MA	Springfield
01138	MA	Springfield
01139	MA	Springfield
01144	MA	Springfield
01151	MA	Springfield|Indian Orchard
01152	MA	Springfield
01199	MA	Springfield
01201	MA	Pittsfield
01202	MA	Pittsfield
01203	MA	Pittsfield
01220	MA	Adams
01222	MA	Ashley Falls
01223	MA	Becket
01224	MA	Berkshire
01225	MA	Cheshire
01226	MA	Dalton
01227	MA	Dalton
01229	MA	Glendale
01230	MA	Great Barrington|Housatonic
01235	MA	Hinsdale
01236	MA	Housatonic
01237	MA	Lanesborough
01238	MA	Lee|Lenox Dale
01240	MA	Lenox|Lenox Dale
01242	MA	Lenox Dale
01243	MA	Middlefield
01244	MA	Mill River
01245	MA	Monterey
01247	MA	North Adams
01252	MA	North Egremont
01253	MA	Otis
01254	MA	Richmond
01255	MA	Sandisfield
01256	MA	Savoy
01257	MA	Sheffield
01258	MA	South Egremont
01259	MA	Southfield
01260	MA	South Lee
01262	MA	Stockbridge
01263	MA	Stockbridge
01264	MA	Tyringham
01266	MA	West Stockbridge
01267	MA	Williamstown
01270	MA	Windsor
01301	MA	Greenfield
01302	MA	Greenfield
01330	MA	Ashfield
01331	MA	Athol
01337	MA	Bernardston
01338	MA	Buckland
01339	MA	Charlemont
01340	MA	Colrain
01341	MA	Conway
01342	MA	Deerfield
01343	MA	Drury
01344	MA	Erving|Millers Falls
01346	MA	Heath
01347	MA	Lake Pleasant
01349	MA	Millers Falls
01350	MA	Monroe Bridge
01351	MA	Montague
01354	MA	Gill
01355	MA	New Salem
01360	MA	Northfield
01364	MA	Orange
01366	MA	Petersham
01367	MA	Rowe
01368	MA	Royalston
01370	MA	Shelburne Falls
01373	MA	South Deerfield
01375	MA	Sunderland
01376	MA	Turners Falls
01378	MA	Warwick
01379	MA	Wendell
01380	MA	Wendell Depot
01420	MA	Fitchburg|Leominster
01430	MA	Ashburnham|South Ashburnham
01431	MA	Ashby
01432	MA	Ayer|Devens
01434	MA	Devens
01436	MA	Baldwinville
01438	MA	East Templeton
01440	MA	Gardner
01441	MA	Westminster
01450	MA	Groton
01451	MA	Harvard
01452	MA	Hubbardston
01453	MA	Leominster
01460	MA	Littleton|Littleton Common
01462	MA	Lunenburg
01463	MA	Pepperell|East Pepperell
01464	MA	Shirley|Devens
01467	MA	Still River
01468	MA	Templeton
01469	MA	Townsend
01470	MA	Groton
01471	MA	Groton
01472	MA	West Groton
01473	MA	Westminster
01474	MA	West Townsend
01475	MA	Winchendon
01501	MA	Auburn
01503	MA	Berlin
01504	MA	Blackstone
01505	MA	Boylston
01506	MA	Brookfield
01507	MA	Charlton
01508	MA	Charlton City
01509	MA	Charlton Depot
01510	MA	Clinton
01515	MA	East Brookfield
01516	MA	Douglas|East Douglas
01518	MA	Fiskdale
01519	MA	Grafton
01520	MA	Holden
01521	MA	Holland
01522	MA	Jefferson
01523	MA	Lancaster|South Lancaster
01524	MA	Leicester
01525	MA	Linwood
01526	MA	Manchaug
01527	MA	Millbury
01529	MA	Millville
01531	MA	New Braintree
01532	MA	Northborough
01534	MA	Northbridge|Whitinsville
01535	MA	North Brookfield
01536	MA	North Grafton
01537	MA	North Oxford
01538	MA	North Uxbridge
01540	MA	Oxford
01541	MA	Princeton
01542	MA	Rochdale
01543	MA	Rutland
01545	MA	Shrewsbury
01546	MA	Shrewsbury
01550	MA	Southbridge Town|Southbridge
01560	MA	South Grafton
01561	MA	South Lancaster
01562	MA	Spencer
01564	MA	Sterling
01566	MA	Sturbridge|Fiskdale
01568	MA	Upton
01569	MA	Uxbridge
01570	MA	Webster
01571	MA	Dudley
01581	MA	Westborough
01583	MA	West Boylston
01585	MA	West Brookfield
01586	MA	West Millbury
01588	MA	Whitinsville
01590	MA	Sutton
01601	MA	Worcester
01602	MA	Worcester
01603	MA	Worcester
01604	MA	Worcester
01605	MA	Worcester
01606	MA	Worcester
01607	MA	Worcester
01608	MA	Worcester
01609	MA	Worcester
01610	MA	Worcester
01611	MA	Cherry Valley
01612	MA	Paxton
01613	MA	Worcester
01614	MA	Worcester
01615	MA	Worcester
01653	MA	Worcester
01655	MA	Worcester
01701	MA	Framingham
01702	MA	Framingham
01703	MA	Framingham
01704	MA	Framingham
01705	MA	Framingham
01718	MA	Acton
01719	MA	Boxborough
01720	MA	Acton
01721	MA	Ashland
01730	MA	Bedford
01731	MA	Hanscom Afb|Lexington
01740	MA	Bolton
01741	MA	Carlisle
01742	MA	Concord|West Concord
01745	MA	Fayville
01746	MA	Holliston
01747	MA	Hopedale
01748	MA	Hopkinton
01749	MA	Hudson
01752	MA	Marlborough
01754	MA	Maynard
01756	MA	Mendon
01757	MA	Milford
01760	MA	Natick
01770	MA	Sherborn
01772	MA	Southborough|Cordaville
01773	MA	Lincoln
01775	MA	Stow
01776	MA	Sudbury
01778	MA	Wayland|Cochituate
01784	MA	Woodville
01801	MA	Woburn
01803	MA	Burlington
01805	MA	Burlington
01810	MA	Andover
01812	MA	Andover
01813	MA	Woburn
01815	MA	Woburn
01821	MA	Billerica|Pinehurst
01822	MA	Billerica
01824	MA	Chelmsford
01825	MA	North Reading
01826	MA	Dracut
01827	MA	Dunstable
01830	MA	Haverhill
01831	MA	Haverhill
01832	MA	Haverhill
01833	MA	Georgetown
01834	MA	Groveland
01835	MA	Haverhill
01840	MA	Lawrence
01841	MA	Lawrence
01842	MA	Lawrence
01843	MA	Lawrence
01844	MA	Methuen Town|Methuen
01845	MA	North Andover
01850	MA	Lowell
01851	MA	Lowell
01852	MA	Lowell
01853	MA	Lowell
01854	MA	Lowell
01860	MA	Merrimac
01862	MA	North Billerica
01863	MA	North Chelmsford
01864	MA	North Reading
01865	MA	Nutting Lake
01866	MA	Pinehurst
01867	MA	Reading
01876	MA	Tewksbury
01879	MA	Tyngsboro
01880	MA	Wakefield
01885	MA	West Boxford
01886	MA	Westford
01887	MA	Wilmington
01888	MA	Woburn
01889	MA	North Reading
01890	MA	Winchester
01899	MA	Andover
01901	MA	Lynn
01902	MA	Lynn
01903	MA	Lynn
01904	MA	Lynn
01905	MA	Lynn
01906	MA	Saugus|Lynn
01907	MA	Swampscott
01908	MA	Nahant
01910	MA	Lynn
01913	MA	Amesbury Town|Amesbury
01915	MA	Beverly
01921	MA	Boxford
01922	MA	Byfield
01923	MA	Danvers
01929	MA	Essex
01930	MA	Gloucester
01931	MA	Gloucester
01936	MA	Hamilton
01937	MA	Hathorne|Danvers
01938	MA	Ipswich
01940	MA	Lynnfield
01944	MA	Manchester
01945	MA	Marblehead
01949	MA	Middleton
01950	MA	Newburyport
01951	MA	Newbury
01952	MA	Salisbury
01960	MA	Peabody
01961	MA	Peabody
01965	MA	Beverly|Prides Crossing
01966	MA	Rockport
01969	MA	Rowley
01970	MA	Salem
01971	MA	Salem
01982	MA	South Hamilton
01983	MA	Topsfield
01984	MA	Wenham
01985	MA	West Newbury
02018	MA	Accord
02019	MA	Bellingham
02020	MA	Brant Rock
02021	MA	Canton
02025	MA	Cohasset
02026	MA	Dedham
02027	MA	Dedham
02030	MA	Dover
02032	MA	East Walpole
02035	MA	Foxboro|Foxborough
02038	MA	Franklin Town|Franklin
02040	MA	Greenbush
02041	MA	Green Harbor
02043	MA	Hingham
02044	MA	Hingham
02045	MA	Hull
02047	MA	Humarock
02048	MA	Mansfield|Mansfield Center
02050	MA	Marshfield|Marshfield Hills|Ocean Bluff-Brant Rock|Cedar Crest|Green Harbor
02051	MA	Marshfield Hills
02052	MA	Medfield
02053	MA	Medway
02054	MA	Millis|Millis-Clicquot
02055	MA	Minot
02056	MA	Norfolk
02059	MA	North Marshfield
02060	MA	North Scituate
02061	MA	Norwell
02062	MA	Norwood
02065	MA	Ocean Bluff
02066	MA	Scituate|North Scituate
02067	MA	Sharon
02070	MA	Sheldonville
02071	MA	South Walpole
02072	MA	Stoughton
02081	MA	Walpole
02090	MA	Westwood
02093	MA	Wrentham
02108	MA	Boston
02109	MA	Boston
02110	MA	Boston
02111	MA	Boston
02112	MA	Boston
02113	MA	Boston
02114	MA	Boston
02115	MA	Boston
02116	MA	Boston
02117	MA	Boston
02118	MA	Boston
02119	MA	Boston|Roxbury
02120	MA	Boston|Roxbury Crossing
02121	MA	Boston|Dorchester
02122	MA	Boston|Dorchester
02123	MA	Boston
02124	MA	Boston|Dorchester Center
02125	MA	Boston|Dorchester
02126	MA	Boston|Mattapan
02127	MA	Boston
02128	MA	Boston|Winthrop Town
02129	MA	Boston|Charlestown
02130	MA	Boston|Jamaica Plain
02131	MA	Boston|Roslindale
02132	MA	Boston|West Roxbury
02133	MA	Boston
02134	MA	Boston|Allston
02135	MA	Boston|Brighton
02136	MA	Boston|Hyde Park
02137	MA	Readville
02138	MA	Cambridge
02139	MA	Cambridge
02140	MA	Cambridge
02141	MA	Cambridge
02142	MA	Cambridge
02143	MA	Somerville
02144	MA	Somerville
02145	MA	Somerville
02148	MA	Malden
02149	MA	Everett
02150	MA	Chelsea
02151	MA	Revere
02152	MA	Winthrop Town|Winthrop
02153	MA	Medford
02155	MA	Medford
02156	MA	West Medford
02163	MA	Boston
02169	MA	Quincy
02170	MA	Quincy
02171	MA	Quincy
02176	MA	Melrose
02180	MA	Stoneham
02184	MA	Braintree Town|Braintree
02185	MA	Braintree
02186	MA	Milton|Randolph Town
02187	MA	Milton Village
02188	MA	Weymouth Town|Weymouth
02189	MA	Weymouth Town|East Weymouth
02190	MA	Weymouth Town|South Weymouth
02191	MA	Weymouth Town|North Weymouth
02196	MA	Boston
02199	MA	Boston
02201	MA	Boston
02203	MA	Boston
02204	MA	Boston
02205	MA	Boston
02206	MA	Boston
02210	MA	Boston
02211	MA	Boston
02212	MA	Boston
02215	MA	Boston
02217	MA	Boston
02222	MA	Boston
02238	MA	Cambridge
02241	MA	Boston
02266	MA	Boston
02269	MA	Quincy
02283	MA	Boston
02284	MA	Boston
02293	MA	Boston
02297	MA	Boston
02298	MA	Boston
02301	MA	Brockton
02302	MA	Brockton
02303	MA	Brockton
02304	MA	Brockton
02305	MA	Brockton
02322	MA	Avon
02324	MA	Bridgewater Town|Bridgewater
02325	MA	Bridgewater Town|Bridgewater
02327	MA	Bryantville
02330	MA	Carver
02331	MA	Duxbury
02332	MA	Duxbury|South Duxbury|Green Harbor
02333	MA	East Bridgewater
02334	MA	Easton
02337	MA	Elmwood
02338	MA	Halifax
02339	MA	Hanover
02340	MA	Hanover
02341	MA	Hanson
02343	MA	Holbrook
02344	MA	Middleboro
02345	MA	Manomet
02346	MA	Middleboro|Middleborough Center
02347	MA	Lakeville|North Lakeville
02348	MA	Lakeville
02349	MA	Middleboro
02350	MA	Monponsett
02351	MA	Abington
02355	MA	North Carver
02356	MA	North Easton
02357	MA	North Easton
02358	MA	North Pembroke
02359	MA	Pembroke|North Pembroke
02360	MA	Plymouth|The Pinehills|North Plymouth
02361	MA	Plymouth
02362	MA	Plymouth
02364	MA	Kingston
02366	MA	South Carver
02367	MA	Plympton
02368	MA	Randolph Town|Randolph
02370	MA	Rockland
02375	MA	South Easton
02379	MA	West Bridgewater
02381	MA	White Horse Beach
02382	MA	Whitman
02420	MA	Lexington|Burlington
02421	MA	Lexington
02445	MA	Brookline
02446	MA	Brookline
02447	MA	Brookline Village
02451	MA	Waltham
02452	MA	Waltham
02453	MA	Waltham
02454	MA	Waltham
02455	MA	North Waltham
02456	MA	New Town
02457	MA	Babson Park|Wellesley
02458	MA	Newton
02459	MA	Newton|Newton Center
02460	MA	Newton|Newtonville
02461	MA	Newton|Newton Highlands
02462	MA	Newton|Newton Lower Falls
02464	MA	Newton|Newton Upper Falls
02465	MA	Newton|West Newton
02466	MA	Newton|Auburndale
02467	MA	Chestnut Hill|Newton|Boston|Brookline
02468	MA	Newton|Waban
02471	MA	Watertown
02472	MA	Watertown Town|Watertown
02474	MA	Arlington
02475	MA	Arlington Heights
02476	MA	Arlington
02477	MA	Watertown
02478	MA	Belmont
02479	MA	Waverley
02481	MA	Wellesley Hills|Wellesley
02482	MA	Wellesley
02492	MA	Needham
02493	MA	Weston
02494	MA	Needham Heights|Needham
02495	MA	Nonantum
02532	MA	Buzzards Bay|Monument Beach|Bourne
02534	MA	Cataumet
02535	MA	Chilmark
02536	MA	East Falmouth|Teaticket
02537	MA	East Sandwich
02538	MA	East Wareham|White Island Shores|Onset
02539	MA	Edgartown
02540	MA	Falmouth|West Falmouth|Woods Hole
02541	MA	Falmouth
02542	MA	Buzzards Bay
02543	MA	Woods Hole
02552	MA	Menemsha
02553	MA	Monument Beach
02554	MA	Nantucket|Madaket
02556	MA	North Falmouth
02557	MA	Oak Bluffs
02558	MA	Onset
02559	MA	Pocasset|Monument Beach
02561	MA	Sagamore
02562	MA	Sagamore Beach|Sagamore
02563	MA	Sandwich|East Sandwich|Forestdale
02564	MA	Siasconset
02568	MA	Vineyard Haven|Oak Bluffs
02571	MA	Wareham|Wareham Center|Weweantic|West Wareham|Onset
02574	MA	West Falmouth
02575	MA	West Tisbury
02576	MA	West Wareham
02584	MA	Nantucket
02601	MA	Barnstable Town|Hyannis
02630	MA	Barnstable Town|Barnstable
02631	MA	Brewster
02632	MA	Barnstable Town|Centerville
02633	MA	Chatham|West Chatham
02634	MA	Centerville
02635	MA	Barnstable Town|Cotuit
02637	MA	Barnstable Town|Cummaquid
02638	MA	Dennis|East Dennis
02639	MA	Dennis Port
02641	MA	East Dennis
02642	MA	Eastham|North Eastham
02643	MA	East Orleans
02644	MA	Forestdale
02645	MA	Harwich|East Harwich|Northwest Harwich|Harwich Center|Harwich Port
02646	MA	Harwich Port|Northwest Harwich|Harwich Center
02647	MA	Barnstable Town|Hyannis Port
02648	MA	Barnstable Town|Marstons Mills
02649	MA	Mashpee|New Seabury|Mashpee Neck|Seabrook|Popponesset|Monomoscoy Island|Seconsett Island|Popponesset Island
02650	MA	North Chatham
02651	MA	North Eastham
02652	MA	North Truro
02653	MA	Orleans
02655	MA	Barnstable Town|Osterville
02657	MA	Provincetown
02659	MA	South Chatham
02660	MA	South Dennis|East Dennis|West Dennis|Dennis Port
02661	MA	South Harwich
02662	MA	South Orleans
02663	MA	South Wellfleet
02664	MA	South Yarmouth
02666	MA	Truro
02667	MA	Wellfleet
02668	MA	Barnstable Town|West Barnstable
02669	MA	West Chatham
02670	MA	West Dennis
02671	MA	West Harwich|Northwest Harwich
02672	MA	Barnstable Town|West Hyannisport
02673	MA	West Yarmouth|South Yarmouth
02675	MA	Yarmouth Port|Barnstable Town
02702	MA	Assonet
02703	MA	Attleboro
02712	MA	Chartley
02713	MA	Cuttyhunk
02714	MA	Dartmouth
02715	MA	Dighton
02717	MA	East Freetown|Fall River
02718	MA	Taunton|East Taunton
02719	MA	Fairhaven
02720	MA	Fall River
02721	MA	Fall River
02722	MA	Fall River
02723	MA	Fall River
02724	MA	Fall River
02725	MA	Somerset
02726	MA	Somerset
02738	MA	Marion|Marion Center
02739	MA	Mattapoisett|Mattapoisett Center
02740	MA	New Bedford
02741	MA	New Bedford
02742	MA	New Bedford
02743	MA	Acushnet|Acushnet Center
02744	MA	New Bedford
02745	MA	New Bedford
02746	MA	New Bedford
02747	MA	North Dartmouth|Fall River|Smith Mills|Bliss Corner
02748	MA	South Dartmouth|Bliss Corner
02760	MA	North Attleborough Town|North Attleboro
02761	MA	North Attleboro
02762	MA	Plainville
02763	MA	North Attleborough Town|Attleboro Falls
02764	MA	North Dighton
02766	MA	Norton|Norton Center
02767	MA	Raynham|Taunton|Raynham Center
02768	MA	Raynham Center
02769	MA	Rehoboth
02770	MA	Rochester
02771	MA	Seekonk|North Seekonk
02777	MA	Swansea|Ocean Grove
02779	MA	Berkley
02780	MA	Taunton
02783	MA	Taunton
02790	MA	Westport|Fall River|North Westport
02791	MA	Westport Point
02801	RI	Adamsville
02802	RI	Albion
02804	RI	Ashaway|Hopkinton
02806	RI	Barrington
02807	RI	Block Island
02808	RI	Bradford
02809	RI	Bristol
02812	RI	Carolina
02813	RI	Charlestown|Quonochontaug|Carolina
02814	RI	Chepachet|Harmony
02815	RI	Clayville
02816	RI	Coventry
02817	RI	West Greenwich
02818	RI	East Greenwich|Warwick
02822	RI	Exeter
02823	RI	Cranston|Fiskeville
02824	RI	Forestdale
02825	RI	Foster|Foster Center|Clayville
02826	RI	Glendale
02827	RI	Greene
02828	RI	Greenville
02829	RI	Harmony
02830	RI	Harrisville|Pascoag
02831	RI	Hope|Cranston
02832	RI	Hope Valley
02833	RI	Hopkinton
02835	RI	Jamestown
02836	RI	Kenyon
02837	RI	Little Compton
02838	RI	Manville
02839	RI	Mapleville
02840	RI	Newport
02841	RI	Newport
02842	RI	Middletown|Newport East|Melville
02852	RI	North Kingstown
02857	RI	North Scituate
02858	RI	Oakland
02859	RI	Pascoag
02860	RI	Pawtucket
02861	RI	Pawtucket
02862	RI	Pawtucket
02863	RI	Central Falls
02864	RI	Cumberland|Valley Falls|Cumberland Hill
02865	RI	Lincoln
02871	RI	Portsmouth|Melville
02872	RI	Prudence Island
02873	RI	Rockville
02874	RI	Saunderstown
02875	RI	Shannock
02876	RI	Slatersville
02877	RI	Slocum
02878	RI	Tiverton
02879	RI	Wakefield|Wakefield-Peace Dale|Kingston|Charlestown
02880	RI	Wakefield
02881	RI	Kingston
02882	RI	Narragansett|Narragansett Pier
02883	RI	Peace Dale
02885	RI	Warren
02886	RI	Warwick
02887	RI	Warwick
02888	RI	Warwick
02889	RI	Warwick
02891	RI	Westerly|Misquamicut|Weekapaug|Watch Hill|Bradford
02892	RI	West Kingston
02893	RI	West Warwick
02894	RI	Wood River Junction
02895	RI	Woonsocket
02896	RI	North Smithfield
02898	RI	Wyoming
02901	RI	Providence
02902	RI	Providence
02903	RI	Providence
02904	RI	Providence
02905	RI	Providence|Cranston
02906	RI	Providence
02907	RI	Providence
02908	RI	Providence
02909	RI	Providence
02910	RI	Cranston
02911	RI	North Providence
02912	RI	Providence
02914	RI	East Providence
02915	RI	East Providence|Riverside
02916	RI	East Providence|Rumford
02917	RI	Smithfield|Greenville
02918	RI	Providence
02919	RI	Johnston
02920	RI	Cranston
02921	RI	Cranston
02940	RI	Providence
03031	NH	Amherst
03032	NH	Auburn
03033	NH	Brookline
03034	NH	Candia
03036	NH	Chester
03037	NH	Deerfield
03038	NH	Derry
03040	NH	East Candia
03041	NH	East Derry
03042	NH	Epping
03043	NH	Francestown
03044	NH	Fremont
03045	NH	Goffstown|Pinardville
03046	NH	Dunbarton
03047	NH	Greenfield
03048	NH	Greenville
03049	NH	Hollis
03051	NH	Hudson
03052	NH	Litchfield
03053	NH	Londonderry
03054	NH	Merrimack|East Merrimack
03055	NH	Milford|Wilton
03057	NH	Mont Vernon
03060	NH	Nashua
03061	NH	Nashua
03062	NH	Nashua
03063	NH	Nashua
03064	NH	Nashua
03070	NH	New Boston|Klondike Corner
03071	NH	New Ipswich
03073	NH	North Salem
03076	NH	Pelham
03077	NH	Raymond
03079	NH	Salem
03082	NH	Lyndeborough
03084	NH	Temple
03086	NH	Wilton
03087	NH	Windham
03101	NH	Manchester
03102	NH	Manchester|Pinardville
03103	NH	Manchester
03104	NH	Manchester
03105	NH	Manchester
03106	NH	Hooksett|South Hooksett
03108	NH	Manchester
03109	NH	Manchester
03110	NH	Bedford
03111	NH	Manchester
03215	NH	Waterville Valley
03216	NH	Andover
03217	NH	Ashland
03218	NH	Barnstead
03220	NH	Belmont
03221	NH	Bradford
03222	NH	Bristol
03223	NH	Campton
03224	NH	Canterbury
03225	NH	Center Barnstead
03226	NH	Center Harbor
03227	NH	Center Sandwich
03229	NH	Contoocook
03230	NH	Danbury
03231	NH	East Andover
03233	NH	Elkins
03234	NH	Epsom
03235	NH	Franklin
03237	NH	Gilmanton
03238	NH	Glencliff
03240	NH	Grafton
03241	NH	Hebron
03242	NH	Henniker
03243	NH	Hill
03244	NH	Hillsborough
03245	NH	Holderness
03246	NH	Laconia
03247	NH	Laconia
03249	NH	Gilford
03251	NH	Lincoln
03252	NH	Lochmere
03253	NH	Meredith
03254	NH	Moultonborough|Suissevale
03255	NH	Newbury|Blodgett Landing
03256	NH	New Hampton
03257	NH	New London
03258	NH	Chichester
03259	NH	North Sandwich
03260	NH	North Sutton
03261	NH	Northwood
03262	NH	North Woodstock
03263	NH	Pittsfield
03264	NH	Plymouth
03266	NH	Rumney
03268	NH	Salisbury
03269	NH	Sanbornton
03272	NH	South Newbury
03273	NH	South Sutton
03275	NH	Suncook
03276	NH	Tilton|Tilton Northfield
03278	NH	Warner
03279	NH	Warren
03280	NH	Washington
03281	NH	Weare
03282	NH	Wentworth
03284	NH	Springfield
03285	NH	Thornton
03287	NH	Wilmot
03289	NH	Winnisquam
03290	NH	Nottingham
03291	NH	West Nottingham
03293	NH	Woodstock
03298	NH	Tilton
03299	NH	Tilton
03301	NH	Concord
03302	NH	Concord
03303	NH	Concord
03304	NH	Bow
03305	NH	Concord
03307	NH	Loudon
03431	NH	Keene
03435	NH	Keene
03440	NH	Antrim
03441	NH	Ashuelot
03442	NH	Bennington
03443	NH	Chesterfield
03444	NH	Dublin
03445	NH	Sullivan
03446	NH	Swanzey|West Swanzey
03447	NH	Fitzwilliam
03448	NH	Gilsum
03449	NH	Hancock
03450	NH	Harrisville
03451	NH	Hinsdale
03452	NH	Jaffrey
03455	NH	Marlborough
03456	NH	Marlow
03457	NH	Nelson
03458	NH	Peterborough
03461	NH	Rindge
03462	NH	Spofford
03464	NH	Stoddard
03465	NH	Troy
03466	NH	West Chesterfield
03467	NH	Westmoreland
03468	NH	West Peterborough
03469	NH	West Swanzey
03470	NH	Winchester
03561	NH	Littleton
03570	NH	Berlin
03574	NH	Bethlehem
03575	NH	Bretton Woods
03576	NH	Colebrook
03579	NH	Errol
03580	NH	Franconia
03581	NH	Gorham
03582	NH	Groveton
03583	NH	Jefferson
03584	NH	Lancaster
03585	NH	Lisbon
03586	NH	Sugar Hill
03588	NH	Milan
03589	NH	Mount Washington
03590	NH	North Stratford
03592	NH	Pittsburg
03593	NH	Randolph
03595	NH	Twin Mountain
03597	NH	West Stewartstown
03598	NH	Whitefield
03601	NH	Acworth
03602	NH	Alstead
03603	NH	Charlestown
03604	NH	Drewsville
03605	NH	Lempster
03607	NH	South Acworth
03608	NH	Walpole
03609	NH	North Walpole
03740	NH	Bath|Mountain Lakes
03741	NH	Canaan
03743	NH	Claremont
03745	NH	Cornish
03746	NH	Cornish Flat
03748	NH	Enfield
03749	NH	Enfield Center
03750	NH	Etna
03751	NH	Georges Mills
03752	NH	Goshen
03753	NH	Grantham
03754	NH	Guild
03755	NH	Hanover
03756	NH	Lebanon
03765	NH	Haverhill
03766	NH	Lebanon
03768	NH	Lyme
03769	NH	Lyme Center
03770	NH	Meriden
03771	NH	Monroe
03773	NH	Newport
03774	NH	North Haverhill
03777	NH	Orford
03779	NH	Piermont
03780	NH	Pike
03781	NH	Plainfield
03782	NH	Sunapee
03784	NH	Lebanon|West Lebanon
03785	NH	Woodsville|Mountain Lakes
03801	NH	Portsmouth
03802	NH	Portsmouth
03803	NH	Portsmouth
03804	NH	Portsmouth
03809	NH	Alton
03810	NH	Alton Bay
03811	NH	Atkinson
03812	NH	Bartlett
03813	NH	Center Conway|Conway
03814	NH	Center Ossipee
03815	NH	Center Strafford
03816	NH	Center Tuftonboro
03817	NH	Chocorua
03818	NH	Conway
03819	NH	Danville
03820	NH	Dover
03821	NH	Dover
03822	NH	Dover
03823	NH	Madbury
03824	NH	Durham
03825	NH	Barrington
03826	NH	East Hampstead
03827	NH	East Kingston
03830	NH	East Wakefield
03832	NH	Eaton Center
03833	NH	Exeter
03835	NH	Farmington
03836	NH	Freedom
03837	NH	Gilmanton Iron Works
03838	NH	Glen
03839	NH	Rochester
03840	NH	Greenland
03841	NH	Hampstead
03842	NH	Hampton|Hampton Beach
03843	NH	Hampton
03844	NH	Hampton Falls
03845	NH	Intervale
03846	NH	Jackson
03847	NH	Kearsarge|North Conway
03848	NH	Kingston
03849	NH	Madison
03850	NH	Melvin Village
03851	NH	Milton
03852	NH	Milton Mills
03853	NH	Mirror Lake
03854	NH	New Castle
03855	NH	New Durham
03856	NH	Newfields
03857	NH	Newmarket
03858	NH	Newton
03859	NH	Newton Junction
03860	NH	North Conway|Conway
03861	NH	Lee
03862	NH	North Hampton
03864	NH	Ossipee
03865	NH	Plaistow
03866	NH	Rochester
03867	NH	Rochester
03868	NH	Rochester
03869	NH	Rollinsford
03870	NH	Rye
03871	NH	Rye Beach
03872	NH	Sanbornville
03873	NH	Sandown
03874	NH	Seabrook|Seabrook Beach
03875	NH	Silver Lake
03878	NH	Somersworth
03882	NH	Effingham
03883	NH	South Tamworth
03884	NH	Strafford
03885	NH	Stratham
03886	NH	Tamworth
03887	NH	Union
03890	NH	West Ossipee
03894	NH	Wolfeboro
03896	NH	Wolfeboro Falls
03897	NH	Wonalancet
03901	ME	Berwick
03902	ME	Cape Neddick
03903	ME	Eliot|South Eliot
03904	ME	Kittery
03905	ME	Kittery Point
03906	ME	North Berwick
03907	ME	Ogunquit
03908	ME	South Berwick
03909	ME	York|Cape Neddick|York Harbor
03910	ME	York Beach|Cape Neddick
03911	ME	York Harbor
04001	ME	Acton
04002	ME	Alfred
04003	ME	Bailey Island
04004	ME	Bar Mills
04005	ME	Biddeford
04006	ME	Biddeford|Biddeford Pool
04007	ME	Biddeford
04008	ME	Bowdoinham
04009	ME	Bridgton
04010	ME	Brownfield
04011	ME	Brunswick
04013	ME	Bustins Island
04014	ME	Cape Porpoise
04015	ME	Casco
04016	ME	Center Lovell
04017	ME	Chebeague Island
04019	ME	Portland|Cliff Island
04020	ME	Cornish
04021	ME	Cumberland Center
04022	ME	Denmark
04024	ME	East Baldwin
04027	ME	Lebanon
04028	ME	East Parsonsfield
04029	ME	Sebago
04030	ME	East Waterboro
04032	ME	Freeport
04033	ME	Freeport
04034	ME	Freeport
04037	ME	Fryeburg
04038	ME	Gorham|Little Falls
04039	ME	Gray
04040	ME	Harrison
04041	ME	Hiram
04042	ME	Hollis Center
04043	ME	Kennebunk|West Kennebunk
04046	ME	Kennebunkport
04047	ME	Parsonsfield|Kezar Falls
04048	ME	Limerick|Lake Arrowhead
04049	ME	Limington
04050	ME	Long Island
04051	ME	Lovell
04054	ME	Moody
04055	ME	Naples
04056	ME	Newfield
04057	ME	North Bridgton|Bridgton
04061	ME	North Waterboro|Lake Arrowhead
04062	ME	Windham|North Windham|South Windham
04063	ME	Ocean Park|Old Orchard Beach
04064	ME	Old Orchard Beach
04066	ME	Orrs Island
04068	ME	Porter|Kezar Falls
04069	ME	Pownal
04070	ME	Scarborough
04071	ME	Raymond
04072	ME	Saco
04073	ME	Sanford
04074	ME	Scarborough|Oak Hill|Dunstan
04076	ME	Shapleigh
04077	ME	South Casco
04078	ME	South Freeport
04079	ME	Harpswell
04082	ME	South Windham
04083	ME	Sanford|Springvale
04084	ME	Standish
04085	ME	Steep Falls
04086	ME	Topsham
04087	ME	Waterboro
04088	ME	Waterford
04090	ME	Wells
04091	ME	West Baldwin
04092	ME	Westbrook
04093	ME	Buxton
04094	ME	West Kennebunk
04095	ME	West Newfield
04096	ME	Yarmouth|Cousins Island|Littlejohn Island
04097	ME	North Yarmouth
04098	ME	Westbrook
04101	ME	Portland
04102	ME	Portland
04103	ME	Portland
04104	ME	Portland
04105	ME	Falmouth|Falmouth Foreside
04106	ME	South Portland
04107	ME	Cape Elizabeth
04108	ME	Portland|Peaks Island
04109	ME	Portland
04110	ME	Cumberland Foreside
04112	ME	Portland
04116	ME	South Portland
04122	ME	Portland
04123	ME	Portland
04124	ME	Portland
04210	ME	Auburn
04211	ME	Auburn
04212	ME	Auburn
04216	ME	Andover
04217	ME	Bethel
04219	ME	Bryant Pond
04220	ME	Buckfield
04221	ME	Canton
04222	ME	Durham
04223	ME	Danville
04224	ME	Dixfield
04225	ME	Dryden
04226	ME	East Andover
04227	ME	East Dixfield
04228	ME	East Livermore
04230	ME	East Poland
04231	ME	Stoneham
04234	ME	East Wilton
04236	ME	Greene
04237	ME	Hanover
04238	ME	Hebron
04239	ME	Jay|Chisholm
04240	ME	Lewiston
04241	ME	Lewiston
04243	ME	Lewiston
04250	ME	Lisbon
04252	ME	Lisbon Falls
04253	ME	Livermore
04254	ME	Livermore Falls
04255	ME	Greenwood
04256	ME	Mechanic Falls
04257	ME	Mexico
04258	ME	Minot
04259	ME	Monmouth
04260	ME	New Gloucester
04261	ME	Newry
04262	ME	North Jay
04263	ME	Leeds
04265	ME	North Monmouth
04266	ME	North Turner
04267	ME	North Waterford
04268	ME	Norway
04270	ME	Oxford
04271	ME	Paris
04274	ME	Poland
04275	ME	Roxbury
04276	ME	Rumford
04280	ME	Sabattus
04281	ME	South Paris
04282	ME	Turner
04284	ME	Wayne
04285	ME	Weld
04286	ME	West Bethel
04287	ME	Bowdoin
04288	ME	West Minot
04289	ME	West Paris
04290	ME	Peru
04291	ME	West Poland
04292	ME	Sumner
04294	ME	Wilton
04330	ME	Augusta
04332	ME	Augusta
04333	ME	Augusta
04336	ME	Augusta
04338	ME	Augusta
04341	ME	Coopers Mills
04342	ME	Dresden
04343	ME	East Winthrop
04344	ME	Farmingdale
04345	ME	Gardiner
04346	ME	Randolph
04347	ME	Hallowell
04348	ME	Jefferson
04349	ME	Kents Hill
04350	ME	Litchfield
04351	ME	Manchester
04352	ME	Mount Vernon
04353	ME	Whitefield
04354	ME	Palermo
04355	ME	Readfield
04357	ME	Richmond
04358	ME	South China
04359	ME	Gardiner|South Gardiner
04360	ME	Vienna
04363	ME	Windsor
04364	ME	Winthrop
04401	ME	Bangor|Veazie
04402	ME	Bangor
04406	ME	Abbot
04408	ME	Aurora
04410	ME	Bradford
04411	ME	Bradley
04412	ME	Brewer
04413	ME	Brookton
04414	ME	Brownville|Brownville Junction
04415	ME	Brownville Junction
04416	ME	Bucksport
04417	ME	Burlington
04418	ME	Greenbush
04419	ME	Carmel
04420	ME	Castine
04421	ME	Castine
04422	ME	Charleston
04424	ME	Danforth
04426	ME	Dover Foxcroft|Dover-Foxcroft
04427	ME	Corinth
04428	ME	Eddington
04429	ME	Holden
04430	ME	East Millinocket
04431	ME	East Orland
04434	ME	Etna
04435	ME	Exeter
04438	ME	Frankfort
04441	ME	Greenville
04442	ME	Greenville Junction
04443	ME	Guilford
04444	ME	Hampden
04448	ME	Howland
04449	ME	Hudson
04450	ME	Kenduskeag
04451	ME	Kingman
04453	ME	Lagrange
04454	ME	Lambert Lake
04455	ME	Lee
04456	ME	Levant
04457	ME	Lincoln
04459	ME	Mattawamkeag
04460	ME	Medway
04461	ME	Milford
04462	ME	Millinocket
04463	ME	Milo
04464	ME	Monson
04468	ME	Old Town
04469	ME	Orono
04471	ME	Orient
04472	ME	Orland
04473	ME	Orono
04474	ME	Orrington
04475	ME	Passadumkeag
04476	ME	Penobscot
04478	ME	Rockwood
04479	ME	Sangerville
04481	ME	Sebec
04485	ME	Shirley Mills
04487	ME	Springfield
04488	ME	Stetson
04489	ME	Old Town|Stillwater
04490	ME	Topsfield
04491	ME	Vanceboro
04492	ME	Waite
04493	ME	West Enfield
04495	ME	Winn
04496	ME	Winterport
04497	ME	Wytopitlock
04530	ME	Bath
04535	ME	Alna
04537	ME	Boothbay
04538	ME	Boothbay Harbor
04539	ME	Bristol
04541	ME	Chamberlain
04543	ME	Damariscotta
04544	ME	East Boothbay
04547	ME	Friendship
04548	ME	Georgetown
04549	ME	Isle Of Springs
04551	ME	Bremen
04553	ME	Newcastle
04554	ME	New Harbor
04555	ME	Nobleboro
04556	ME	Edgecomb
04558	ME	Pemaquid
04562	ME	Phippsburg
04563	ME	Cushing
04564	ME	Round Pond
04565	ME	Sebasco Estates
04568	ME	South Bristol
04570	ME	Squirrel Island
04571	ME	Trevett
04572	ME	Waldoboro
04573	ME	Walpole
04574	ME	Washington
04575	ME	West Boothbay Harbor
04576	ME	Southport
04578	ME	Wiscasset
04579	ME	Woolwich
04605	ME	Ellsworth
04606	ME	Addison
04607	ME	Gouldsboro
04609	ME	Bar Harbor
04611	ME	Beals
04612	ME	Bernard
04613	ME	Birch Harbor
04614	ME	Blue Hill
04616	ME	Brooklin
04617	ME	Brooksville
04619	ME	Calais
04622	ME	Cherryfield
04623	ME	Columbia Falls
04624	ME	Corea
04625	ME	Cranberry Isles
04626	ME	Cutler
04627	ME	Deer Isle
04628	ME	Dennysville
04629	ME	East Blue Hill
04630	ME	East Machias
04631	ME	Eastport
04634	ME	Franklin
04635	ME	Frenchboro
04637	ME	Grand Lake Stream
04640	ME	Hancock
04642	ME	Harborside
04643	ME	Harrington
04644	ME	Hulls Cove
04645	ME	Isle Au Haut
04646	ME	Islesford
04648	ME	Jonesboro
04649	ME	Jonesport
04650	ME	Little Deer Isle
04652	ME	Lubec
04653	ME	Bass Harbor
04654	ME	Machias
04655	ME	Machiasport
04657	ME	Meddybemps
04658	ME	Milbridge
04660	ME	Mount Desert
04662	ME	Northeast Harbor
04664	ME	Sullivan
04666	ME	Pembroke
04667	ME	Perry
04668	ME	Princeton
04669	ME	Prospect Harbor
04671	ME	Robbinston
04672	ME	Salsbury Cove
04673	ME	Sargentville
04674	ME	Seal Cove
04675	ME	Seal Harbor
04676	ME	Sedgwick
04677	ME	Sorrento
04679	ME	Southwest Harbor
04680	ME	Steuben
04681	ME	Stonington
04683	ME	Sunset
04684	ME	Surry
04685	ME	Swans Island
04686	ME	Wesley
04691	ME	Whiting
04693	ME	Winter Harbor
04694	ME	Baileyville|Woodland
04730	ME	Houlton
04732	ME	Ashland
04733	ME	Benedicta
04734	ME	Blaine
04735	ME	Bridgewater
04736	ME	Caribou
04737	ME	Clayton Lake
04738	ME	Crouseville
04739	ME	Eagle Lake
04740	ME	Easton
04741	ME	Estcourt Station
04742	ME	Fort Fairfield
04743	ME	Fort Kent
04744	ME	Fort Kent Mills
04745	ME	Frenchville
04746	ME	Grand Isle
04747	ME	Island Falls
04750	ME	Limestone
04751	ME	Limestone
04756	ME	Madawaska
04757	ME	Mapleton
04758	ME	Mars Hill
04760	ME	Monticello
04761	ME	New Limerick
04762	ME	New Sweden
04763	ME	Oakfield
04764	ME	Oxbow
04765	ME	Patten
04766	ME	Perham
04768	ME	Portage
04769	ME	Presque Isle
04772	ME	Saint Agatha
04773	ME	Saint David
04774	ME	Saint Francis
04775	ME	Sheridan
04776	ME	Sherman
04777	ME	Stacyville
04779	ME	Sinclair
04780	ME	Smyrna Mills
04781	ME	Wallagrass
04783	ME	Stockholm
04785	ME	Van Buren
04786	ME	Washburn
04787	ME	Westfield
04841	ME	Rockland
04843	ME	Camden
04847	ME	Hope
04848	ME	Islesboro
04849	ME	Lincolnville
04850	ME	Lincolnville Center
04851	ME	Matinicus
04852	ME	Monhegan
04853	ME	North Haven
04854	ME	Owls Head
04855	ME	Port Clyde
04856	ME	Rockport
04858	ME	South Thomaston
04859	ME	Spruce Head
04860	ME	Tenants Harbor
04861	ME	Thomaston
04862	ME	Union
04863	ME	Vinalhaven
04864	ME	Warren
04865	ME	West Rockport
04901	ME	Waterville|Winslow
04903	ME	Waterville
04910	ME	Albion
04911	ME	Anson
04912	ME	Athens
04915	ME	Belfast
04917	ME	Belgrade
04918	ME	Belgrade Lakes
04920	ME	Bingham
04921	ME	Brooks
04922	ME	Burnham
04923	ME	Cambridge
04924	ME	Canaan
04925	ME	Caratunk
04926	ME	China Village
04927	ME	Clinton
04928	ME	Corinna
04929	ME	Detroit
04930	ME	Dexter
04932	ME	Dixmont
04933	ME	East Newport
04935	ME	East Vassalboro
04936	ME	Eustis
04937	ME	Fairfield
04938	ME	Farmington
04939	ME	Garland
04940	ME	Farmington Falls
04941	ME	Freedom
04942	ME	Harmony
04943	ME	Hartland
04944	ME	Hinckley
04945	ME	Jackman
04947	ME	Kingfield
04949	ME	Liberty
04950	ME	Madison
04951	ME	Monroe
04952	ME	Morrill
04953	ME	Newport
04954	ME	New Portland
04955	ME	New Sharon
04956	ME	New Vineyard
04957	ME	Norridgewock
04958	ME	North Anson
04961	ME	New Portland
04962	ME	North Vassalboro
04963	ME	Oakland
04964	ME	Oquossoc
04965	ME	Palmyra
04966	ME	Phillips
04967	ME	Pittsfield
04969	ME	Plymouth
04970	ME	Rangeley
04971	ME	Saint Albans
04972	ME	Sandy Point
04973	ME	Searsmont
04974	ME	Searsport
04975	ME	Shawmut
04976	ME	Skowhegan
04978	ME	Smithfield
04979	ME	Solon
04981	ME	Stockton Springs
04982	ME	Stratton
04983	ME	Strong
04984	ME	Temple
04985	ME	West Forks
04986	ME	Thorndike
04987	ME	Troy
04988	ME	Unity
04989	ME	Vassalboro
04992	ME	West Farmington|Farmington
05001	VT	White River Junction|Wilder|Hartford Village
05009	VT	White River Junction
05030	VT	Ascutney
05031	VT	Barnard
05032	VT	Bethel
05033	VT	Bradford
05034	VT	Bridgewater
05035	VT	Bridgewater Corners
05036	VT	Brookfield
05037	VT	Brownsville
05038	VT	Chelsea
05039	VT	Corinth
05040	VT	East Corinth
05041	VT	East Randolph
05042	VT	East Ryegate
05043	VT	East Thetford
05045	VT	Fairlee
05046	VT	Groton
05047	VT	Hartford
05048	VT	Hartland|North Hartland
05049	VT	Hartland Four Corners
05050	VT	Mc Indoe Falls
05051	VT	Newbury
05052	VT	North Hartland
05053	VT	North Pomfret
05054	VT	North Thetford
05055	VT	Norwich
05056	VT	Plymouth
05058	VT	Post Mills
05059	VT	Quechee
05060	VT	Randolph
05061	VT	Randolph Center
05062	VT	Reading
05065	VT	Sharon
05067	VT	South Pomfret
05068	VT	South Royalton
05069	VT	South Ryegate
05070	VT	South Strafford
05071	VT	South Woodstock
05072	VT	Strafford
05073	VT	Taftsville
05074	VT	Thetford
05075	VT	Thetford Center
05076	VT	Topsham
05077	VT	Tunbridge
05079	VT	Vershire
05081	VT	Wells River
05083	VT	West Fairlee
05084	VT	West Hartford
05085	VT	West Newbury
05086	VT	West Topsham
05088	VT	Wilder
05089	VT	Windsor|Ascutney
05091	VT	Woodstock|West Woodstock|South Woodstock
05101	VT	Bellows Falls|Saxtons River|North Westminster
05141	VT	Cambridgeport
05142	VT	Cavendish|Proctorsville
05143	VT	Chester
05146	VT	Grafton
05148	VT	Londonderry
05149	VT	Ludlow
05150	VT	North Springfield
05151	VT	Perkinsville
05152	VT	Peru
05153	VT	Proctorsville
05154	VT	Saxtons River
05155	VT	South Londonderry|Stratton Mountain
05156	VT	Springfield|North Springfield|Ascutney
05158	VT	Westminster|North Westminster
05159	VT	Westminster Station
05161	VT	Weston
05201	VT	Bennington|Old Bennington
05250	VT	Arlington
05251	VT	Dorset
05252	VT	East Arlington|Arlington
05253	VT	East Dorset
05254	VT	Manchester
05255	VT	Manchester Center|Manchester
05257	VT	North Bennington
05260	VT	North Pownal
05261	VT	Pownal|Pownal Center|North Pownal
05262	VT	Shaftsbury|South Shaftsbury
05301	VT	Brattleboro|West Brattleboro|Algiers|West Dummerston
05302	VT	Brattleboro
05303	VT	Brattleboro
05304	VT	Brattleboro
05340	VT	Bondville|Stratton Mountain
05341	VT	East Dover
05342	VT	Jacksonville
05343	VT	Jamaica|Stratton Mountain
05344	VT	Marlboro
05345	VT	Newfane
05346	VT	Putney
05350	VT	Readsboro
05351	VT	South Newfane
05352	VT	Stamford
05353	VT	Townshend|Harmonyville
05354	VT	Vernon
05355	VT	Wardsboro
05356	VT	West Dover
05357	VT	West Dummerston
05358	VT	West Halifax
05359	VT	West Townshend
05360	VT	West Wardsboro
05361	VT	Whitingham
05362	VT	Williamsville
05363	VT	Wilmington|Chimney Hill
05401	VT	Burlington
05402	VT	Burlington
05403	VT	South Burlington
05404	VT	Winooski
05405	VT	Burlington
05406	VT	Burlington
05407	VT	South Burlington
05408	VT	Burlington
05439	VT	Colchester
05440	VT	Alburgh
05441	VT	Bakersfield
05442	VT	Belvidere Center
05443	VT	Bristol|South Lincoln|Lincoln
05444	VT	Cambridge
05445	VT	Charlotte|West Charlotte|East Charlotte
05446	VT	Colchester
05447	VT	East Berkshire
05448	VT	East Fairfield|Bakersfield
05449	VT	Colchester
05450	VT	Enosburg Falls
05451	VT	Essex
05452	VT	Essex Junction
05453	VT	Essex Junction
05454	VT	Fairfax
05455	VT	Fairfield
05456	VT	Ferrisburgh
05457	VT	Franklin
05458	VT	Grand Isle
05459	VT	Highgate Center
05460	VT	Highgate Springs
05461	VT	Hinesburg
05462	VT	Huntington|Huntington Center|Hanksville
05463	VT	Isle La Motte
05464	VT	Jeffersonville
05465	VT	Jericho|Underhill Flats
05466	VT	Jonesville
05468	VT	Milton
05469	VT	Monkton
05470	VT	Montgomery
05471	VT	Montgomery Center
05472	VT	New Haven
05473	VT	North Ferrisburgh
05474	VT	North Hero
05476	VT	Richford
05477	VT	Richmond|Bolton Valley|Huntington
05478	VT	Saint Albans|St. Albans
05479	VT	Saint Albans
05481	VT	Saint Albans Bay
05482	VT	Shelburne
05483	VT	Sheldon
05485	VT	Sheldon Springs
05486	VT	South Hero
05487	VT	Starksboro
05488	VT	Swanton|Highgate Springs
05489	VT	Underhill|Underhill Flats|Underhill Center
05490	VT	Underhill Center
05491	VT	Vergennes
05492	VT	Waterville
05494	VT	Westford
05495	VT	Williston|St. George
05501	MA	Andover
05544	MA	Andover
05601	VT	Montpelier
05602	VT	Montpelier
05603	VT	Montpelier
05604	VT	Montpelier
05609	VT	Montpelier
05620	VT	Montpelier
05633	VT	Montpelier
05640	VT	Adamant
05641	VT	Barre|East Barre|South Barre|Websterville
05647	VT	Cabot
05648	VT	Calais
05649	VT	East Barre
05650	VT	East Calais
05651	VT	East Montpelier
05652	VT	Eden
05653	VT	Eden Mills
05654	VT	Graniteville|South Barre
05655	VT	Hyde Park|North Hyde Park
05656	VT	Johnson|North Hyde Park
05657	VT	Lake Elmore
05658	VT	Marshfield
05660	VT	Moretown
05661	VT	Morrisville
05662	VT	Moscow
05663	VT	Northfield
05664	VT	Northfield Falls
05665	VT	North Hyde Park
05666	VT	North Montpelier
05667	VT	Plainfield
05669	VT	Roxbury
05670	VT	South Barre
05671	VT	Waterbury
05672	VT	Stowe
05673	VT	Waitsfield
05674	VT	Warren
05675	VT	Washington
05676	VT	Waterbury|Bolton
05677	VT	Waterbury Center
05678	VT	Websterville
05679	VT	Williamstown
05680	VT	Wolcott
05681	VT	Woodbury
05682	VT	Worcester
05701	VT	Rutland|North Clarendon
05702	VT	Rutland
05730	VT	Belmont
05731	VT	Benson
05732	VT	Bomoseen|Castleton Four Corners
05733	VT	Brandon
05734	VT	Bridport
05735	VT	Castleton|Castleton Four Corners
05736	VT	Center Rutland
05737	VT	Chittenden
05738	VT	Cuttingsville
05739	VT	Danby
05740	VT	East Middlebury
05741	VT	East Poultney
05742	VT	East Wallingford
05743	VT	Fair Haven|Benson
05744	VT	Florence|Pittsford|Proctor
05745	VT	Forest Dale
05746	VT	Gaysville
05747	VT	Granville
05748	VT	Hancock
05750	VT	Hydeville
05751	VT	Killington|Killington Village
05753	VT	Middlebury|East Middlebury
05757	VT	Middletown Springs
05758	VT	Mount Holly
05759	VT	North Clarendon
05760	VT	Orwell
05761	VT	Pawlet
05762	VT	Pittsfield
05763	VT	Pittsford
05764	VT	Poultney|East Poultney
05765	VT	Proctor
05766	VT	Ripton
05767	VT	Rochester
05768	VT	Rupert
05769	VT	Salisbury
05770	VT	Shoreham
05772	VT	Stockbridge
05773	VT	Wallingford
05774	VT	Wells
05775	VT	West Pawlet
05776	VT	West Rupert
05777	VT	West Rutland
05778	VT	Whiting
05819	VT	Saint Johnsbury|St. Johnsbury
05820	VT	Albany
05821	VT	Barnet
05822	VT	Barton
05823	VT	Beebe Plain
05824	VT	Concord
05825	VT	Coventry
05826	VT	Craftsbury
05827	VT	Craftsbury Common
05828	VT	Danville
05829	VT	Derby|Derby Center|Derby Line
05830	VT	Derby Line
05832	VT	East Burke
05833	VT	East Charleston
05836	VT	East Hardwick
05837	VT	East Haven
05838	VT	East Saint Johnsbury
05839	VT	Glover
05840	VT	Granby
05841	VT	Greensboro
05842	VT	Greensboro Bend
05843	VT	Hardwick
05845	VT	Irasburg
05846	VT	Island Pond
05847	VT	Lowell
05848	VT	Lower Waterford
05849	VT	Lyndon
05850	VT	Lyndon Center
05851	VT	Lyndonville|Lyndon|Lyndon Center
05853	VT	Morgan
05855	VT	Newport
05857	VT	Newport Center
05858	VT	North Concord
05859	VT	North Troy|Troy
05860	VT	Orleans
05861	VT	Passumpsic
05862	VT	Peacham
05863	VT	Saint Johnsbury Center
05866	VT	Sheffield
05867	VT	Sutton
05868	VT	Troy
05871	VT	West Burke
05872	VT	West Charleston
05873	VT	West Danville
05874	VT	Westfield
05875	VT	Barton
05901	VT	Averill
05902	VT	Beecher Falls
05903	VT	Canaan
05904	VT	Gilman
05905	VT	Guildhall
05906	VT	Lunenburg|Gilman
05907	VT	Norton
06001	CT	Avon
06002	CT	Bloomfield|Blue Hills
06006	CT	Windsor
06010	CT	Bristol
06011	CT	Bristol
06013	CT	Burlington
06016	CT	Broad Brook
06018	CT	Canaan
06019	CT	Canton|Collinsville|Canton Valley
06020	CT	Canton Center
06021	CT	Colebrook
06022	CT	Collinsville
06023	CT	East Berlin
06024	CT	East Canaan
06025	CT	East Glastonbury
06026	CT	East Granby
06027	CT	East Hartland
06028	CT	East Windsor Hill
06029	CT	Ellington|Crystal Lake
06030	CT	Farmington
06031	CT	Falls Village
06032	CT	Farmington
06033	CT	Glastonbury|Glastonbury Center
06034	CT	Farmington
06035	CT	Granby|Salmon Brook
06037	CT	Berlin|Kensington
06039	CT	Lakeville
06040	CT	Manchester
06041	CT	Manchester
06042	CT	Manchester
06043	CT	Bolton
06045	CT	Manchester
06050	CT	New Britain
06051	CT	New Britain
06052	CT	New Britain
06053	CT	New Britain
06057	CT	New Hartford|New Hartford Center
06058	CT	Norfolk
06059	CT	North Canton
06060	CT	North Granby
06061	CT	Pine Meadow|New Hartford Center
06062	CT	Plainville
06063	CT	Barkhamsted|Pleasant Valley|Riverton
06064	CT	Poquonock
06065	CT	Riverton
06066	CT	Vernon Rockville|Rockville
06067	CT	Rocky Hill
06068	CT	Salisbury|Lakeville
06069	CT	Sharon
06070	CT	Simsbury|Simsbury Center|West Simsbury|Weatogue
06071	CT	Somers
06072	CT	Somersville
06073	CT	South Glastonbury
06074	CT	South Windsor
06075	CT	Stafford
06076	CT	Stafford Springs|Crystal Lake
06077	CT	Staffordville
06078	CT	Suffield|Suffield Depot
06079	CT	Taconic
06080	CT	Suffield
06081	CT	Tariffville
06082	CT	Enfield|Hazardville|Southwood Acres|Sherwood Manor|Thompsonville
06083	CT	Enfield
06084	CT	Tolland|Crystal Lake
06085	CT	Unionville
06087	CT	Unionville
06088	CT	East Windsor
06089	CT	Weatogue|Simsbury Center
06090	CT	West Granby
06091	CT	West Hartland
06092	CT	West Simsbury
06093	CT	West Suffield
06094	CT	Winchester Center
06095	CT	Windsor
06096	CT	Windsor Locks
06098	CT	Winsted
06101	CT	Hartford
06102	CT	Hartford
06103	CT	Hartford
06104	CT	Hartford
06105	CT	Hartford|West Hartford
06106	CT	Hartford
06107	CT	West Hartford
06108	CT	East Hartford
06109	CT	Wethersfield
06110	CT	West Hartford
06111	CT	Newington
06112	CT	Hartford
06114	CT	Hartford
06115	CT	Hartford
06117	CT	West Hartford
06118	CT	East Hartford
06119	CT	West Hartford
06120	CT	Hartford
06123	CT	Hartford
06126	CT	Hartford
06127	CT	West Hartford
06128	CT	East Hartford
06129	CT	Wethersfield
06131	CT	Newington
06132	CT	Hartford
06133	CT	West Hartford
06134	CT	Hartford
06137	CT	West Hartford
06138	CT	East Hartford
06140	CT	Hartford
06141	CT	Hartford
06142	CT	Hartford
06143	CT	Hartford
06144	CT	Hartford
06145	CT	Hartford
06146	CT	Hartford
06147	CT	Hartford
06150	CT	Hartford
06151	CT	Hartford
06152	CT	Hartford
06153	CT	Hartford
06154	CT	Hartford
06155	CT	Hartford
06156	CT	Hartford
06160	CT	Hartford
06161	CT	Hartford
06167	CT	Hartford
06176	CT	Hartford
06180	CT	Hartford
06183	CT	Hartford
06199	CT	Hartford
06226	CT	Willimantic|South Windham
06230	CT	Abington
06231	CT	Amston
06232	CT	Andover
06233	CT	Ballouville
06234	CT	Brooklyn|East Brooklyn|Wauregan
06235	CT	Chaplin
06237	CT	Columbia
06238	CT	Coventry|Coventry Lake|South Coventry
06239	CT	Danielson|Wauregan
06241	CT	Dayville
06242	CT	Eastford
06243	CT	East Killingly
06244	CT	East Woodstock
06245	CT	Fabyan
06246	CT	Grosvenor Dale
06247	CT	Hampton
06248	CT	Hebron
06249	CT	Lebanon
06250	CT	Mansfield Center
06251	CT	Mansfield Depot
06254	CT	North Franklin
06255	CT	North Grosvenordale|Quinebaug|North Grosvenor Dale|Mechanicsville
06256	CT	North Windham|Willimantic
06258	CT	Pomfret
06259	CT	Pomfret Center
06260	CT	Putnam
06262	CT	Quinebaug
06263	CT	Rogers
06264	CT	Scotland
06265	CT	South Willington
06266	CT	South Windham
06267	CT	South Woodstock
06268	CT	Storrs Mansfield|Storrs|Mansfield Center
06269	CT	Storrs Mansfield|Storrs
06277	CT	Thompson|Mechanicsville
06278	CT	Ashford|Lake Chaffee
06279	CT	Willington
06280	CT	Windham
06281	CT	Woodstock|South Woodstock|Quasset Lake|Lake Bungee|Witches Woods
06282	CT	Woodstock Valley|Lake Bungee
06320	CT	New London
06330	CT	Baltic
06331	CT	Canterbury
06332	CT	Central Village
06333	CT	East Lyme
06334	CT	Bozrah
06335	CT	Gales Ferry
06336	CT	Gilman
06338	CT	Mashantucket
06339	CT	Ledyard|Mashantucket
06340	CT	Groton|Groton Long Point|Conning Towers-Nautilus Park|Long Hill|Poquonock Bridge|Noank
06349	CT	Groton
06350	CT	Hanover
06351	CT	Jewett City
06353	CT	Montville|Oxoboxo River
06354	CT	Moosup
06355	CT	Mystic|Old Mystic|Noank
06357	CT	Niantic
06359	CT	North Stonington
06360	CT	Norwich
06365	CT	Preston
06370	CT	Oakdale|Oxoboxo River
06371	CT	Old Lyme
06372	CT	Old Mystic
06373	CT	Oneco
06374	CT	Plainfield|Plainfield Village|Wauregan
06375	CT	Quaker Hill
06376	CT	South Lyme
06377	CT	Sterling
06378	CT	Stonington|Mystic
06379	CT	Pawcatuck
06380	CT	Norwich|Taftville
06382	CT	Uncasville|Oxoboxo River
06383	CT	Versailles
06384	CT	Voluntown
06385	CT	Waterford
06387	CT	Wauregan
06388	CT	West Mystic
06389	CT	Norwich|Yantic
06390	NY	Fishers Island
06401	CT	Ansonia
06403	CT	Beacon Falls
06404	CT	Botsford
06405	CT	Branford|Branford Center
06408	CT	Cheshire
06409	CT	Centerbrook
06410	CT	Cheshire|Cheshire Village
06411	CT	Cheshire
06412	CT	Chester|Chester Center
06413	CT	Clinton
06414	CT	Cobalt
06415	CT	Colchester
06416	CT	Cromwell
06417	CT	Deep River|Deep River Center
06418	CT	Derby
06419	CT	Killingworth
06420	CT	Salem
06422	CT	Durham
06423	CT	East Haddam|Moodus
06424	CT	East Hampton|Lake Pocotopaug
06426	CT	Essex|Essex Village
06437	CT	Guilford|Guilford Center
06438	CT	Haddam|Higganum
06439	CT	Hadlyme
06440	CT	Hawleyville
06441	CT	Higganum
06442	CT	Ivoryton
06443	CT	Madison|Madison Center
06444	CT	Marion
06447	CT	Marlborough|Terramuggus
06450	CT	Meriden
06451	CT	Meriden
06455	CT	Middlefield
06456	CT	Middle Haddam
06457	CT	Middletown
06459	CT	Middletown
06460	CT	Milford|Woodmont
06461	CT	Milford
06467	CT	Milldale
06468	CT	Monroe|Stepney|East Village
06469	CT	Moodus
06470	CT	Newtown|Botsford|Hawleyville|Dodgingtown
06471	CT	North Branford
06472	CT	Northford
06473	CT	North Haven|East Haven
06474	CT	North Westchester
06475	CT	Old Saybrook|Fenwick|Old Saybrook Center|Saybrook Manor
06477	CT	Orange
06478	CT	Oxford
06479	CT	Plantsville
06480	CT	Portland
06481	CT	Rockfall
06482	CT	Sandy Hook
06483	CT	Seymour
06484	CT	Shelton
06487	CT	South Britain
06488	CT	Southbury|Heritage Village
06489	CT	Southington
06491	CT	Stevenson
06492	CT	Wallingford|Wallingford Center
06493	CT	Wallingford
06494	CT	Wallingford
06495	CT	Wallingford
06498	CT	Westbrook|Westbrook Center
06501	CT	New Haven
06502	CT	New Haven
06503	CT	New Haven
06504	CT	New Haven
06505	CT	New Haven
06506	CT	New Haven
06507	CT	New Haven
06508	CT	New Haven
06509	CT	New Haven
06510	CT	New Haven
06511	CT	New Haven
06512	CT	New Haven|East Haven
06513	CT	New Haven|East Haven
06514	CT	Hamden
06515	CT	New Haven
06516	CT	West Haven
06517	CT	Hamden
06518	CT	Hamden|Quinnipiac University
06519	CT	New Haven
06520	CT	New Haven
06521	CT	New Haven
06524	CT	Bethany
06525	CT	New Haven
06530	CT	New Haven
06531	CT	New Haven
06532	CT	New Haven
06533	CT	New Haven
06534	CT	New Haven
06535	CT	New Haven
06536	CT	New Haven
06537	CT	New Haven
06538	CT	New Haven
06540	CT	New Haven
06601	CT	Bridgeport
06602	CT	Bridgeport
06604	CT	Bridgeport
06605	CT	Bridgeport
06606	CT	Bridgeport
06607	CT	Bridgeport
06608	CT	Bridgeport
06610	CT	Bridgeport
06611	CT	Trumbull|Trumbull Center|Daniels Farm|Tashua|Long Hill
06612	CT	Easton|Plattsville
06614	CT	Stratford|Oronoque|Stratford Downtown
06615	CT	Stratford|Lordship|Stratford Downtown
06673	CT	Bridgeport
06699	CT	Bridgeport
06701	CT	Waterbury
06702	CT	Waterbury
06703	CT	Waterbury
06704	CT	Waterbury
06705	CT	Waterbury
06706	CT	Waterbury
06708	CT	Waterbury
06710	CT	Waterbury
06712	CT	Prospect
06716	CT	Wolcott
06720	CT	Waterbury
06721	CT	Waterbury
06722	CT	Waterbury
06723	CT	Waterbury
06724	CT	Waterbury
06725	CT	Waterbury
06726	CT	Waterbury
06749	CT	Waterbury
06750	CT	Bantam
06751	CT	Bethlehem|Bethlehem Village
06752	CT	Bridgewater
06753	CT	Cornwall
06754	CT	Cornwall Bridge|Cornwall
06755	CT	Gaylordsville
06756	CT	Goshen
06757	CT	Kent
06758	CT	Lakeside
06759	CT	Litchfield
06762	CT	Middlebury
06763	CT	Morris
06770	CT	Naugatuck
06776	CT	New Milford|Candlewood Lake Club|Chimney Point
06777	CT	New Preston Marble Dale|New Preston
06778	CT	Northfield
06779	CT	Oakville
06781	CT	Pequabuck
06782	CT	Plymouth
06783	CT	Roxbury
06784	CT	Sherman|Lakeside Woods|Sail Harbor
06785	CT	South Kent
06786	CT	Terryville
06787	CT	Thomaston
06790	CT	Torrington
06791	CT	Harwinton|Northwest Harwinton
06792	CT	Torrington
06793	CT	Washington
06794	CT	Washington Depot
06795	CT	Watertown|Oakville
06796	CT	West Cornwall|Cornwall
06798	CT	Woodbury|Woodbury Center
06801	CT	Bethel
06804	CT	Brookfield|Brookfield Center|Candlewood Orchards|Candlewood Shores|Candlewood Lake Club
06807	CT	Cos Cob
06810	CT	Danbury
06811	CT	Danbury
06812	CT	New Fairfield|Ball Pond|Bigelow Corners|Taylor Corners|Inglenook|Candlewood Isle|Sail Harbor|Knollcrest|Candlewood Knolls|Bogus Hill|Kellogg Point
06813	CT	Danbury
06814	CT	Danbury
06816	CT	Danbury
06817	CT	Danbury
06820	CT	Darien|Tokeneke|Noroton|Noroton Heights|Darien Downtown
06824	CT	Fairfield|Murray|Mill Plain|Fairfield University
06825	CT	Fairfield|Plattsville|Sacred Heart University
06828	CT	Fairfield
06829	CT	Georgetown
06830	CT	Greenwich|Indian Field|Byram|Cos Cob
06831	CT	Greenwich|Rock Ridge|Glenville|Pemberwick
06836	CT	Greenwich
06838	CT	Greens Farms
06840	CT	New Canaan
06850	CT	Norwalk
06851	CT	Norwalk
06852	CT	Norwalk
06853	CT	Norwalk
06854	CT	Norwalk
06855	CT	Norwalk
06856	CT	Norwalk
06857	CT	Norwalk
06858	CT	Norwalk
06860	CT	Norwalk
06870	CT	Old Greenwich
06875	CT	Redding Center
06876	CT	Redding Ridge
06877	CT	Ridgefield|Ridgebury|West Mountain|Lakes West|Lakes East|Route 7 Gateway|Mamanasco Lake|Branchville
06878	CT	Riverside
06879	CT	Ridgefield
06880	CT	Westport|Staples|Greens Farms|Coleytown|Old Hill|Saugatuck|Compo|Westport Village|Poplar Plains
06881	CT	Westport
06883	CT	Weston|Georgetown
06888	CT	Westport
06889	CT	Westport
06890	CT	Southport
06896	CT	Redding|Redding Center|Georgetown|Topstone
06897	CT	Wilton|Georgetown|South Wilton|Wilton Center|Cannondale
06901	CT	Stamford
06902	CT	Stamford
06903	CT	Stamford
06904	CT	Stamford
06905	CT	Stamford
06906	CT	Stamford
06907	CT	Stamford
06910	CT	Stamford
06911	CT	Stamford
06912	CT	Stamford
06913	CT	Stamford
06914	CT	Stamford
06920	CT	Stamford
06921	CT	Stamford
06922	CT	Stamford
06926	CT	Stamford
06927	CT	Stamford
07001	NJ	Avenel|Port Reading
07002	NJ	Bayonne
07003	NJ	Bloomfield|Brookdale|Watsessing|Ampere North|Silver Lake
07004	NJ	Fairfield
07005	NJ	Boonton
07006	NJ	Caldwell|North Caldwell
07007	NJ	Caldwell
07008	NJ	Carteret
07009	NJ	Cedar Grove
07010	NJ	Cliffside Park
07011	NJ	Clifton
07012	NJ	Clifton
07013	NJ	Clifton
07014	NJ	Clifton
07015	NJ	Clifton
07016	NJ	Cranford
07017	NJ	East Orange
07018	NJ	East Orange
07019	NJ	East Orange
07020	NJ	Edgewater
07021	NJ	Essex Fells
07022	NJ	Fairview
07023	NJ	Fanwood
07024	NJ	Fort Lee
07026	NJ	Garfield
07027	NJ	Garwood
07028	NJ	Glen Ridge
07029	NJ	Harrison|East Newark
07030	NJ	Hoboken
07031	NJ	North Arlington
07032	NJ	Kearny
07033	NJ	Kenilworth
07034	NJ	Lake Hiawatha
07035	NJ	Lincoln Park
07036	NJ	Linden
07039	NJ	Livingston
07040	NJ	Maplewood
07041	NJ	Millburn
07042	NJ	Montclair
07043	NJ	Montclair|Upper Montclair|Montclair State University
07044	NJ	Verona
07045	NJ	Montville|Pine Brook
07046	NJ	Mountain Lakes
07047	NJ	North Bergen
07050	NJ	Orange
07051	NJ	Orange
07052	NJ	West Orange|Pleasantdale|Llewellyn Park
07054	NJ	Parsippany|Troy Hills|Rainbow Lakes
07055	NJ	Passaic
07057	NJ	Wallington
07058	NJ	Pine Brook
07059	NJ	Warren
07060	NJ	Plainfield|North Plainfield
07061	NJ	Plainfield
07062	NJ	Plainfield|North Plainfield
07063	NJ	Plainfield|North Plainfield
07064	NJ	Port Reading
07065	NJ	Rahway
07066	NJ	Clark
07067	NJ	Colonia
07068	NJ	Roseland
07069	NJ	Watchung
07070	NJ	Rutherford
07071	NJ	Lyndhurst
07072	NJ	Carlstadt
07073	NJ	East Rutherford
07074	NJ	Moonachie
07075	NJ	Wood-Ridge|Wood Ridge
07076	NJ	Scotch Plains
07077	NJ	Sewaren|Port Reading
07078	NJ	Short Hills
07079	NJ	South Orange
07080	NJ	South Plainfield
07081	NJ	Springfield
07082	NJ	Towaco
07083	NJ	Union|Vauxhall|Kean University|Connecticut Farms
07086	NJ	Weehawken
07087	NJ	Union City
07088	NJ	Vauxhall
07090	NJ	Westfield
07091	NJ	Westfield
07092	NJ	Mountainside
07093	NJ	West New York|Guttenberg
07094	NJ	Secaucus
07095	NJ	Woodbridge
07096	NJ	Secaucus
07097	NJ	Jersey City
07099	NJ	Kearny
07101	NJ	Newark
07102	NJ	Newark
07103	NJ	Newark
07104	NJ	Newark
07105	NJ	Newark
07106	NJ	Newark
07107	NJ	Newark
07108	NJ	Newark
07109	NJ	Belleville|Silver Lake
07110	NJ	Nutley
07111	NJ	Irvington
07112	NJ	Newark
07114	NJ	Newark
07175	NJ	Newark
07184	NJ	Newark
07188	NJ	Newark
07189	NJ	Newark
07191	NJ	Newark
07192	NJ	Newark
07193	NJ	Newark
07195	NJ	Newark
07198	NJ	Newark
07199	NJ	Newark
07201	NJ	Elizabeth
07202	NJ	Elizabeth
07203	NJ	Roselle
07204	NJ	Roselle Park
07205	NJ	Hillside|Kean University
07206	NJ	Elizabeth|Elizabethport
07207	NJ	Elizabeth
07208	NJ	Elizabeth
07302	NJ	Jersey City
07303	NJ	Jersey City
07304	NJ	Jersey City
07305	NJ	Jersey City
07306	NJ	Jersey City
07307	NJ	Jersey City
07308	NJ	Jersey City
07310	NJ	Jersey City
07311	NJ	Jersey City
07395	NJ	Jersey City
07399	NJ	Jersey City
07401	NJ	Allendale
07403	NJ	Bloomingdale
07405	NJ	Kinnelon|Butler
07407	NJ	Elmwood Park
07410	NJ	Fair Lawn
07416	NJ	Franklin
07417	NJ	Franklin Lakes
07418	NJ	Glenwood|Vernon Valley
07419	NJ	Hamburg
07420	NJ	Wanaque|Haskell|Bloomingdale
07421	NJ	Hewitt|Upper Greenwood Lake
07422	NJ	Highland Lakes
07423	NJ	Ho-Ho-Kus|Ho Ho Kus
07424	NJ	Woodland Park|Little Falls|Great Notch|Singac|Montclair State University
07428	NJ	Mc Afee
07430	NJ	Mahwah|Ramapo College of New Jersey
07432	NJ	Midland Park
07435	NJ	Newfoundland
07436	NJ	Oakland
07438	NJ	Oak Ridge
07439	NJ	Ogdensburg
07440	NJ	Pequannock
07442	NJ	Pompton Lakes
07444	NJ	Pompton Plains
07446	NJ	Ramsey
07450	NJ	Ridgewood
07451	NJ	Ridgewood
07452	NJ	Glen Rock
07456	NJ	Ringwood
07457	NJ	Riverdale
07458	NJ	Upper Saddle River|Saddle River
07460	NJ	Stockholm
07461	NJ	Sussex|Vernon Valley
07462	NJ	Vernon|Vernon Center|Highland Lakes
07463	NJ	Waldwick
07465	NJ	Wanaque|Bloomingdale
07470	NJ	Wayne|Preakness|Packanack Lake|Pines Lake|William Paterson University of New Jersey
07474	NJ	Wayne
07480	NJ	West Milford|Macopin
07481	NJ	Wyckoff
07495	NJ	Mahwah
07501	NJ	Paterson
07502	NJ	Paterson
07503	NJ	Paterson
07504	NJ	Paterson
07505	NJ	Paterson
07506	NJ	Hawthorne
07507	NJ	Hawthorne
07508	NJ	North Haledon|Haledon|Prospect Park
07509	NJ	Paterson
07510	NJ	Paterson
07511	NJ	Totowa
07512	NJ	Totowa
07513	NJ	Paterson
07514	NJ	Paterson
07522	NJ	Paterson
07524	NJ	Paterson
07533	NJ	Paterson
07538	NJ	Haledon
07543	NJ	Paterson
07544	NJ	Paterson
07601	NJ	Hackensack
07602	NJ	Hackensack
07603	NJ	Bogota
07604	NJ	Hasbrouck Heights
07605	NJ	Leonia
07606	NJ	South Hackensack
07607	NJ	Maywood
07608	NJ	Teterboro|Moonachie
07620	NJ	Alpine
07621	NJ	Bergenfield
07624	NJ	Closter
07626	NJ	Cresskill
07627	NJ	Demarest
07628	NJ	Dumont
07630	NJ	Emerson
07631	NJ	Englewood
07632	NJ	Englewood Cliffs
07640	NJ	Harrington Park
07641	NJ	Haworth
07642	NJ	Hillsdale
07643	NJ	Little Ferry
07644	NJ	Lodi
07645	NJ	Montvale
07646	NJ	New Milford
07647	NJ	Northvale|Rockleigh
07648	NJ	Norwood
07649	NJ	Oradell
07650	NJ	Palisades Park
07652	NJ	Paramus
07653	NJ	Paramus
07656	NJ	Park Ridge
07657	NJ	Ridgefield
07660	NJ	Ridgefield Park
07661	NJ	River Edge
07662	NJ	Rochelle Park
07663	NJ	Saddle Brook
07666	NJ	Teaneck
07670	NJ	Tenafly
07675	NJ	Westwood|Old Tappan
07676	NJ	Township Of Washington
07677	NJ	Woodcliff Lake
07699	NJ	Teterboro
07701	NJ	Red Bank|Fairview
07702	NJ	Shrewsbury
07703	NJ	Eatontown|Fort Monmouth|Oceanport
07704	NJ	Fair Haven
07710	NJ	Adelphia
07711	NJ	Allenhurst|Loch Arbour
07712	NJ	Asbury Park|Tinton Falls|Interlaken|Wanamassa
07715	NJ	Belmar
07716	NJ	Atlantic Highlands|Navesink
07717	NJ	Avon-by-the-Sea|Avon By The Sea
07718	NJ	Belford|Port Monmouth
07719	NJ	Belmar|Lake Como|West Belmar|Allenwood
07720	NJ	Bradley Beach
07721	NJ	Cliffwood|Laurence Harbor
07722	NJ	Colts Neck
07723	NJ	Deal
07724	NJ	Tinton Falls|Eatontown
07726	NJ	Englishtown|Yorketown|Robertsville
07727	NJ	Farmingdale|Tinton Falls
07728	NJ	Freehold|West Freehold|East Freehold
07730	NJ	Hazlet|Union Beach
07731	NJ	Howell|Ramtown
07732	NJ	Highlands
07733	NJ	Holmdel
07734	NJ	Keansburg
07735	NJ	Keyport|Union Beach|Cliffwood Beach|Laurence Harbor
07737	NJ	Leonardo|Belford
07738	NJ	Lincroft
07739	NJ	Little Silver
07740	NJ	Long Branch
07746	NJ	Marlboro|Robertsville
07747	NJ	Matawan|Strathmore|Brownville
07748	NJ	Middletown|North Middletown|Port Monmouth
07750	NJ	Monmouth Beach
07751	NJ	Morganville|Robertsville
07752	NJ	Navesink
07753	NJ	Neptune|Tinton Falls|Neptune City|Shark River Hills
07754	NJ	Neptune
07755	NJ	Oakhurst
07756	NJ	Ocean Grove
07757	NJ	Oceanport
07758	NJ	Port Monmouth|Belford
07760	NJ	Rumson|Sea Bright|Navesink
07762	NJ	Spring Lake|Spring Lake Heights
07763	NJ	Tennent
07764	NJ	West Long Branch
07765	NJ	Wickatunk
07799	NJ	Eatontown
07801	NJ	Dover|Victory Gardens|Mount Hope
07802	NJ	Dover
07803	NJ	Mine Hill
07806	NJ	Picatinny Arsenal
07820	NJ	Allamuchy
07821	NJ	Andover|Hopatcong|Lake Mohawk|Johnsonburg
07822	NJ	Augusta|Ross Corner
07823	NJ	Belvidere|Mountain Lake|Bridgeville|Brookfield|Buttzville
07825	NJ	Blairstown|Marksboro|Silver Lake|Mount Hermon|Hope|Johnsonburg
07826	NJ	Branchville|Layton
07827	NJ	Montague
07828	NJ	Budd Lake
07829	NJ	Buttzville
07830	NJ	Califon
07831	NJ	Changewater
07832	NJ	Columbia|Hainesburg|Delaware
07833	NJ	Delaware
07834	NJ	Denville|Rainbow Lakes|White Meadow Lake|Mount Tabor
07836	NJ	Flanders|Ledgewood|Budd Lake
07837	NJ	Glasser
07838	NJ	Great Meadows|Allamuchy|Panther Valley
07839	NJ	Greendell
07840	NJ	Hackettstown|Beattystown|Panther Valley|Vienna|Allamuchy
07842	NJ	Hibernia
07843	NJ	Hopatcong
07844	NJ	Hope
07845	NJ	Ironia
07846	NJ	Johnsonburg
07847	NJ	Kenvil
07848	NJ	Lafayette
07849	NJ	Lake Hopatcong
07850	NJ	Landing|Mount Arlington|Port Morris
07851	NJ	Layton
07852	NJ	Ledgewood
07853	NJ	Long Valley
07855	NJ	Middleville
07856	NJ	Mount Arlington
07857	NJ	Netcong
07860	NJ	Newton|Crandon Lakes|Johnsonburg
07863	NJ	Oxford|Buttzville
07865	NJ	Port Murray|Anderson|Port Colden
07866	NJ	Rockaway|White Meadow Lake|Lake Telemark|Hibernia|Mount Hope
07869	NJ	Randolph
07870	NJ	Schooleys Mountain
07871	NJ	Sparta|Lake Mohawk
07874	NJ	Stanhope|Hopatcong|Byram Center
07875	NJ	Stillwater
07876	NJ	Succasunna
07877	NJ	Swartswood
07878	NJ	Mount Tabor
07879	NJ	Tranquility
07880	NJ	Vienna
07881	NJ	Wallpack Center
07882	NJ	Washington|Brass Castle|Port Colden|Broadway|Anderson
07885	NJ	Wharton|Lake Hopatcong|Mount Hope|Lower Berkshire Valley|Hibernia
07890	NJ	Branchville
07901	NJ	Summit|New Providence
07902	NJ	Summit
07920	NJ	Basking Ridge|Lyons|Liberty Corner|The Hills|New Vernon|Pluckemin
07921	NJ	Bedminster|Lamington|The Hills|Pluckemin
07922	NJ	Berkeley Heights
07924	NJ	Bernardsville
07926	NJ	Brookside
07927	NJ	Cedar Knolls
07928	NJ	Chatham|Green Village
07930	NJ	Chester
07931	NJ	Far Hills|Peapack and Gladstone|Bernardsville|Bedminster|Pottersville|Liberty Corner
07932	NJ	Florham Park
07933	NJ	Gillette|Stirling
07934	NJ	Peapack and Gladstone|Gladstone
07935	NJ	Green Village
07936	NJ	East Hanover
07938	NJ	Liberty Corner
07939	NJ	Lyons
07940	NJ	Madison|Florham Park
07945	NJ	Mendham|Brookside
07946	NJ	Millington
07950	NJ	Morris Plains|Mount Tabor
07960	NJ	Morristown|Brookside|New Vernon|Green Village
07961	NJ	Florham Park|Convent Station
07962	NJ	Morristown
07963	NJ	Morristown
07970	NJ	Mount Freedom
07974	NJ	New Providence
07976	NJ	New Vernon
07977	NJ	Peapack and Gladstone|Peapack
07978	NJ	Pluckemin
07979	NJ	Pottersville
07980	NJ	Stirling
07981	NJ	Whippany
07999	NJ	Whippany
08001	NJ	Alloway
08002	NJ	Cherry Hill|Cherry Hill Mall|Golden Triangle|Ellisburg
08003	NJ	Cherry Hill|Springdale|Greentree|Ashland
08004	NJ	Atco
08005	NJ	Barnegat|Ocean Acres
08006	NJ	Barnegat Light
08007	NJ	Barrington|Runnemede
08008	NJ	Beach Haven|Surf City|Ship Bottom|Harvey Cedars|North Beach Haven
08009	NJ	Berlin|Pine Hill
08010	NJ	Beverly
08011	NJ	Birmingham
08012	NJ	Blackwood|Turnersville|Grenloch
08014	NJ	Bridgeport
08015	NJ	Browns Mills|Country Lake Estates|Presidential Lakes Estates
08016	NJ	Burlington
08018	NJ	Cedar Brook
08019	NJ	Chatsworth
08020	NJ	Clarksboro|Mount Royal
08021	NJ	Clementon|Lindenwold|Pine Hill|Pine Valley|Laurel Springs
08022	NJ	Columbus|Juliustown
08023	NJ	Deepwater|Pennsville|Carneys Point
08025	NJ	Ewan
08026	NJ	Gibbsboro
08027	NJ	Gibbstown
08028	NJ	Glassboro
08029	NJ	Glendora
08030	NJ	Gloucester City|Brooklawn
08031	NJ	Bellmawr
08032	NJ	Grenloch
08033	NJ	Haddonfield|Barrington|Tavistock|Westmont
08034	NJ	Cherry Hill|Barclay|Ashland|Kingston Estates|Greentree|Cherry Hill Mall|Ellisburg
08035	NJ	Haddon Heights
08036	NJ	Hainesport
08037	NJ	Hammonton|Folsom|Sweetwater|Nesco|Elwood
08038	NJ	Hancocks Bridge
08039	NJ	Harrisonville
08041	NJ	Jobstown
08042	NJ	Juliustown|Wrightstown
08043	NJ	Voorhees|Echelon
08045	NJ	Lawnside
08046	NJ	Willingboro
08048	NJ	Lumberton
08049	NJ	Magnolia
08050	NJ	Manahawkin|Ocean Acres|Beach Haven West
08051	NJ	Mantua
08052	NJ	Maple Shade
08053	NJ	Marlton
08054	NJ	Mount Laurel|Ramblewood
08055	NJ	Medford|Medford Lakes
08056	NJ	Mickleton
08057	NJ	Moorestown|Moorestown-Lenola
08059	NJ	Mount Ephraim
08060	NJ	Mount Holly
08061	NJ	Mount Royal
08062	NJ	Mullica Hill|Richwood|Harrisonville
08063	NJ	National Park
08064	NJ	New Lisbon
08065	NJ	Palmyra
08066	NJ	Paulsboro
08067	NJ	Pedricktown
08068	NJ	Pemberton|Pemberton Heights
08069	NJ	Penns Grove|Carneys Point
08070	NJ	Pennsville
08071	NJ	Pitman|Richwood
08072	NJ	Quinton
08073	NJ	Rancocas
08074	NJ	Richwood
08075	NJ	Riverside
08076	NJ	Riverton
08077	NJ	Riverton
08078	NJ	Runnemede
08079	NJ	Salem|Quinton|Alloway|Hancocks Bridge
08080	NJ	Sewell|Turnersville|Grenloch
08081	NJ	Sicklerville
08083	NJ	Somerdale|Hi-Nella
08084	NJ	Stratford
08085	NJ	Swedesboro|Beckett|Auburn|Harrisonville
08086	NJ	Thorofare
08087	NJ	Tuckerton|Mystic Island|New Gretna
08088	NJ	Vincentown|Leisuretowne
08089	NJ	Waterford Works|Chesilhurst
08090	NJ	Wenonah|Oak Valley
08091	NJ	West Berlin
08092	NJ	West Creek
08093	NJ	Westville
08094	NJ	Williamstown|Clayton|Folsom|Victory Lakes|Collings Lakes
08095	NJ	Winslow
08096	NJ	Deptford|Woodbury
08097	NJ	Woodbury Heights
08098	NJ	Woodstown|Auburn|Alloway
08099	NJ	Bellmawr
08101	NJ	Camden
08102	NJ	Camden
08103	NJ	Camden
08104	NJ	Camden|Woodlynne
08105	NJ	Camden
08106	NJ	Audubon|Audubon Park
08107	NJ	Oaklyn|Collingswood|Woodlynne|Westmont
08108	NJ	Collingswood|Westmont
08109	NJ	Merchantville
08110	NJ	Pennsauken
08201	NJ	Absecon
08202	NJ	Avalon
08203	NJ	Brigantine
08204	NJ	Cape May|West Cape May|Erma|North Cape May
08205	NJ	Absecon|Smithville|Pomona|Absecon Highlands|Oceanville|Leeds Point
08210	NJ	Cape May Court House|South Dennis|Whitesboro|South Seaville|Goshen|Burleigh
08212	NJ	Cape May Point
08213	NJ	Cologne
08214	NJ	Dennisville
08215	NJ	Egg Harbor City|Germania|Elwood|Cologne|Pomona
08217	NJ	Elwood
08218	NJ	Goshen
08219	NJ	Green Creek
08220	NJ	Leeds Point
08221	NJ	Linwood
08223	NJ	Marmora|Beesleys Point|Palermo
08224	NJ	New Gretna
08225	NJ	Northfield
08226	NJ	Ocean City
08230	NJ	Ocean View|Seaville|Palermo|South Seaville
08231	NJ	Oceanville
08232	NJ	Pleasantville
08234	NJ	Egg Harbor Township|English Creek|Bargaintown
08240	NJ	Pomona|Stockton University
08241	NJ	Port Republic
08242	NJ	Rio Grande|Whitesboro
08243	NJ	Sea Isle City
08244	NJ	Somers Point
08245	NJ	South Dennis
08246	NJ	South Seaville
08247	NJ	Stone Harbor
08248	NJ	Strathmere
08250	NJ	Tuckahoe
08251	NJ	Villas
08252	NJ	Whitesboro
08260	NJ	Wildwood|North Wildwood|Wildwood Crest|West Wildwood|Diamond Beach
08270	NJ	Woodbine|Estell Manor|Corbin City|Belleplain|Dennisville|Marshallville|Tuckahoe
08302	NJ	Bridgeton|Fairton|Gouldtown|Rosenhayn|Seabrook Farms|Carlls Corner|Deerfield Street|Silver Lake|West Park|Roadstown|Sunset Lake|Seeley|Dutch Neck|Marlboro|Lakeside-Beebe Run|Laurel Heights|Arrowhead Lake|Sheppards Mill
08310	NJ	Buena|Richland
08311	NJ	Cedarville|Centre Grove
08312	NJ	Clayton
08313	NJ	Deerfield Street
08314	NJ	Delmont
08315	NJ	Dividing Creek
08316	NJ	Dorchester
08317	NJ	Dorothy|Estell Manor
08318	NJ	Elmer|Olivet|Deerfield Street
08319	NJ	Estell Manor
08320	NJ	Fairton
08321	NJ	Fortescue
08322	NJ	Franklinville|Clayton
08323	NJ	Greenwich|Othello|Sheppards Mill
08324	NJ	Heislerville
08326	NJ	Buena|Landisville
08327	NJ	Leesburg|Dorchester
08328	NJ	Malaga
08329	NJ	Mauricetown
08330	NJ	Mays Landing|Estell Manor|Corbin City|McKee City|Mizpah|Newtonville|Milmay|Cologne
08332	NJ	Millville|Vineland|Centre Grove|Cumberland-Hesstown|Laurel Lake|Mauricetown|Port Elizabeth
08340	NJ	Milmay
08341	NJ	Buena|Minotola
08342	NJ	Mizpah
08343	NJ	Monroeville
08344	NJ	Newfield|Vineland|Buena|Malaga
08345	NJ	Newport|Money Island|Gandys Beach
08346	NJ	Newtonville
08347	NJ	Norma
08348	NJ	Port Elizabeth
08349	NJ	Port Norris|Dividing Creek|Mauricetown
08350	NJ	Richland
08352	NJ	Rosenhayn
08353	NJ	Shiloh
08360	NJ	Vineland|Buena|East Vineland|Milmay
08361	NJ	Vineland
08362	NJ	Vineland
08401	NJ	Atlantic City
08402	NJ	Margate City
08403	NJ	Longport
08404	NJ	Atlantic City
08405	NJ	Atlantic City
08406	NJ	Ventnor City
08501	NJ	Allentown
08502	NJ	Belle Mead|Harlingen
08504	NJ	Blawenburg
08505	NJ	Bordentown|Fieldsboro
08510	NJ	Millstone Township
08511	NJ	Cookstown
08512	NJ	Cranbury|Princeton Meadows
08514	NJ	Cream Ridge
08515	NJ	Chesterfield|Crosswicks
08518	NJ	Florence
08520	NJ	Hightstown|Twin Rivers
08525	NJ	Hopewell
08526	NJ	Imlaystown
08527	NJ	Jackson|Vista Center
08528	NJ	Kingston
08530	NJ	Lambertville
08533	NJ	New Egypt
08534	NJ	Pennington
08535	NJ	Millstone Township
08536	NJ	Plainsboro|Princeton Meadows|Plainsboro Center
08540	NJ	Princeton|East Rocky Hill|Griggstown|Ten Mile Run|Heathcote|Kingston|Princeton Junction
08541	NJ	Princeton
08542	NJ	Princeton
08543	NJ	Princeton
08544	NJ	Princeton
08550	NJ	Princeton Junction
08551	NJ	Ringoes
08553	NJ	Rocky Hill
08554	NJ	Roebling
08555	NJ	Roosevelt
08556	NJ	Rosemont
08557	NJ	Sergeantsville
08558	NJ	Skillman|Blawenburg
08559	NJ	Stockton|Ringoes
08560	NJ	Titusville|Washington Crossing
08561	NJ	Windsor
08562	NJ	Wrightstown|Cookstown
08601	NJ	Trenton
08602	NJ	Trenton
08603	NJ	Trenton
08604	NJ	Trenton
08605	NJ	Trenton
08606	NJ	Trenton
08607	NJ	Trenton
08608	NJ	Trenton
08609	NJ	Trenton
08610	NJ	Trenton|White Horse
08611	NJ	Trenton
08618	NJ	Trenton|The College of New Jersey
08619	NJ	Trenton|Mercerville
08620	NJ	Trenton|Yardville|Groveville
08625	NJ	Trenton
08628	NJ	Trenton
08629	NJ	Trenton
08638	NJ	Trenton|The College of New Jersey
08640	NJ	Joint Base Mdl|Wrightstown|Fort Dix
08641	NJ	Joint Base Mdl|McGuire AFB
08644	NJ	Trenton
08645	NJ	Trenton
08646	NJ	Trenton
08647	NJ	Trenton
08648	NJ	Lawrence Township|Lawrenceville
08650	NJ	Trenton
08666	NJ	Trenton
08690	NJ	Trenton|Hamilton Square|Mercerville|White Horse
08691	NJ	Trenton|Yardville|Robbinsville Center|Hamilton Square|Groveville
08695	NJ	Trenton
08701	NJ	Lakewood|Leisure Village East|Leisure Village
08720	NJ	Allenwood
08721	NJ	Bayville
08722	NJ	Beachwood
08723	NJ	Brick
08724	NJ	Brick|Allenwood
08730	NJ	Brielle
08731	NJ	Forked River
08732	NJ	Island Heights
08733	NJ	Lakehurst
08734	NJ	Lanoka Harbor
08735	NJ	Lavallette|Dover Beaches North
08736	NJ	Manasquan
08738	NJ	Mantoloking
08739	NJ	Normandy Beach
08740	NJ	Ocean Gate
08741	NJ	Pine Beach
08742	NJ	Point Pleasant|Point Pleasant Beach|Bay Head
08750	NJ	Sea Girt
08751	NJ	Seaside Heights|Dover Beaches South
08752	NJ	Seaside Park
08753	NJ	Toms River|Island Heights
08754	NJ	Toms River
08755	NJ	Toms River
08756	NJ	Toms River
08757	NJ	Toms River|South Toms River|Holiday City-Berkeley|Holiday Heights|Pine Lake Park|Holiday City South|Silver Ridge
08758	NJ	Waretown
08759	NJ	Manchester Township|Crestwood Village|Pine Ridge at Crestwood|Leisure Village West|Cedar Glen West|Leisure Knoll|Cedar Glen Lakes|Pine Lake Park
08801	NJ	Annandale
08802	NJ	Asbury
08803	NJ	Baptistown
08804	NJ	Bloomsbury
08805	NJ	Bound Brook|Martinsville
08807	NJ	Bridgewater|Martinsville|Bridgewater Center|Green Knoll|Bradley Gardens|Finderne
08808	NJ	Broadway
08809	NJ	Clinton|Annandale
08810	NJ	Dayton
08812	NJ	Dunellen
08816	NJ	East Brunswick
08817	NJ	Edison|Rutgers University-Livingston Campus
08818	NJ	Edison
08820	NJ	Edison
08821	NJ	Flagtown
08822	NJ	Flemington|Three Bridges
08823	NJ	Franklin Park|Pleasant Plains
08824	NJ	Kendall Park|Heathcote
08825	NJ	Frenchtown
08826	NJ	Glen Gardner
08827	NJ	Hampton
08828	NJ	Helmetta
08829	NJ	High Bridge
08830	NJ	Iselin
08831	NJ	Monroe Township|Jamesburg|Forsgate|Concordia|Clearbrook|Regency at Monroe|Whittingham|Rossmoor|Stonebridge|Monroe Manor|The Ponds|Encore at Monroe|Renaissance at Monroe
08832	NJ	Keasbey
08833	NJ	Lebanon|White House Station|Oldwick
08834	NJ	Little York
08835	NJ	Manville
08836	NJ	Martinsville
08837	NJ	Edison|Fords
08840	NJ	Metuchen|Menlo Park Terrace
08844	NJ	Hillsborough|Millstone|Blackwells Mills|Neshanic|Belle Mead|Flagtown
08846	NJ	Middlesex
08848	NJ	Milford
08850	NJ	Milltown
08852	NJ	Monmouth Junction|Heathcote|Kendall Park|Deans
08853	NJ	Neshanic Station
08854	NJ	Piscataway|Rutgers University-Livingston Campus|Rutgers University-Busch Campus
08855	NJ	Piscataway
08857	NJ	Old Bridge|Brownville|Madison Park
08858	NJ	Oldwick
08859	NJ	Sayreville|Parlin|Madison Park
08861	NJ	Perth Amboy|Hopelawn
08862	NJ	Perth Amboy
08863	NJ	Fords
08865	NJ	Phillipsburg|Alpha|Finesville|Harmony|Hutchinson|Upper Pohatcong|Delaware Park|Brainards
08867	NJ	Pittstown
08868	NJ	Quakertown
08869	NJ	Raritan
08870	NJ	Readington
08871	NJ	Sayreville
08872	NJ	Sayreville
08873	NJ	Somerset|Six Mile Run|Franklin Center|East Millstone|Middlebush|Pleasant Plains|Weston|Blackwells Mills|East Franklin|Franklin Park|Voorhees|Clyde|Zarephath
08875	NJ	Somerset
08876	NJ	Somerville
08879	NJ	South Amboy|Sayreville|Laurence Harbor|Madison Park
08880	NJ	South Bound Brook
08882	NJ	South River
08884	NJ	Spotswood
08885	NJ	Stanton
08886	NJ	Stewartsville|New Village|Greenwich|Lopatcong Overlook|Upper Stewartsville
08887	NJ	Three Bridges
08888	NJ	Whitehouse
08889	NJ	Whitehouse Station|White House Station|Oldwick
08890	NJ	Zarephath
08899	NJ	Edison
08901	NJ	New Brunswick
08902	NJ	North Brunswick
08903	NJ	New Brunswick
08904	NJ	Highland Park
08906	NJ	New Brunswick
08933	NJ	New Brunswick
08989	NJ	New Brunswick
10001	NY	New York
10002	NY	New York
10003	NY	New York
10004	NY	New York
10005	NY	New York
10006	NY	New York
10007	NY	New York
10008	NY	New York
10009	NY	New York
10010	NY	New York
10011	NY	New York
10012	NY	New York
10013	NY	New York
10014	NY	New York
10016	NY	New York
10017	NY	New York
10018	NY	New York
10019	NY	New York
10020	NY	New York
10021	NY	New York
10022	NY	New York
10023	NY	New York
10024	NY	New York
10025	NY	New York
10026	NY	New York
10027	NY	New York
10028	NY	New York
10029	NY	New York
10030	NY	New York
10031	NY	New York
10032	NY	New York
10033	NY	New York
10034	NY	New York
10035	NY	New York
10036	NY	New York
10037	NY	New York
10038	NY	New York
10039	NY	New York
10040	NY	New York
10041	NY	New York
10043	NY	New York
10044	NY	New York
10045	NY	New York
10055	NY	New York
10060	NY	New York
10065	NY	New York
10069	NY	New York
10075	NY	New York
10080	NY	New York
10081	NY	New York
10087	NY	New York
10090	NY	New York
10101	NY	New York
10102	NY	New York
10103	NY	New York
10104	NY	New York
10105	NY	New York
10106	NY	New York
10107	NY	New York
10108	NY	New York
10109	NY	New York
10110	NY	New York
10111	NY	New York
10112	NY	New York
10113	NY	New York
10114	NY	New York
10115	NY	New York
10116	NY	New York
10117	NY	New York
10118	NY	New York
10119	NY	New York
10120	NY	New York
10121	NY	New York
10122	NY	New York
10123	NY	New York
10124	NY	New York
10125	NY	New York
10126	NY	New York
10128	NY	New York
10129	NY	New York
10130	NY	New York
10131	NY	New York
10132	NY	New York
10133	NY	New York
10138	NY	New York
10150	NY	New York
10151	NY	New York
10152	NY	New York
10153	NY	New York
10154	NY	New York
10155	NY	New York
10156	NY	New York
10157	NY	New York
10158	NY	New York
10159	NY	New York
10160	NY	New York
10161	NY	New York
10162	NY	New York
10163	NY	New York
10164	NY	New York
10165	NY	New York
10166	NY	New York
10167	NY	New York
10168	NY	New York
10169	NY	New York
10170	NY	New York
10171	NY	New York
10172	NY	New York
10173	NY	New York
10174	NY	New York
10175	NY	New York
10176	NY	New York
10177	NY	New York
10178	NY	New York
10179	NY	New York
10185	NY	New York
10199	NY	New York
10203	NY	New York
10211	NY	New York
10212	NY	New York
10213	NY	New York
10242	NY	New York
10249	NY	New York
10256	NY	New York
10258	NY	New York
10259	NY	New York
10260	NY	New York
10261	NY	New York
10265	NY	New York
10268	NY	New York
10269	NY	New York
10270	NY	New York
10271	NY	New York
10272	NY	New York
10273	NY	New York
10274	NY	New York
10275	NY	New York
10276	NY	New York
10277	NY	New York
10278	NY	New York
10279	NY	New York
10280	NY	New York
10281	NY	New York
10282	NY	New York
10285	NY	New York
10286	NY	New York
10301	NY	New York|Staten Island
10302	NY	New York|Staten Island
10303	NY	New York|Staten Island
10304	NY	New York|Staten Island
10305	NY	New York|Staten Island
10306	NY	New York|Staten Island
10307	NY	New York|Staten Island
10308	NY	New York|Staten Island
10309	NY	New York|Staten Island
10310	NY	New York|Staten Island
10311	NY	New York|Staten Island
10312	NY	New York|Staten Island
10313	NY	Staten Island
10314	NY	New York|Staten Island
10451	NY	New York|Bronx
10452	NY	New York|Bronx
10453	NY	New York|Bronx
10454	NY	New York|Bronx
10455	NY	New York|Bronx
10456	NY	New York|Bronx
10457	NY	New York|Bronx
10458	NY	New York|Bronx
10459	NY	New York|Bronx
10460	NY	New York|Bronx
10461	NY	New York|Bronx
10462	NY	New York|Bronx
10463	NY	New York|Bronx
10464	NY	New York|Bronx
10465	NY	New York|Bronx
10466	NY	New York|Bronx
10467	NY	New York|Bronx
10468	NY	New York|Bronx
10469	NY	New York|Bronx
10470	NY	New York|Bronx
10471	NY	New York|Bronx
10472	NY	New York|Bronx
10473	NY	New York|Bronx
10474	NY	New York|Bronx
10475	NY	New York|Bronx
10501	NY	Amawalk
10502	NY	Ardsley
10503	NY	Irvington|Ardsley On Hudson
10504	NY	Armonk
10505	NY	Baldwin Place
10506	NY	Bedford
10507	NY	Bedford Hills
10509	NY	Brewster|Peach Lake|Brewster Hill|Putnam Lake|Brewster Heights
10510	NY	Briarcliff Manor
10511	NY	Buchanan
10512	NY	Carmel|Lake Carmel
10514	NY	Chappaqua
10516	NY	Cold Spring|Nelsonville
10517	NY	Crompond
10518	NY	Cross River
10519	NY	Croton Falls
10520	NY	Croton On Hudson|Croton-on-Hudson|Crugers|Montrose
10521	NY	Croton On Hudson
10522	NY	Dobbs Ferry
10523	NY	Elmsford
10524	NY	Garrison
10526	NY	Goldens Bridge|Golden's Bridge
10527	NY	Granite Springs
10528	NY	Harrison
10530	NY	Hartsdale|Greenville
10532	NY	Hawthorne
10533	NY	Irvington
10535	NY	Jefferson Valley|Jefferson Valley-Yorktown
10536	NY	Katonah|Golden's Bridge
10537	NY	Lake Peekskill
10538	NY	Larchmont
10540	NY	Lincolndale
10541	NY	Mahopac|Lincolndale
10542	NY	Mahopac Falls|Mahopac
10543	NY	Mamaroneck
10545	NY	Maryknoll
10546	NY	Millwood
10547	NY	Mohegan Lake|Lake Mohegan|Crompond|Shrub Oak
10548	NY	Montrose
10549	NY	Mount Kisco
10550	NY	Mount Vernon
10551	NY	Mount Vernon
10552	NY	Mount Vernon
10553	NY	Mount Vernon
10560	NY	North Salem|Peach Lake
10562	NY	Ossining
10566	NY	Peekskill
10567	NY	Cortlandt Manor|Crompond
10570	NY	Pleasantville|Thornwood
10573	NY	Rye Brook|Port Chester
10576	NY	Pound Ridge|Scotts Corners
10577	NY	Harrison|Purchase
10578	NY	Purdys
10579	NY	Putnam Valley
10580	NY	Rye|Harrison
10583	NY	Scarsdale|New Rochelle|Greenville|Eastchester|Hartsdale
10587	NY	Shenorock
10588	NY	Shrub Oak|Jefferson Valley-Yorktown|Lake Mohegan
10589	NY	Somers|Heritage Hills|Lincolndale
10590	NY	South Salem
10591	NY	Tarrytown|Sleepy Hollow
10594	NY	Thornwood
10595	NY	Valhalla
10596	NY	Verplanck
10597	NY	Waccabuc
10598	NY	Yorktown Heights|Jefferson Valley-Yorktown|Crompond|Shenorock
10601	NY	White Plains
10602	NY	White Plains
10603	NY	White Plains|Fairview
10604	NY	Harrison|West Harrison|White Plains|Rye Brook
10605	NY	White Plains
10606	NY	White Plains
10607	NY	White Plains|Fairview
10610	NY	White Plains
10701	NY	Yonkers
10702	NY	Yonkers
10703	NY	Yonkers
10704	NY	Yonkers
10705	NY	Yonkers
10706	NY	Hastings-on-Hudson|Hastings On Hudson
10707	NY	Yonkers|Tuckahoe
10708	NY	Bronxville|Yonkers|Eastchester
10709	NY	Eastchester
10710	NY	Yonkers
10801	NY	New Rochelle
10802	NY	New Rochelle
10803	NY	Pelham Manor|Pelham
10804	NY	New Rochelle
10805	NY	New Rochelle
10901	NY	Suffern|Montebello|Airmont|Wesley Hills|Pomona|Viola
10910	NY	Arden
10911	NY	Bear Mountain
10912	NY	Bellvale
10913	NY	Blauvelt
10914	NY	Blooming Grove
10915	NY	Bullville
10916	NY	Campbell Hall|Maybrook
10917	NY	Woodbury|Central Valley
10918	NY	Chester|Walton Park
10919	NY	Circleville
10920	NY	Congers|New City
10921	NY	Florida
10922	NY	Fort Montgomery
10923	NY	Garnerville|West Haverstraw|Thiells|Mount Ivy
10924	NY	Goshen
10925	NY	Greenwood Lake
10926	NY	Harriman|Woodbury
10927	NY	Haverstraw
10928	NY	Highland Falls|West Point|Fort Montgomery
10930	NY	Woodbury|Highland Mills
10931	NY	Hillburn
10932	NY	Howells
10933	NY	Johnson
10940	NY	Middletown|Mechanicstown|Washington Heights
10941	NY	Middletown|Scotchtown
10949	NY	Monroe
10950	NY	Monroe|South Blooming Grove|Kiryas Joel|Walton Park|Mountain Lodge Park
10952	NY	Monsey|Airmont|Wesley Hills|Chestnut Ridge|Spring Valley|Kaser|Viola
10953	NY	Mountainville
10954	NY	Nanuet|Bardonia|New City
10956	NY	New City
10958	NY	New Hampton
10959	NY	New Milford
10960	NY	Nyack|Upper Nyack|South Nyack|Grand View-on-Hudson|Piermont|Orangeburg|Valley Cottage
10962	NY	Orangeburg|Pearl River|Tappan
10963	NY	Otisville
10964	NY	Palisades|Tappan
10965	NY	Pearl River
10968	NY	Piermont
10969	NY	Pine Island
10970	NY	Pomona|Mount Ivy
10973	NY	Slate Hill
10974	NY	Sloatsburg
10975	NY	Southfields
10976	NY	Sparkill|Orangeburg
10977	NY	Spring Valley|Chestnut Ridge|New Hempstead|Wesley Hills|New Square|Hillcrest|Monsey
10979	NY	Sterling Forest
10980	NY	Stony Point
10981	NY	Sugar Loaf
10982	NY	Tallman
10983	NY	Tappan|Sparkill
10984	NY	Thiells
10985	NY	Thompson Ridge
10986	NY	Tomkins Cove
10987	NY	Tuxedo Park
10988	NY	Unionville
10989	NY	Valley Cottage|Congers
10990	NY	Warwick
10992	NY	Washingtonville
10993	NY	West Haverstraw
10994	NY	West Nyack|Bardonia|Valley Cottage|Pearl River|Nanuet
10996	NY	West Point
10997	NY	West Point
10998	NY	Westtown
11001	NY	Floral Park|New York|Bellerose|South Floral Park|Bellerose Terrace
11002	NY	Floral Park
11003	NY	Elmont|North Valley Stream|Franklin Square
11004	NY	New York|Glen Oaks
11005	NY	New York|Floral Park
11010	NY	Franklin Square|Garden City South
11020	NY	Lake Success|Great Neck|University Gardens|Manhasset
11021	NY	Great Neck|Great Neck Estates|Thomaston|Great Neck Plaza|Kensington|Russell Gardens|University Gardens|Saddle Rock Estates|Great Neck Gardens
11022	NY	Great Neck
11023	NY	Great Neck|Kings Point|Saddle Rock|Kensington|Great Neck Gardens|Harbor Hills|Saddle Rock Estates
11024	NY	Kings Point|Great Neck
11026	NY	Great Neck
11027	NY	Great Neck
11030	NY	Manhasset|North Hills|Flower Hill|Munsey Park|Plandome|Plandome Manor|Plandome Heights
11040	NY	New Hyde Park|North New Hyde Park|Garden City Park|Manhasset Hills|Herricks
11042	NY	Lake Success|New Hyde Park|North Hills|North New Hyde Park|Manhasset Hills
11050	NY	Port Washington|Sands Point|Port Washington North|Manorhaven|Flower Hill|Baxter Estates|Plandome Manor
11051	NY	Port Washington
11052	NY	Port Washington
11053	NY	Port Washington
11054	NY	Port Washington
11055	NY	Port Washington
11096	NY	Inwood
11101	NY	New York|Long Island City
11102	NY	New York|Astoria
11103	NY	New York|Astoria
11104	NY	New York|Sunnyside
11105	NY	New York|Astoria
11106	NY	New York|Astoria
11109	NY	New York|Long Island City
11120	NY	Long Island City
11201	NY	New York|Brooklyn
11202	NY	Brooklyn
11203	NY	New York|Brooklyn
11204	NY	New York|Brooklyn
11205	NY	New York|Brooklyn
11206	NY	New York|Brooklyn
11207	NY	New York|Brooklyn
11208	NY	New York|Brooklyn
11209	NY	New York|Brooklyn
11210	NY	New York|Brooklyn
11211	NY	New York|Brooklyn
11212	NY	New York|Brooklyn
11213	NY	New York|Brooklyn
11214	NY	New York|Brooklyn
11215	NY	New York|Brooklyn
11216	NY	New York|Brooklyn
11217	NY	New York|Brooklyn
11218	NY	New York|Brooklyn
11219	NY	New York|Brooklyn
11220	NY	New York|Brooklyn
11221	NY	New York|Brooklyn
11222	NY	New York|Brooklyn
11223	NY	New York|Brooklyn
11224	NY	New York|Brooklyn
11225	NY	New York|Brooklyn
11226	NY	New York|Brooklyn
11228	NY	New York|Brooklyn
11229	NY	New York|Brooklyn
11230	NY	New York|Brooklyn
11231	NY	New York|Brooklyn
11232	NY	New York|Brooklyn
11233	NY	New York|Brooklyn
11234	NY	New York|Brooklyn
11235	NY	New York|Brooklyn
11236	NY	New York|Brooklyn
11237	NY	New York|Brooklyn
11238	NY	New York|Brooklyn
11239	NY	New York|Brooklyn
11241	NY	Brooklyn
11242	NY	Brooklyn
11243	NY	Brooklyn
11245	NY	Brooklyn
11247	NY	Brooklyn
11249	NY	New York|Brooklyn
11251	NY	Brooklyn
11252	NY	Brooklyn
11256	NY	Brooklyn
11351	NY	Flushing
11352	NY	Flushing
11354	NY	New York|Flushing
11355	NY	New York|Flushing
11356	NY	New York|College Point
11357	NY	New York|Whitestone
11358	NY	New York|Flushing
11359	NY	New York|Bayside
11360	NY	New York|Bayside
11361	NY	New York|Bayside
11362	NY	New York|Little Neck
11363	NY	New York|Little Neck
11364	NY	New York|Oakland Gardens
11365	NY	New York|Fresh Meadows
11366	NY	New York|Fresh Meadows
11367	NY	New York|Flushing
11368	NY	New York|Corona
11369	NY	New York|East Elmhurst
11370	NY	New York|East Elmhurst
11371	NY	New York|Flushing
11372	NY	New York|Jackson Heights
11373	NY	New York|Elmhurst
11374	NY	New York|Rego Park
11375	NY	New York|Forest Hills
11377	NY	New York|Woodside
11378	NY	New York|Maspeth
11379	NY	New York|Middle Village
11380	NY	Elmhurst
11381	NY	Flushing
11385	NY	New York|Ridgewood
11386	NY	Ridgewood
11405	NY	Jamaica
11411	NY	New York|Cambria Heights
11412	NY	New York|Saint Albans
11413	NY	New York|Springfield Gardens
11414	NY	New York|Howard Beach
11415	NY	New York|Kew Gardens
11416	NY	New York|Ozone Park
11417	NY	New York|Ozone Park
11418	NY	New York|Richmond Hill
11419	NY	New York|South Richmond Hill
11420	NY	New York|South Ozone Park
11421	NY	New York|Woodhaven
11422	NY	New York|Rosedale
11423	NY	New York|Hollis
11424	NY	New York|Jamaica
11425	NY	Jamaica
11426	NY	New York|Bellerose
11427	NY	New York|Queens Village
11428	NY	New York|Queens Village
11429	NY	New York|Queens Village
11430	NY	New York|Jamaica
11431	NY	Jamaica
11432	NY	New York|Jamaica
11433	NY	New York|Jamaica
11434	NY	New York|Jamaica
11435	NY	New York|Jamaica
11436	NY	New York|Jamaica
11437	NY	Jamaica
11439	NY	New York|Jamaica
11451	NY	New York|Jamaica
11499	NY	Jamaica
11501	NY	Mineola|Garden City|Williston Park
11507	NY	Albertson|Searingtown|Roslyn Heights
11509	NY	Atlantic Beach|East Atlantic Beach
11510	NY	Baldwin
11514	NY	Carle Place
11516	NY	Cedarhurst|Woodmere
11518	NY	East Rockaway|Bay Park
11520	NY	Freeport|Merrick|Roosevelt
11530	NY	Garden City|Stewart Manor|Uniondale|Garden City South
11531	NY	Garden City
11542	NY	Glen Cove|Glen Head
11545	NY	Glen Head|Old Brookville|Brookville|Upper Brookville|Muttontown|Glenwood Landing
11547	NY	Glenwood Landing
11548	NY	Greenvale|Brookville|Old Brookville|Old Westbury
11549	NY	Hempstead|Uniondale
11550	NY	Hempstead|South Hempstead
11551	NY	Hempstead
11552	NY	West Hempstead|Lakeview|Garden City South|Malverne Park Oaks
11553	NY	Uniondale
11554	NY	East Meadow
11555	NY	Uniondale
11556	NY	Uniondale
11557	NY	Hewlett|Hewlett Harbor|Hewlett Bay Park|Woodmere
11558	NY	Island Park|Barnum Island|Harbor Isle
11559	NY	Lawrence|Inwood
11560	NY	Locust Valley|Lattingtown|Matinecock
11561	NY	Long Beach|Lido Beach|East Atlantic Beach
11563	NY	Lynbrook|East Rockaway|Hewlett|North Lynbrook
11565	NY	Malverne|Malverne Park Oaks
11566	NY	Merrick|North Merrick|North Bellmore
11568	NY	Old Westbury
11569	NY	Point Lookout
11570	NY	Rockville Centre|Lakeview|South Hempstead
11571	NY	Rockville Centre
11572	NY	Oceanside
11575	NY	Roosevelt|Baldwin
11576	NY	Roslyn|East Hills|Roslyn Harbor|North Hills|Roslyn Estates|Flower Hill|Searingtown
11577	NY	Roslyn Heights|East Hills|North Hills|Roslyn|Albertson|Searingtown
11579	NY	Sea Cliff
11580	NY	Valley Stream|North Valley Stream|Franklin Square
11581	NY	Valley Stream|South Valley Stream|Woodmere
11582	NY	Valley Stream
11590	NY	Westbury|Salisbury|New Cassel|Uniondale|Jericho|Carle Place
11596	NY	Williston Park|East Williston|Herricks
11598	NY	Woodmere|Woodsburgh|Hewlett Neck|Hewlett
11599	NY	Garden City
11690	NY	Far Rockaway
11691	NY	New York|Far Rockaway
11692	NY	New York|Arverne
11693	NY	New York|Far Rockaway
11694	NY	New York|Rockaway Park
11695	NY	Far Rockaway
11697	NY	New York|Breezy Point
11701	NY	Amityville|North Amityville|Copiague|North Lindenhurst
11702	NY	Babylon|Gilgo|Captree|Oak Beach|Fire Island|North Babylon
11703	NY	North Babylon
11704	NY	West Babylon
11705	NY	Bayport
11706	NY	Bay Shore|Saltaire|North Bay Shore|Baywood|Fire Island|West Bay Shore|Islip|West Islip
11707	NY	West Babylon
11709	NY	Bayville
11710	NY	Bellmore|North Bellmore
11713	NY	Bellport|North Bellport
11714	NY	Bethpage|Plainedge|Levittown
11715	NY	Blue Point
11716	NY	Bohemia
11717	NY	Brentwood
11718	NY	Brightwaters
11719	NY	Brookhaven
11720	NY	Centereach
11721	NY	Centerport|Greenlawn|Huntington
11722	NY	Central Islip
11724	NY	Cold Spring Harbor|Lloyd Harbor
11725	NY	Commack
11726	NY	Copiague|North Amityville
11727	NY	Coram
11729	NY	Deer Park
11730	NY	East Islip|Great River
11731	NY	East Northport|Elwood|Commack|Dix Hills
11732	NY	Muttontown|East Norwich|Oyster Bay
11733	NY	East Setauket|Old Field|Poquott|Setauket|Port Jefferson Station|Stony Brook|Stony Brook University
11735	NY	Farmingdale|East Farmingdale|South Farmingdale|Old Bethpage|Plainedge|Bethpage
11737	NY	Farmingdale
11738	NY	Farmingville|Coram|Medford|Holtsville
11739	NY	Great River
11740	NY	Greenlawn|Elwood|East Northport|Huntington
11741	NY	Holbrook|Holtsville
11742	NY	Holtsville
11743	NY	Huntington|Lloyd Harbor|Huntington Bay|West Hills|Elwood|Halesite|Greenlawn|Huntington Station
11746	NY	Huntington Station|Dix Hills|South Huntington|Wheatley Heights
11747	NY	Melville|West Hills
11749	NY	Islandia
11751	NY	Islip
11752	NY	Islip Terrace|North Great River|Central Islip
11753	NY	Jericho|Muttontown
11754	NY	Kings Park|Smithtown
11755	NY	Lake Grove|Lake Ronkonkoma
11756	NY	Levittown
11757	NY	Lindenhurst|North Lindenhurst|West Babylon|Copiague
11758	NY	Massapequa|North Massapequa|East Massapequa|South Farmingdale
11760	NY	Melville
11762	NY	Massapequa Park|East Massapequa|North Massapequa
11763	NY	Medford|Yaphank|Coram|Gordon Heights|Holtsville|North Bellport
11764	NY	Miller Place|Rocky Point
11765	NY	Mill Neck
11766	NY	Mount Sinai
11767	NY	Nesconset|Lake Ronkonkoma
11768	NY	Northport|Asharoken|Fort Salonga|Eatons Neck|East Northport
11769	NY	Oakdale|West Sayville|Sayville
11770	NY	Ocean Beach|Fire Island
11771	NY	Oyster Bay|Oyster Bay Cove|Upper Brookville|Cove Neck|Centre Island|Muttontown|Laurel Hollow|Mill Neck|Matinecock|East Norwich
11772	NY	Patchogue|East Patchogue|Fire Island|North Patchogue|North Bellport|Blue Point
11773	NY	Syosset
11775	NY	Melville
11776	NY	Port Jefferson Station|Terryville|Coram
11777	NY	Port Jefferson|Belle Terre
11778	NY	Rocky Point
11779	NY	Ronkonkoma|Lake Ronkonkoma|Centereach|Holtsville
11780	NY	Saint James|Nissequogue|Head of the Harbor|St. James|Smithtown
11782	NY	Sayville|Fire Island
11783	NY	Seaford|North Wantagh|Levittown|North Massapequa
11784	NY	Selden|Coram|Farmingville
11786	NY	Shoreham|East Shoreham
11787	NY	Smithtown|Village of the Branch|Hauppauge|Nesconset|St. James
11788	NY	Hauppauge
11789	NY	Sound Beach
11790	NY	Stony Brook|Head of the Harbor|Stony Brook University|Setauket
11791	NY	Syosset|Muttontown|Laurel Hollow|Oyster Bay Cove
11792	NY	Wading River|East Shoreham|Ridge
11793	NY	Wantagh|North Wantagh|Levittown
11794	NY	Stony Brook|Stony Brook University
11795	NY	West Islip
11796	NY	West Sayville
11797	NY	Woodbury
11798	NY	Wyandanch|East Farmingdale|Wheatley Heights
11801	NY	Hicksville
11802	NY	Hicksville
11803	NY	Plainview|Bethpage|Old Bethpage
11804	NY	Old Bethpage
11815	NY	Hicksville
11819	NY	Hicksville
11853	NY	Jericho
11901	NY	Riverhead|Northampton|Flanders|Northville|Aquebogue|Jamesport|Riverside|Baiting Hollow
11930	NY	Amagansett|Napeague
11931	NY	Aquebogue
11932	NY	Bridgehampton
11933	NY	Calverton|Baiting Hollow|Wading River
11934	NY	Center Moriches|East Moriches
11935	NY	Cutchogue|Mattituck
11937	NY	East Hampton|Northwest Harbor|Springs|East Hampton North|Wainscott|Amagansett
11939	NY	East Marion
11940	NY	East Moriches
11941	NY	Eastport|Remsenburg-Speonk
11942	NY	East Quogue
11944	NY	Greenport|Greenport West
11946	NY	Hampton Bays|Shinnecock Hills
11947	NY	Jamesport
11948	NY	Laurel|Jamesport
11949	NY	Manorville|Calverton|Eastport|Mastic
11950	NY	Mastic
11951	NY	Mastic Beach
11952	NY	Mattituck|Laurel
11953	NY	Middle Island|Gordon Heights|Coram|Miller Place
11954	NY	Montauk
11955	NY	Moriches|Center Moriches
11956	NY	New Suffolk
11957	NY	Orient
11958	NY	Peconic|Southold
11959	NY	Quogue|Westhampton
11960	NY	Remsenburg|Remsenburg-Speonk
11961	NY	Ridge|Rocky Point|East Shoreham
11962	NY	Sagaponack|Bridgehampton
11963	NY	Sag Harbor|North Haven|Noyack|Bridgehampton|Wainscott
11964	NY	Shelter Island|Dering Harbor|Shelter Island Heights
11965	NY	Shelter Island Heights|Shelter Island
11967	NY	Shirley|Brookhaven
11968	NY	Southampton|North Sea|Tuckahoe|Shinnecock Hills|Water Mill
11969	NY	Southampton
11970	NY	South Jamesport|Jamesport
11971	NY	Southold|Peconic
11972	NY	Speonk|Remsenburg-Speonk
11973	NY	Upton
11975	NY	Wainscott
11976	NY	Water Mill|Bridgehampton
11977	NY	Westhampton|Remsenburg-Speonk
11978	NY	Westhampton Beach|Quogue|West Hampton Dunes|Westhampton|Quiogue
11980	NY	Yaphank
12007	NY	Alcove
12008	NY	Alplaus|East Glenville
12009	NY	Altamont
12010	NY	Amsterdam|Hagaman|Broadalbin|Fort Johnson
12015	NY	Athens|Sleepy Hollow Lake
12016	NY	Auriesville
12017	NY	Austerlitz
12018	NY	Averill Park|Poestenkill|West Sand Lake
12019	NY	Ballston Lake|Country Knolls
12020	NY	Ballston Spa|Saratoga Springs|Milton|North Ballston Spa
12022	NY	Berlin
12023	NY	Berne
12024	NY	Brainard
12025	NY	Broadalbin
12027	NY	Burnt Hills
12028	NY	Buskirk
12029	NY	Canaan
12031	NY	Carlisle
12032	NY	Caroga Lake
12033	NY	Castleton On Hudson|Castleton-on-Hudson
12035	NY	Central Bridge
12036	NY	Charlotteville
12037	NY	Chatham
12040	NY	Cherry Plain
12041	NY	Clarksville
12042	NY	Climax
12043	NY	Cobleskill
12045	NY	Coeymans
12046	NY	Coeymans Hollow
12047	NY	Cohoes
12050	NY	Columbiaville
12051	NY	Coxsackie
12052	NY	Cropseyville
12053	NY	Delanson|Mariaville Lake|Duanesburg
12054	NY	Delmar
12055	NY	Dormansville
12056	NY	Duanesburg|Duane Lake
12057	NY	Eagle Bridge
12058	NY	Earlton
12059	NY	East Berne
12060	NY	East Chatham
12061	NY	East Greenbush
12062	NY	East Nassau
12063	NY	East Schodack
12064	NY	East Worcester
12065	NY	Clifton Park|Clifton Knolls-Mill Creek|Clifton Gardens|Country Knolls
12066	NY	Esperance
12067	NY	Feura Bush
12068	NY	Fonda|Tribes Hill
12069	NY	Fort Hunter
12070	NY	Fort Johnson
12071	NY	Fultonham
12072	NY	Fultonville
12073	NY	Gallupville
12074	NY	Galway
12075	NY	Ghent
12076	NY	Gilboa
12077	NY	Glenmont
12078	NY	Gloversville|Mayfield|Caroga Lake
12082	NY	Grafton
12083	NY	Greenville
12084	NY	Guilderland|Westmere
12085	NY	Guilderland Center
12086	NY	Hagaman
12087	NY	Hannacroix|New Baltimore
12089	NY	Hoosick
12090	NY	Hoosick Falls
12092	NY	Howes Cave|Central Bridge
12093	NY	Jefferson
12094	NY	Johnsonville
12095	NY	Johnstown|Gloversville
12106	NY	Kinderhook
12107	NY	Knox
12108	NY	Lake Pleasant
12110	NY	Latham
12115	NY	Malden Bridge
12116	NY	Maryland|Portlandville
12117	NY	Mayfield
12118	NY	Mechanicville|Round Lake
12120	NY	Medusa
12121	NY	Melrose
12122	NY	Middleburgh
12123	NY	Nassau|East Nassau|Nassau Lake
12124	NY	New Baltimore
12125	NY	New Lebanon
12128	NY	Newtonville
12130	NY	Niverville
12131	NY	North Blenheim
12132	NY	North Chatham
12133	NY	North Hoosick
12134	NY	Northville
12136	NY	Old Chatham
12137	NY	Pattersonville|Mariaville Lake
12138	NY	Petersburg
12139	NY	Piseco
12140	NY	Poestenkill
12141	NY	Quaker Street
12143	NY	Ravena
12144	NY	Rensselaer|Hampton Manor|East Greenbush
12147	NY	Rensselaerville
12148	NY	Rexford
12149	NY	Richmondville|East Worcester
12150	NY	Rotterdam Junction
12151	NY	Round Lake
12153	NY	Sand Lake
12154	NY	Schaghticoke
12155	NY	Schenevus|Westford
12156	NY	Schodack Landing
12157	NY	Schoharie
12158	NY	Selkirk|Ravena
12159	NY	Slingerlands|Westmere
12160	NY	Sloansville
12161	NY	South Bethlehem
12164	NY	Speculator
12165	NY	Spencertown
12166	NY	Sprakers
12167	NY	Stamford
12168	NY	Stephentown
12169	NY	Stephentown
12170	NY	Stillwater
12172	NY	Stottville
12173	NY	Stuyvesant
12174	NY	Stuyvesant Falls
12175	NY	Summit
12176	NY	Surprise
12177	NY	Tribes Hill
12180	NY	Troy|Wynantskill
12181	NY	Troy
12182	NY	Troy
12183	NY	Green Island|Troy
12184	NY	Valatie|Niverville
12185	NY	Valley Falls
12186	NY	Voorheesville
12187	NY	Warnerville
12188	NY	Waterford
12189	NY	Watervliet|Latham
12190	NY	Wells
12192	NY	West Coxsackie|Coxsackie|New Baltimore
12193	NY	Westerlo
12194	NY	West Fulton
12195	NY	West Lebanon
12196	NY	West Sand Lake
12197	NY	Worcester|Westford
12198	NY	Wynantskill
12201	NY	Albany
12202	NY	Albany
12203	NY	Albany|Westmere
12204	NY	Menands|Albany
12205	NY	Albany|Colonie|Roessleville|Loudonville
12206	NY	Albany
12207	NY	Albany
12208	NY	Albany
12209	NY	Albany
12210	NY	Albany
12211	NY	Albany|Loudonville|Roessleville|Siena College
12212	NY	Albany
12214	NY	Albany
12220	NY	Albany
12222	NY	Albany
12223	NY	Albany
12224	NY	Albany
12225	NY	Albany
12226	NY	Albany
12227	NY	Albany
12228	NY	Albany
12229	NY	Albany
12230	NY	Albany
12231	NY	Albany
12232	NY	Albany
12233	NY	Albany
12234	NY	Albany
12235	NY	Albany
12236	NY	Albany
12237	NY	Albany
12238	NY	Albany
12239	NY	Albany
12240	NY	Albany
12241	NY	Albany
12242	NY	Albany
12243	NY	Albany
12244	NY	Albany
12245	NY	Albany
12246	NY	Albany
12247	NY	Albany
12248	NY	Albany
12249	NY	Albany
12250	NY	Albany
12252	NY	Albany
12255	NY	Albany
12256	NY	Albany
12257	NY	Albany
12260	NY	Albany
12261	NY	Albany
12288	NY	Albany
12301	NY	Schenectady
12302	NY	Schenectady|Scotia|East Glenville
12303	NY	Schenectady|Rotterdam
12304	NY	Schenectady|Niskayuna|Rotterdam
12305	NY	Schenectady
12306	NY	Schenectady|Rotterdam|Mariaville Lake
12307	NY	Schenectady
12308	NY	Schenectady
12309	NY	Schenectady|Niskayuna
12325	NY	Schenectady
12345	NY	Schenectady
12401	NY	Kingston|Lincoln Park|Hurley|Hillside|Rosendale|Zena|East Kingston
12402	NY	Kingston
12404	NY	Accord
12405	NY	Acra
12406	NY	Arkville
12407	NY	Ashland
12409	NY	Bearsville
12410	NY	Big Indian|Pine Hill
12411	NY	Bloomington
12412	NY	Boiceville
12413	NY	Cairo|East Durham
12414	NY	Catskill|Jefferson Heights|Cementon|Leeds
12416	NY	Chichester
12417	NY	Connelly|Port Ewen
12418	NY	Cornwallville
12419	NY	Cottekill
12420	NY	Cragsmoor|Ellenville
12421	NY	Denver
12422	NY	Durham
12423	NY	East Durham
12424	NY	East Jewett
12427	NY	Elka Park
12428	NY	Ellenville
12429	NY	Esopus
12430	NY	Fleischmanns
12431	NY	Freehold
12432	NY	Glasco
12433	NY	Glenford|West Hurley
12434	NY	Grand Gorge
12435	NY	Greenfield Park
12436	NY	Haines Falls
12438	NY	Halcottsville
12439	NY	Hensonville
12440	NY	High Falls|Stone Ridge
12441	NY	Highmount|Pine Hill
12442	NY	Hunter
12443	NY	Hurley
12444	NY	Jewett
12446	NY	Kerhonkson|Ellenville
12448	NY	Lake Hill
12449	NY	Lake Katrine|Ruby
12450	NY	Lanesville
12451	NY	Leeds|Jefferson Heights
12452	NY	Lexington
12453	NY	Malden On Hudson|Malden-on-Hudson
12454	NY	Maplecrest
12455	NY	Margaretville
12456	NY	Mount Marion
12457	NY	Mount Tremper
12458	NY	Napanoch
12459	NY	New Kingston
12460	NY	Oak Hill
12461	NY	Olivebridge
12463	NY	Palenville
12464	NY	Phoenicia
12465	NY	Pine Hill
12466	NY	Port Ewen
12468	NY	Prattsville
12469	NY	Preston Hollow|Preston-Potter Hollow
12470	NY	Purling
12471	NY	Rifton
12472	NY	Rosendale|Tillson
12473	NY	Round Top
12474	NY	Roxbury
12475	NY	Ruby
12477	NY	Saugerties|Glasco|Saugerties South|Malden-on-Hudson
12480	NY	Shandaken
12481	NY	Shokan
12482	NY	South Cairo
12483	NY	Spring Glen
12484	NY	Stone Ridge
12485	NY	Tannersville
12486	NY	Tillson
12487	NY	Ulster Park|Port Ewen|Rifton
12489	NY	Wawarsing
12490	NY	West Camp
12491	NY	West Hurley
12492	NY	West Kill
12493	NY	West Park
12494	NY	West Shokan
12495	NY	Willow
12496	NY	Windham
12498	NY	Woodstock|Zena|West Hurley
12501	NY	Amenia
12502	NY	Ancram
12503	NY	Ancramdale
12504	NY	Annandale On Hudson|Bard College
12506	NY	Bangall
12507	NY	Barrytown
12508	NY	Beacon
12510	NY	Billings
12511	NY	Castle Point
12512	NY	Chelsea
12513	NY	Claverack|Claverack-Red Mills
12514	NY	Clinton Corners
12515	NY	Clintondale
12516	NY	Copake|Copake Lake|Taconic Shores
12517	NY	Copake Falls
12518	NY	Cornwall|Firthcliffe
12520	NY	Cornwall On Hudson|Cornwall-on-Hudson|Firthcliffe
12521	NY	Craryville|Copake Lake
12522	NY	Dover Plains
12523	NY	Elizaville
12524	NY	Fishkill|Brinckerhoff|Myers Corner|Merritt Park
12525	NY	Gardiner
12526	NY	Germantown
12527	NY	Glenham
12528	NY	Highland|Clintondale|Plattekill
12529	NY	Hillsdale|Copake Lake
12530	NY	Hollowville
12531	NY	Holmes|Shorehaven
12533	NY	Hopewell Junction|Chelsea Cove|Brinckerhoff
12534	NY	Hudson|Stottville|Lorenz Park|Claverack-Red Mills
12537	NY	Hughsonville
12538	NY	Hyde Park|Haviland
12540	NY	Lagrangeville|Freedom Plains
12541	NY	Livingston
12542	NY	Marlboro|Milton
12543	NY	Maybrook
12544	NY	Mellenville
12545	NY	Millbrook
12546	NY	Millerton
12547	NY	Milton
12548	NY	Modena
12549	NY	Montgomery
12550	NY	Newburgh|Orange Lake|Gardnertown|Balmville
12551	NY	Newburgh
12552	NY	Newburgh
12553	NY	New Windsor|Vails Gate|Beaver Dam Lake|Firthcliffe
12555	NY	Newburgh
12561	NY	New Paltz|Rifton|Tillson
12563	NY	Patterson|Putnam Lake
12564	NY	Pawling|Wingdale
12565	NY	Philmont
12566	NY	Pine Bush|Walker Valley|Cragsmoor
12567	NY	Pine Plains
12568	NY	Plattekill
12569	NY	Pleasant Valley|Freedom Plains
12570	NY	Poughquag
12571	NY	Red Hook|Upper Red Hook|Bard College
12572	NY	Rhinebeck|Rhinecliff
12574	NY	Rhinecliff
12575	NY	Rock Tavern
12577	NY	Salisbury Mills|Beaver Dam Lake
12578	NY	Salt Point
12580	NY	Staatsburg
12581	NY	Stanfordville
12582	NY	Stormville
12583	NY	Tivoli
12584	NY	Vails Gate
12585	NY	Verbank
12586	NY	Walden|Orange Lake
12588	NY	Walker Valley
12589	NY	Wallkill|Plattekill|Watchtower
12590	NY	Wappingers Falls|Myers Corner|New Hackensack|Hillside Lake|New Hamburg
12592	NY	Wassaic
12594	NY	Wingdale
12601	NY	Poughkeepsie|Fairview|Haviland|Crown Heights|Marist College|Spackenkill
12602	NY	Poughkeepsie
12603	NY	Poughkeepsie|Red Oaks Mill|Spackenkill|Titusville|MacDonnell Heights|Arlington|Vassar College
12604	NY	Poughkeepsie|Vassar College
12701	NY	Monticello|Bridgeville|Mongaup Valley
12719	NY	Barryville
12720	NY	Bethel
12721	NY	Bloomingburg
12722	NY	Burlingham
12723	NY	Callicoon|Hortonville|Hankins
12724	NY	Callicoon Center
12725	NY	Claryville
12726	NY	Cochecton|Lake Huntington
12727	NY	Cochecton Center
12729	NY	Cuddebackville
12732	NY	Eldred
12733	NY	Fallsburg
12734	NY	Ferndale
12736	NY	Fremont Center
12737	NY	Glen Spey
12738	NY	Glen Wild
12740	NY	Grahamsville
12741	NY	Hankins
12742	NY	Harris
12743	NY	Highland Lake
12745	NY	Hortonville
12746	NY	Huguenot
12747	NY	Hurleyville|Loch Sheldrake
12748	NY	Jeffersonville
12749	NY	Kauneonga Lake
12750	NY	Kenoza Lake
12751	NY	Kiamesha Lake
12752	NY	Lake Huntington
12754	NY	Liberty
12758	NY	Livingston Manor
12759	NY	Loch Sheldrake
12760	NY	Long Eddy
12762	NY	Mongaup Valley|Smallwood
12763	NY	Mountain Dale
12764	NY	Narrowsburg
12765	NY	Neversink
12766	NY	North Branch
12767	NY	Obernburg
12768	NY	Parksville
12769	NY	Phillipsport
12770	NY	Pond Eddy
12771	NY	Port Jervis|Sparrow Bush
12775	NY	Rock Hill
12776	NY	Roscoe
12777	NY	Forestburgh
12778	NY	Smallwood
12779	NY	South Fallsburg
12780	NY	Sparrow Bush
12781	NY	Summitville
12783	NY	Swan Lake|Mongaup Valley
12784	NY	Thompsonville
12785	NY	Westbrookville
12786	NY	White Lake|Smallwood
12787	NY	White Sulphur Springs
12788	NY	Woodbourne
12789	NY	Woodridge
12790	NY	Wurtsboro|Wurtsboro Hills
12791	NY	Youngsville
12792	NY	Yulan
12801	NY	Glens Falls
12803	NY	South Glens Falls
12804	NY	Queensbury|Glens Falls North|West Glens Falls
12808	NY	Adirondack
12809	NY	Argyle
12810	NY	Athol
12811	NY	Bakers Mills
12812	NY	Blue Mountain Lake
12814	NY	Bolton Landing
12815	NY	Brant Lake
12816	NY	Cambridge
12817	NY	Chestertown
12819	NY	Clemons
12820	NY	Cleverdale
12821	NY	Comstock
12822	NY	Corinth
12823	NY	Cossayuna
12824	NY	Diamond Point
12827	NY	Fort Ann
12828	NY	Fort Edward
12831	NY	Gansevoort
12832	NY	Granville|North Granville
12833	NY	Greenfield Center
12834	NY	Greenwich
12835	NY	Hadley
12836	NY	Hague
12837	NY	Hampton
12838	NY	Hartford
12839	NY	Hudson Falls
12841	NY	Huletts Landing
12842	NY	Indian Lake
12843	NY	Johnsburg
12844	NY	Kattskill Bay
12845	NY	Lake George|Warrensburg
12846	NY	Lake Luzerne
12847	NY	Long Lake
12848	NY	Middle Falls
12849	NY	Middle Granville
12850	NY	Middle Grove
12851	NY	Minerva
12852	NY	Newcomb
12853	NY	North Creek
12854	NY	North Granville
12855	NY	North Hudson
12856	NY	North River
12857	NY	Olmstedville
12858	NY	Paradox
12859	NY	Porter Corners
12860	NY	Pottersville
12861	NY	Putnam Station
12862	NY	Riparius
12863	NY	Rock City Falls
12864	NY	Sabael
12865	NY	Salem
12866	NY	Saratoga Springs
12870	NY	Schroon Lake
12871	NY	Schuylerville|Victory
12872	NY	Severance
12873	NY	Shushan
12874	NY	Silver Bay
12878	NY	Stony Creek
12879	NY	Newcomb
12883	NY	Ticonderoga
12884	NY	Victory|Victory Mills
12885	NY	Warrensburg
12886	NY	Wevertown
12887	NY	Whitehall
12901	NY	Plattsburgh|Cumberland Head|Plattsburgh West|Parc|Morrisonville
12903	NY	Plattsburgh|Parc
12910	NY	Altona
12911	NY	Keeseville
12912	NY	Au Sable Forks
12913	NY	Bloomingdale
12914	NY	Bombay|Akwesasne|Fort Covington
12915	NY	Brainardsville
12916	NY	Brushton
12917	NY	Burke
12918	NY	Cadyville
12919	NY	Champlain
12920	NY	Chateaugay
12921	NY	Chazy
12922	NY	Childwold
12923	NY	Churubusco
12924	NY	Keeseville
12926	NY	Constable
12927	NY	Cranberry Lake
12928	NY	Crown Point
12929	NY	Dannemora
12930	NY	Dickinson Center
12932	NY	Elizabethtown
12933	NY	Ellenburg
12934	NY	Ellenburg Center
12935	NY	Ellenburg Depot
12936	NY	Essex
12937	NY	Fort Covington
12939	NY	Gabriels
12941	NY	Jay
12942	NY	Keene
12943	NY	Keene Valley
12944	NY	Keeseville
12945	NY	Lake Clear
12946	NY	Lake Placid
12949	NY	Lawrenceville
12950	NY	Lewis
12952	NY	Lyon Mountain
12953	NY	Malone
12955	NY	Lyon Mountain
12956	NY	Mineville
12957	NY	Moira
12958	NY	Mooers
12959	NY	Mooers Forks
12960	NY	Moriah
12961	NY	Moriah Center
12962	NY	Morrisonville
12964	NY	New Russia
12965	NY	Nicholville
12966	NY	North Bangor
12967	NY	North Lawrence
12969	NY	Owls Head
12970	NY	Paul Smiths
12972	NY	Peru
12973	NY	Piercefield
12974	NY	Port Henry
12975	NY	Port Kent
12976	NY	Rainbow Lake
12977	NY	Ray Brook
12978	NY	Redford
12979	NY	Rouses Point
12980	NY	Saint Regis Falls|St. Regis Falls
12981	NY	Saranac|Redford
12983	NY	Saranac Lake
12985	NY	Schuyler Falls
12986	NY	Tupper Lake
12987	NY	Upper Jay
12989	NY	Vermontville
12992	NY	West Chazy
12993	NY	Westport
12995	NY	Whippleville
12996	NY	Willsboro|Willsboro Point
12997	NY	Wilmington
12998	NY	Witherbee|Mineville
13020	NY	Apulia Station
13021	NY	Auburn|Melrose Park
13022	NY	Auburn
13024	NY	Auburn
13026	NY	Aurora
13027	NY	Baldwinsville|Radisson|Village Green|Seneca Knolls
13028	NY	Bernhards Bay
13029	NY	Brewerton
13030	NY	Bridgeport
13031	NY	Camillus|Fairmount
13032	NY	Canastota|Oneida|Wampsville
13033	NY	Cato|Meridian
13034	NY	Cayuga
13035	NY	Cazenovia
13036	NY	Central Square|Brewerton
13037	NY	Chittenango
13039	NY	Cicero
13040	NY	Cincinnatus
13041	NY	Clay
13042	NY	Cleveland
13043	NY	Clockville
13044	NY	Constantia
13045	NY	Cortland|Homer|Cortland West|Munsons Corners|Blodgett Mills|Virgil|McLean
13051	NY	Delphi Falls
13052	NY	De Ruyter|DeRuyter
13053	NY	Dryden
13054	NY	Durhamville
13056	NY	East Homer
13057	NY	East Syracuse|Minoa|De Witt
13060	NY	Elbridge
13061	NY	Erieville
13062	NY	Etna
13063	NY	Fabius
13064	NY	Fair Haven
13065	NY	Fayette
13066	NY	Fayetteville
13068	NY	Freeville|McLean
13069	NY	Fulton|Minetto
13071	NY	Genoa
13072	NY	Georgetown
13073	NY	Groton
13074	NY	Hannibal
13076	NY	Hastings
13077	NY	Homer
13078	NY	Jamesville|De Witt
13080	NY	Jordan
13081	NY	King Ferry
13082	NY	Kirkville|Bridgeport
13083	NY	Lacona|Sandy Creek
13084	NY	La Fayette
13087	NY	Little York
13088	NY	Liverpool|Galeville
13089	NY	Liverpool
13090	NY	Liverpool
13092	NY	Locke
13093	NY	Lycoming
13101	NY	Mc Graw|McGraw
13102	NY	Mc Lean|McLean
13103	NY	Mallory
13104	NY	Manlius
13107	NY	Maple View
13108	NY	Marcellus
13110	NY	Marietta
13111	NY	Martville
13112	NY	Memphis
13113	NY	Meridian
13114	NY	Mexico
13115	NY	Minetto
13116	NY	Minoa
13117	NY	Montezuma
13118	NY	Moravia
13119	NY	Mottville
13120	NY	Nedrow
13121	NY	New Haven
13122	NY	New Woodstock
13123	NY	North Bay
13124	NY	North Pitcher
13126	NY	Oswego|Minetto|SUNY Oswego
13131	NY	Parish
13132	NY	Pennellville|Sand Ridge
13134	NY	Peterboro
13135	NY	Phoenix
13136	NY	Pitcher
13137	NY	Plainville
13138	NY	Pompey
13139	NY	Poplar Ridge
13140	NY	Port Byron
13141	NY	Preble
13142	NY	Pulaski
13143	NY	Red Creek
13144	NY	Richland
13145	NY	Sandy Creek
13146	NY	Savannah
13147	NY	Scipio Center
13148	NY	Seneca Falls
13152	NY	Skaneateles
13153	NY	Skaneateles Falls
13154	NY	South Butler
13155	NY	South Otselic
13156	NY	Sterling|Fair Haven
13157	NY	Sylvan Beach
13158	NY	Truxton
13159	NY	Tully
13160	NY	Union Springs
13162	NY	Verona Beach
13163	NY	Wampsville
13164	NY	Warners
13165	NY	Waterloo
13166	NY	Weedsport
13167	NY	West Monroe
13201	NY	Syracuse
13202	NY	Syracuse
13203	NY	Syracuse
13204	NY	Syracuse
13205	NY	Syracuse|Nedrow
13206	NY	Syracuse|Lyncourt
13207	NY	Syracuse
13208	NY	Syracuse|Lyncourt
13209	NY	Syracuse|Solvay|Lakeland|Seneca Knolls
13210	NY	Syracuse
13211	NY	Syracuse|Mattydale
13212	NY	Syracuse|North Syracuse
13214	NY	Syracuse|De Witt
13215	NY	Syracuse
13217	NY	Syracuse
13218	NY	Syracuse
13219	NY	Syracuse|Solvay|Fairmount|Westvale
13220	NY	Syracuse
13221	NY	Syracuse
13224	NY	Syracuse|De Witt
13225	NY	Syracuse
13235	NY	Syracuse
13244	NY	Syracuse
13250	NY	Syracuse
13251	NY	Syracuse
13252	NY	Syracuse
13261	NY	Syracuse
13290	NY	Syracuse
13301	NY	Alder Creek
13302	NY	Altmar
13303	NY	Ava
13304	NY	Barneveld
13305	NY	Beaver Falls
13308	NY	Blossvale|Rome|Sylvan Beach|North Bay
13309	NY	Boonville
13310	NY	Bouckville
13312	NY	Brantingham
13313	NY	Bridgewater
13314	NY	Brookfield
13315	NY	Burlington Flats|Garrattsville
13316	NY	Camden
13317	NY	Canajoharie|Ames
13318	NY	Cassville|Bridgewater
13319	NY	Chadwicks
13320	NY	Cherry Valley
13321	NY	Clark Mills
13322	NY	Clayville
13323	NY	Clinton|Clark Mills|Hamilton College
13324	NY	Cold Brook
13325	NY	Constableville
13326	NY	Cooperstown|Hartwick Seminary|Springfield Center
13327	NY	Croghan
13328	NY	Deansboro
13329	NY	Dolgeville|Salisbury Center
13331	NY	Eagle Bay
13332	NY	Earlville
13333	NY	East Springfield
13334	NY	Eaton
13335	NY	Edmeston
13337	NY	Fly Creek
13338	NY	Forestport|White Lake|Otter Lake
13339	NY	Fort Plain|Nelliston
13340	NY	Frankfort
13341	NY	Franklin Springs
13342	NY	Garrattsville
13343	NY	Glenfield
13345	NY	Greig
13346	NY	Hamilton
13348	NY	Hartwick|Schuyler Lake
13350	NY	Herkimer|East Herkimer
13352	NY	Hinckley
13353	NY	Hoffmeister
13354	NY	Holland Patent
13355	NY	Hubbardsville
13357	NY	Ilion|East Frankfort|South Ilion
13360	NY	Inlet
13361	NY	Jordanville
13362	NY	Knoxboro
13363	NY	Lee Center|Lake Delta
13364	NY	Leonardsville
13365	NY	Little Falls
13367	NY	Lowville|Castorland
13368	NY	Lyons Falls
13401	NY	Mc Connellsville
13402	NY	Madison
13403	NY	Marcy
13404	NY	Martinsburg
13406	NY	Middleville
13407	NY	Mohawk
13408	NY	Morrisville
13409	NY	Munnsville
13410	NY	Nelliston
13411	NY	New Berlin|South Edmeston
13413	NY	New Hartford|Washington Mills|Chadwicks
13415	NY	New Lisbon
13416	NY	Newport|Middleville
13417	NY	New York Mills
13418	NY	North Brookfield
13420	NY	Old Forge
13421	NY	Oneida|Oneida Castle
13424	NY	Oriskany
13425	NY	Oriskany Falls
13426	NY	Orwell
13428	NY	Palatine Bridge|Nelliston
13431	NY	Poland
13433	NY	Port Leyden|Lyons Falls
13435	NY	Prospect
13436	NY	Raquette Lake
13437	NY	Redfield
13438	NY	Remsen
13439	NY	Richfield Springs|Schuyler Lake
13440	NY	Rome|Lake Delta
13441	NY	Rome
13442	NY	Rome
13449	NY	Rome
13450	NY	Roseboom
13452	NY	Saint Johnsville|St. Johnsville
13454	NY	Salisbury Center
13455	NY	Sangerfield
13456	NY	Sauquoit|Clayville
13457	NY	Schuyler Lake
13459	NY	Sharon Springs
13460	NY	Sherburne
13461	NY	Sherrill
13464	NY	Smyrna
13465	NY	Solsville
13468	NY	Springfield Center
13469	NY	Stittville
13470	NY	Stratford
13471	NY	Taberg
13472	NY	Thendara
13473	NY	Turin
13475	NY	Van Hornesville
13476	NY	Vernon
13477	NY	Vernon Center
13478	NY	Verona|Rome
13479	NY	Washington Mills
13480	NY	Waterville
13482	NY	West Burlington
13483	NY	Westdale
13484	NY	West Eaton
13485	NY	West Edmeston
13486	NY	Westernville
13488	NY	Westford
13489	NY	West Leyden
13490	NY	Westmoreland
13491	NY	West Winfield|Unadilla Forks
13492	NY	Whitesboro|Clark Mills
13493	NY	Williamstown
13494	NY	Woodgate|White Lake
13495	NY	Yorkville
13501	NY	Utica
13502	NY	Utica|Yorkville
13503	NY	Utica
13504	NY	Utica
13505	NY	Utica
13599	NY	Utica
13601	NY	Watertown|Glen Park|Black River|Pamelia Center
13602	NY	Fort Drum
13603	NY	Watertown|Black River|Fort Drum
13605	NY	Adams|Belleville|Pierrepont Manor
13606	NY	Adams Center|Rodman
13607	NY	Alexandria Bay
13608	NY	Antwerp|Oxbow
13611	NY	Belleville
13612	NY	Black River|Felts Mills
13613	NY	Brasher Falls|Winthrop
13614	NY	Brier Hill
13615	NY	Brownville
13616	NY	Calcium
13617	NY	Canton
13618	NY	Cape Vincent
13619	NY	Carthage|West Carthage|Deferiet|Great Bend|Herrings
13620	NY	Castorland
13621	NY	Chase Mills
13622	NY	Chaumont|Depauville|Three Mile Bay
13623	NY	Chippewa Bay
13624	NY	Clayton|Depauville
13625	NY	Colton|Hannawa Falls
13626	NY	Copenhagen
13627	NY	Deer River
13628	NY	Deferiet
13630	NY	De Kalb Junction|DeKalb Junction
13631	NY	Denmark
13632	NY	Depauville
13633	NY	De Peyster
13634	NY	Dexter
13635	NY	Edwards
13636	NY	Ellisburg
13637	NY	Evans Mills|Calcium
13638	NY	Felts Mills
13639	NY	Fine
13640	NY	Wellesley Island|Fishers Landing
13641	NY	Fishers Landing
13642	NY	Gouverneur|Richville|Hailesboro
13643	NY	Great Bend
13645	NY	Hailesboro
13646	NY	Hammond
13647	NY	Hannawa Falls
13648	NY	Harrisville
13649	NY	Helena|Akwesasne
13650	NY	Henderson
13651	NY	Henderson Harbor
13652	NY	Hermon
13654	NY	Heuvelton
13655	NY	Hogansburg|Akwesasne
13656	NY	La Fargeville|Depauville|Plessis
13657	NY	Limerick
13658	NY	Lisbon
13659	NY	Lorraine
13660	NY	Madrid
13661	NY	Mannsville|Ellisburg|Pierrepont Manor
13662	NY	Massena|Akwesasne
13664	NY	Morristown
13665	NY	Natural Bridge
13666	NY	Newton Falls
13667	NY	Norfolk
13668	NY	Norwood|Norfolk
13669	NY	Ogdensburg
13670	NY	Oswegatchie
13671	NY	Oxbow
13672	NY	Parishville
13673	NY	Philadelphia
13674	NY	Pierrepont Manor
13675	NY	Plessis
13676	NY	Potsdam|Hannawa Falls|Parishville
13677	NY	Pyrites
13678	NY	Raymondville
13679	NY	Redwood
13680	NY	Rensselaer Falls
13681	NY	Richville
13682	NY	Rodman
13683	NY	Rooseveltown|Akwesasne
13684	NY	Russell
13685	NY	Sackets Harbor
13687	NY	South Colton
13690	NY	Star Lake
13691	NY	Theresa|Oxbow|Plessis
13692	NY	Thousand Island Park
13693	NY	Three Mile Bay
13694	NY	Waddington
13695	NY	Wanakena
13696	NY	West Stockholm
13697	NY	Winthrop
13699	NY	Potsdam
13730	NY	Afton
13731	NY	Andes
13732	NY	Apalachin|Tioga Terrace
13733	NY	Bainbridge
13734	NY	Barton
13736	NY	Berkshire
13737	NY	Bible School Park
13738	NY	Blodgett Mills
13739	NY	Bloomville
13740	NY	Bovina Center
13743	NY	Candor
13744	NY	Castle Creek
13745	NY	Chenango Bridge
13746	NY	Chenango Forks
13747	NY	Colliersville
13748	NY	Conklin
13749	NY	Corbettsville
13750	NY	Davenport|Davenport Center
13751	NY	Davenport Center
13752	NY	Delancey
13753	NY	Delhi
13754	NY	Deposit
13755	NY	Downsville
13756	NY	East Branch
13757	NY	East Meredith|Davenport Center
13758	NY	East Pharsalia
13760	NY	Endicott|Endwell|Crest View Heights
13761	NY	Endicott
13762	NY	Endwell
13763	NY	Endicott
13774	NY	Fishs Eddy
13775	NY	Franklin
13776	NY	Gilbertsville
13777	NY	Glen Aubrey
13778	NY	Greene|Smithville Flats
13780	NY	Guilford
13782	NY	Hamden|Downsville
13783	NY	Hancock
13784	NY	Harford
13786	NY	Harpersfield
13787	NY	Harpursville
13788	NY	Hobart
13790	NY	Johnson City
13794	NY	Killawog
13795	NY	Kirkwood
13796	NY	Laurens
13797	NY	Lisle
13801	NY	Mc Donough
13802	NY	Maine
13803	NY	Marathon
13804	NY	Masonville
13806	NY	Meridale
13807	NY	Milford|Hartwick Seminary
13808	NY	Morris
13809	NY	Mount Upton
13810	NY	Mount Vision
13811	NY	Newark Valley
13812	NY	Nichols
13813	NY	Nineveh
13814	NY	North Norwich
13815	NY	Norwich
13820	NY	Oneonta|West End|Davenport Center
13825	NY	Otego|Wells Bridge
13826	NY	Ouaquaga
13827	NY	Owego
13830	NY	Oxford
13832	NY	Plymouth
13833	NY	Port Crane
13834	NY	Portlandville
13835	NY	Richford
13838	NY	Sidney
13839	NY	Sidney Center
13840	NY	Smithboro
13841	NY	Smithville Flats
13842	NY	South Kortright
13843	NY	South New Berlin
13844	NY	South Plymouth
13845	NY	Tioga Center
13846	NY	Treadwell
13847	NY	Trout Creek
13848	NY	Tunnel
13849	NY	Unadilla
13850	NY	Vestal|Binghamton University
13851	NY	Vestal
13856	NY	Walton
13859	NY	Wells Bridge
13860	NY	West Davenport
13861	NY	West Oneonta
13862	NY	Whitney Point|Glen Aubrey
13863	NY	Willet
13864	NY	Willseyville
13865	NY	Windsor
13901	NY	Binghamton|Port Dickinson|Chenango Bridge
13902	NY	Binghamton|Binghamton University
13903	NY	Binghamton
13904	NY	Binghamton
13905	NY	Binghamton
14001	NY	Akron
14004	NY	Alden|Town Line
14005	NY	Alexander
14006	NY	Angola|Lake Erie Beach|Angola on the Lake
14008	NY	Appleton
14009	NY	Arcade|Yorkshire
14010	NY	Athol Springs
14011	NY	Attica
14012	NY	Barker
14013	NY	Basom
14020	NY	Batavia
14021	NY	Batavia
14024	NY	Bliss|Pike
14025	NY	Boston
14026	NY	Bowmansville
14027	NY	Brant
14028	NY	Burt|Olcott|Newfane
14029	NY	Centerville
14030	NY	Chaffee|Yorkshire
14031	NY	Clarence|Clarence Center
14032	NY	Clarence Center
14033	NY	Colden
14034	NY	Collins
14035	NY	Collins Center
14036	NY	Corfu
14037	NY	Cowlesville
14038	NY	Crittenden
14039	NY	Dale
14040	NY	Darien Center
14041	NY	Dayton
14042	NY	Delevan|Lime Lake|Yorkshire
14043	NY	Depew|Cheektowaga
14047	NY	Derby|Highland-on-the-Lake
14048	NY	Dunkirk
14051	NY	East Amherst
14052	NY	East Aurora|Billington Heights
14054	NY	East Bethany
14055	NY	East Concord
14056	NY	East Pembroke
14057	NY	Eden
14058	NY	Elba
14059	NY	Elma|Elma Center|Billington Heights
14060	NY	Farmersville Station
14061	NY	Farnham
14062	NY	Forestville
14063	NY	Fredonia
14065	NY	Freedom
14066	NY	Gainesville|Pike
14067	NY	Gasport
14068	NY	Getzville
14069	NY	Glenwood
14070	NY	Gowanda
14072	NY	Grand Island|Grandyle Village
14075	NY	Hamburg|North Boston|Wanakah
14080	NY	Holland
14081	NY	Irving|Farnham|Sunset Bay
14082	NY	Java Center
14083	NY	Java Village
14085	NY	Lake View|Wanakah
14086	NY	Lancaster|Town Line
14091	NY	Lawtons
14092	NY	Lewiston
14094	NY	Lockport|South Lockport|Rapids
14095	NY	Lockport
14098	NY	Lyndonville
14101	NY	Machias|Lime Lake
14102	NY	Marilla
14103	NY	Medina
14105	NY	Middleport
14107	NY	Model City
14108	NY	Newfane
14109	NY	Niagara University
14110	NY	North Boston
14111	NY	North Collins
14112	NY	North Evans
14113	NY	North Java
14120	NY	North Tonawanda
14125	NY	Oakfield
14126	NY	Olcott
14127	NY	Orchard Park
14129	NY	Perrysburg
14130	NY	Pike
14131	NY	Ransomville
14132	NY	Sanborn
14133	NY	Sandusky
14134	NY	Sardinia
14135	NY	Sheridan
14136	NY	Silver Creek|Sunset Bay
14138	NY	South Dayton
14139	NY	South Wales
14140	NY	Spring Brook
14141	NY	Springville
14143	NY	Stafford
14144	NY	Stella Niagara
14145	NY	Strykersville
14150	NY	Tonawanda|Tonawanda Town
14151	NY	Tonawanda
14166	NY	Van Buren Point
14167	NY	Varysburg
14168	NY	Versailles
14169	NY	Wales Center
14170	NY	West Falls
14171	NY	West Valley
14172	NY	Wilson
14173	NY	Yorkshire
14174	NY	Youngstown
14201	NY	Buffalo
14202	NY	Buffalo
14203	NY	Buffalo
14204	NY	Buffalo
14205	NY	Buffalo
14206	NY	Buffalo|Sloan|Cheektowaga
14207	NY	Buffalo|Tonawanda Town
14208	NY	Buffalo
14209	NY	Buffalo
14210	NY	Buffalo|West Seneca
14211	NY	Buffalo|Cheektowaga
14212	NY	Buffalo|Sloan
14213	NY	Buffalo
14214	NY	Buffalo
14215	NY	Buffalo|Cheektowaga
14216	NY	Buffalo
14217	NY	Buffalo|Kenmore|Tonawanda Town
14218	NY	Lackawanna|Buffalo|West Seneca
14219	NY	Buffalo|Blasdell
14220	NY	Buffalo|West Seneca
14221	NY	Buffalo|Williamsville|Harris Hill
14222	NY	Buffalo
14223	NY	Buffalo|Tonawanda Town
14224	NY	Buffalo|West Seneca
14225	NY	Buffalo|Cheektowaga
14226	NY	Buffalo|Eggertsville
14227	NY	Buffalo|Cheektowaga
14228	NY	Buffalo|University at Buffalo
14231	NY	Buffalo
14233	NY	Buffalo
14240	NY	Buffalo
14241	NY	Buffalo
14260	NY	Buffalo|University at Buffalo
14261	NY	Buffalo|University at Buffalo
14263	NY	Buffalo
14264	NY	Buffalo
14265	NY	Buffalo
14267	NY	Buffalo
14269	NY	Buffalo
14270	NY	Buffalo
14272	NY	Buffalo
14273	NY	Buffalo
14276	NY	Buffalo
14280	NY	Buffalo
14301	NY	Niagara Falls
14302	NY	Niagara Falls
14303	NY	Niagara Falls
14304	NY	Niagara Falls
14305	NY	Niagara Falls
14410	NY	Adams Basin
14411	NY	Albion
14413	NY	Alton
14414	NY	Avon|East Avon|South Lima
14415	NY	Bellona
14416	NY	Bergen
14418	NY	Branchport
14420	NY	Brockport|Clarkson
14422	NY	Byron
14423	NY	Caledonia|Fowlerville
14424	NY	Canandaigua|Crystal Beach
14425	NY	Farmington
14427	NY	Castile
14428	NY	Churchville
14429	NY	Clarendon
14430	NY	Clarkson
14432	NY	Clifton Springs|Port Gibson
14433	NY	Clyde
14435	NY	Conesus|Conesus Lake
14437	NY	Dansville|Kysorville|Woodsville|Groveland Station|Cumminsville
14441	NY	Dresden
14443	NY	East Bloomfield
14445	NY	East Rochester
14449	NY	East Williamson
14450	NY	Fairport
14452	NY	Fancher
14453	NY	Fishers
14454	NY	Geneseo|Conesus Lake
14456	NY	Geneva|Hall
14461	NY	Gorham
14462	NY	Groveland|Groveland Station
14463	NY	Hall
14464	NY	Hamlin
14466	NY	Hemlock
14467	NY	Henrietta
14468	NY	Hilton|Hamlin
14469	NY	Bloomfield
14470	NY	Holley
14471	NY	Honeoye
14472	NY	Honeoye Falls
14475	NY	Ionia
14476	NY	Kendall
14477	NY	Kent
14478	NY	Keuka Park
14479	NY	Knowlesville
14480	NY	Lakeville|Conesus Lake
14481	NY	Leicester|Cuylerville
14482	NY	Le Roy
14485	NY	Lima
14486	NY	Linwood
14487	NY	Livonia|Conesus Lake|Livonia Center|South Lima|Lakeville
14488	NY	Livonia Center
14489	NY	Lyons
14502	NY	Macedon|Gananda
14504	NY	Manchester
14505	NY	Marion
14506	NY	Mendon
14507	NY	Middlesex
14508	NY	Morton
14510	NY	Mount Morris|Tuscarora
14511	NY	Mumford
14512	NY	Naples
14513	NY	Newark|Port Gibson
14514	NY	North Chili
14515	NY	North Greece
14516	NY	North Rose
14517	NY	Nunda|Byersville
14518	NY	Oaks Corners
14519	NY	Ontario
14520	NY	Ontario Center
14521	NY	Ovid
14522	NY	Palmyra|Macedon
14525	NY	Pavilion|Linwood
14526	NY	Penfield
14527	NY	Penn Yan|Dresden|Keuka Park
14529	NY	Perkinsville
14530	NY	Perry
14532	NY	Phelps
14533	NY	Piffard|York|Greigsville|Wadsworth|Retsof
14534	NY	Pittsford
14536	NY	Portageville
14537	NY	Port Gibson
14538	NY	Pultneyville
14539	NY	Retsof
14541	NY	Romulus
14542	NY	Rose
14543	NY	Rush
14544	NY	Rushville
14545	NY	Scottsburg
14546	NY	Scottsville
14547	NY	Seneca Castle
14548	NY	Shortsville
14549	NY	Silver Lake
14550	NY	Silver Springs
14551	NY	Sodus
14555	NY	Sodus Point
14556	NY	Sonyea
14557	NY	South Byron
14558	NY	South Lima
14559	NY	Spencerport
14560	NY	Springwater|Websters Crossing
14561	NY	Stanley|Gorham
14563	NY	Union Hill
14564	NY	Victor
14568	NY	Walworth|Gananda
14569	NY	Warsaw
14571	NY	Waterport
14572	NY	Wayland
14580	NY	Webster
14585	NY	West Bloomfield
14586	NY	West Henrietta
14588	NY	Willard
14589	NY	Williamson|Pultneyville
14590	NY	Wolcott
14591	NY	Wyoming
14592	NY	York
14602	NY	Rochester
14603	NY	Rochester
14604	NY	Rochester
14605	NY	Rochester
14606	NY	Rochester|North Gates|Gates
14607	NY	Rochester
14608	NY	Rochester
14609	NY	Rochester|Irondequoit
14610	NY	Rochester|Brighton
14611	NY	Rochester
14612	NY	Rochester
14613	NY	Rochester
14614	NY	Rochester
14615	NY	Rochester
14616	NY	Rochester
14617	NY	Rochester|Irondequoit
14618	NY	Rochester|Brighton|St. John Fisher College|Nazareth College
14619	NY	Rochester
14620	NY	Rochester|Brighton
14621	NY	Rochester|Irondequoit
14622	NY	Rochester|Irondequoit
14623	NY	Rochester|Brighton|Rochester Institute of Technology
14624	NY	Rochester|Gates
14625	NY	Rochester|Brighton
14626	NY	Rochester|Greece
14627	NY	Rochester
14638	NY	Rochester
14639	NY	Rochester
14642	NY	Rochester
14643	NY	Rochester
14644	NY	Rochester
14646	NY	Rochester
14647	NY	Rochester
14649	NY	Rochester
14650	NY	Rochester
14651	NY	Rochester
14652	NY	Rochester
14653	NY	Rochester
14692	NY	Rochester
14694	NY	Rochester
14701	NY	Jamestown|Celoron|Jamestown West|Busti
14702	NY	Jamestown
14706	NY	Allegany|St. Bonaventure
14707	NY	Allentown
14708	NY	Alma
14709	NY	Angelica
14710	NY	Ashville
14711	NY	Belfast
14712	NY	Bemus Point
14714	NY	Black Creek
14715	NY	Bolivar|Richburg
14716	NY	Brocton
14717	NY	Caneadea
14718	NY	Cassadaga
14719	NY	Cattaraugus
14720	NY	Celoron
14721	NY	Ceres
14722	NY	Chautauqua
14723	NY	Cherry Creek
14724	NY	Clymer
14726	NY	Conewango Valley
14727	NY	Cuba
14728	NY	Dewittville
14729	NY	East Otto
14730	NY	East Randolph
14731	NY	Ellicottville
14732	NY	Ellington
14733	NY	Falconer
14735	NY	Fillmore
14736	NY	Findley Lake
14737	NY	Franklinville
14738	NY	Frewsburg
14739	NY	Friendship
14740	NY	Gerry
14741	NY	Great Valley
14742	NY	Greenhurst
14743	NY	Hinsdale
14744	NY	Houghton
14745	NY	Hume
14747	NY	Kennedy
14748	NY	Kill Buck
14750	NY	Lakewood
14751	NY	Leon
14752	NY	Lily Dale
14753	NY	Limestone
14754	NY	Little Genesee
14755	NY	Little Valley
14756	NY	Maple Springs
14757	NY	Mayville|Chautauqua
14758	NY	Niobe
14760	NY	Olean|Weston Mills|St. Bonaventure
14766	NY	Otto
14767	NY	Panama
14769	NY	Portland
14770	NY	Portville|Weston Mills
14772	NY	Randolph|East Randolph
14774	NY	Richburg
14775	NY	Ripley
14777	NY	Rushford
14778	NY	Saint Bonaventure|St. Bonaventure
14779	NY	Salamanca
14781	NY	Sherman
14782	NY	Sinclairville
14783	NY	Steamburg
14784	NY	Stockton
14785	NY	Stow
14786	NY	West Clarksville
14787	NY	Westfield
14788	NY	Westons Mills|Weston Mills
14801	NY	Addison
14802	NY	Alfred
14803	NY	Alfred Station|Alfred
14804	NY	Almond
14805	NY	Alpine
14806	NY	Andover
14807	NY	Arkport
14808	NY	Atlanta
14809	NY	Avoca
14810	NY	Bath
14812	NY	Beaver Dams
14813	NY	Belmont
14814	NY	Big Flats
14815	NY	Bradford
14816	NY	Breesport
14817	NY	Brooktondale|Slaterville Springs
14818	NY	Burdett
14819	NY	Cameron
14820	NY	Cameron Mills
14821	NY	Campbell|Savona
14822	NY	Canaseraga
14823	NY	Canisteo
14824	NY	Cayuta
14825	NY	Chemung
14826	NY	Cohocton
14827	NY	Coopers Plains
14830	NY	Corning|South Corning|Riverside
14831	NY	Corning
14836	NY	Dalton
14837	NY	Dundee
14838	NY	Erin|Breesport
14839	NY	Greenwood
14840	NY	Hammondsport
14841	NY	Hector
14842	NY	Himrod
14843	NY	Hornell|North Hornell|Almond
14845	NY	Horseheads|Big Flats|Horseheads North
14846	NY	Hunt
14847	NY	Interlaken
14850	NY	Ithaca|Lansing|Cayuga Heights|South Hill|Northwest Ithaca|Danby|East Ithaca|Northeast Ithaca|Varna|Forest Home
14851	NY	Ithaca
14852	NY	Ithaca
14853	NY	Ithaca
14854	NY	Jacksonville
14855	NY	Jasper
14856	NY	Kanona
14857	NY	Lakemont
14858	NY	Lindley
14859	NY	Lockwood
14860	NY	Lodi
14861	NY	Lowman
14863	NY	Mecklenburg
14864	NY	Millport|Pine Valley
14865	NY	Montour Falls
14867	NY	Newfield
14869	NY	Odessa
14870	NY	Painted Post|Riverside|Gang Mills|Coopers Plains
14871	NY	Pine City|Southport
14872	NY	Pine Valley
14873	NY	Prattsburgh
14874	NY	Pulteney
14876	NY	Reading Center
14877	NY	Rexville
14878	NY	Rock Stream
14879	NY	Savona
14880	NY	Scio
14881	NY	Slaterville Springs
14882	NY	Lansing|South Lansing
14883	NY	Spencer|West Danby|Danby
14884	NY	Swain
14885	NY	Troupsburg
14886	NY	Trumansburg|Jacksonville
14887	NY	Tyrone
14889	NY	Van Etten
14891	NY	Watkins Glen
14892	NY	Waverly
14893	NY	Wayne
14894	NY	Wellsburg
14895	NY	Wellsville|Stannards
14897	NY	Whitesville
14898	NY	Woodhull
14901	NY	Elmira
14902	NY	Elmira
14903	NY	Elmira|Elmira Heights|Big Flats|West Elmira
14904	NY	Elmira|Southport
14905	NY	Elmira|West Elmira
15001	PA	Aliquippa|Shippingport|South Heights
15003	PA	Ambridge|Economy|Leetsdale
15004	PA	Atlasburg
15005	PA	Economy|Baden
15006	PA	Bairdford
15007	PA	Bakerstown
15009	PA	Beaver|Ohioville|Industry|Bridgewater
15010	PA	Beaver Falls|Big Beaver|West Mayfield|Patterson Heights|Homewood|Eastvale|Fallston
15012	PA	Belle Vernon|North Belle Vernon|Speers|Fellsburg|Lynnwood-Pricedale|Fairhope|Collinsburg|Arnold City|Webster
15014	PA	Brackenridge
15015	PA	Bradford Woods|Bradfordwoods
15017	PA	Bridgeville
15018	PA	Buena Vista
15019	PA	Bulger|Joffre
15020	PA	Bunola
15021	PA	Burgettstown|Paris|Langeloth|Atlasburg|Cross Creek|Joffre
15022	PA	Charleroi|Twilight|Speers|North Charleroi|Wickerham Manor-Fisher
15024	PA	Cheswick|Russellton
15025	PA	Jefferson Hills|Clairton|West Mifflin|West Elizabeth
15026	PA	Clinton
15027	PA	Conway|Economy
15028	PA	Coulters
15030	PA	Creighton
15031	PA	Cuddy
15032	PA	Curtisville
15033	PA	Donora
15034	PA	Dravosburg
15035	PA	East McKeesport|East Mc Keesport
15037	PA	Elizabeth|Lincoln
15038	PA	Elrama
15042	PA	Freedom|Economy
15043	PA	Georgetown
15044	PA	Gibsonia|Bakerstown|Bairdford
15045	PA	Glassport
15046	PA	Crescent
15047	PA	Greenock
15049	PA	Harwick
15050	PA	Hookstown|Shippingport|Frankfort Springs
15051	PA	Indianola
15052	PA	Industry|Ohioville|Shippingport
15053	PA	Joffre
15054	PA	Langeloth
15055	PA	Lawrence
15056	PA	Leetsdale
15057	PA	Mc Donald|McDonald|Sturgeon|Cecil-Bishop|Southview|Noblestown|Hickory
15059	PA	Ohioville|Midland|Glasgow
15060	PA	Midway
15061	PA	Monaca
15062	PA	Monessen
15063	PA	Monongahela|Baidland|Wickerham Manor-Fisher|Van Voorhis
15064	PA	Morgan
15065	PA	Natrona Heights
15066	PA	New Brighton|Fallston|Bridgewater
15067	PA	New Eagle
15068	PA	New Kensington|Lower Burrell|Plum|Arnold
15069	PA	New Kensington
15071	PA	Oakdale|Noblestown|Rennerdale|Enlow
15072	PA	Pricedale|Lynnwood-Pricedale
15074	PA	Rochester|East Rochester
15075	PA	Rural Ridge
15076	PA	Russellton
15077	PA	Shippingport
15078	PA	Slovan
15081	PA	South Heights
15082	PA	Sturgeon
15083	PA	Sutersville
15084	PA	Tarentum|Curtisville|Harwick
15085	PA	Trafford|Level Green
15086	PA	Warrendale
15087	PA	Webster
15088	PA	West Elizabeth
15089	PA	West Newton|Collinsburg|Wyano
15090	PA	Wexford|Franklin Park
15091	PA	Wildwood
15095	PA	Warrendale
15096	PA	Warrendale
15101	PA	Allison Park
15102	PA	Bethel Park
15104	PA	North Braddock|Braddock|Rankin
15106	PA	Carnegie|Rosslyn Farms|Heidelberg|Green Tree|Rennerdale
15108	PA	Coraopolis|Carnot-Moon|Enlow
15110	PA	Duquesne
15112	PA	East Pittsburgh|Chalfant
15116	PA	Glenshaw
15120	PA	Homestead|Munhall|West Homestead|Pittsburgh|Whitaker
15122	PA	West Mifflin|Pleasant Hills
15123	PA	West Mifflin
15126	PA	Imperial|Enlow|Clinton
15127	PA	Ingomar
15129	PA	South Park
15131	PA	White Oak|Mckeesport
15132	PA	McKeesport|Versailles
15133	PA	Mckeesport|Liberty|Port Vue|Lincoln
15134	PA	Mckeesport
15135	PA	Mckeesport|Lincoln|Greenock|Boston
15136	PA	Mc Kees Rocks|McKees Rocks
15137	PA	North Versailles
15139	PA	Oakmont|Plum
15140	PA	Pitcairn|Monroeville
15142	PA	Presto
15143	PA	Sewickley|Franklin Park|Sewickley Heights|Bell Acres|Economy|Sewickley Hills|Edgeworth|Glenfield|Glen Osborne|Haysville
15144	PA	Springdale
15145	PA	Turtle Creek
15146	PA	Monroeville|Pitcairn
15147	PA	Verona|Plum
15148	PA	Wilmerding|Wall
15201	PA	Pittsburgh
15202	PA	Pittsburgh|Bellevue|Avalon|Emsworth|Ben Avon|Ben Avon Heights
15203	PA	Pittsburgh
15204	PA	Pittsburgh
15205	PA	Pittsburgh|Crafton|Green Tree|Thornburg|Ingram|Pennsbury Village
15206	PA	Pittsburgh
15207	PA	Pittsburgh
15208	PA	Pittsburgh
15209	PA	Pittsburgh|Millvale
15210	PA	Pittsburgh|Mount Oliver
15211	PA	Pittsburgh
15212	PA	Pittsburgh
15213	PA	Pittsburgh
15214	PA	Pittsburgh
15215	PA	Pittsburgh|Fox Chapel|Sharpsburg|Aspinwall
15216	PA	Pittsburgh|Dormont
15217	PA	Pittsburgh
15218	PA	Swissvale|Pittsburgh|Edgewood
15219	PA	Pittsburgh
15220	PA	Pittsburgh|Green Tree
15221	PA	Pittsburgh|Wilkinsburg|Forest Hills|Braddock Hills|Churchill
15222	PA	Pittsburgh
15223	PA	Pittsburgh|Etna
15224	PA	Pittsburgh
15225	PA	Pittsburgh
15226	PA	Pittsburgh
15227	PA	Pittsburgh|Baldwin|Brentwood|Whitehall
15228	PA	Pittsburgh
15229	PA	Pittsburgh|West View
15230	PA	Pittsburgh
15231	PA	Pittsburgh
15232	PA	Pittsburgh
15233	PA	Pittsburgh
15234	PA	Castle Shannon|Pittsburgh|Bethel Park
15235	PA	Pittsburgh|Churchill|Wilkinsburg
15236	PA	Pittsburgh|Baldwin|Pleasant Hills|Whitehall
15237	PA	Pittsburgh|Franklin Park|West View
15238	PA	Pittsburgh|Fox Chapel|Blawnox
15239	PA	Plum|Pittsburgh
15240	PA	Pittsburgh
15241	PA	Pittsburgh|Bethel Park
15242	PA	Pittsburgh
15243	PA	Pittsburgh
15244	PA	Pittsburgh
15250	PA	Pittsburgh
15251	PA	Pittsburgh
15252	PA	Pittsburgh
15253	PA	Pittsburgh
15254	PA	Pittsburgh
15255	PA	Pittsburgh
15257	PA	Pittsburgh
15258	PA	Pittsburgh
15259	PA	Pittsburgh
15260	PA	Pittsburgh
15261	PA	Pittsburgh
15262	PA	Pittsburgh
15264	PA	Pittsburgh
15265	PA	Pittsburgh
15267	PA	Pittsburgh
15268	PA	Pittsburgh
15270	PA	Pittsburgh
15272	PA	Pittsburgh
15274	PA	Pittsburgh
15275	PA	Pittsburgh
15276	PA	Pittsburgh
15277	PA	Pittsburgh
15278	PA	Pittsburgh
15279	PA	Pittsburgh
15281	PA	Pittsburgh
15282	PA	Pittsburgh
15283	PA	Pittsburgh
15286	PA	Pittsburgh
15289	PA	Pittsburgh
15290	PA	Pittsburgh
15295	PA	Pittsburgh
15301	PA	Washington|Green Hills|East Washington|Wolfdale|Eighty Four|McGovern|Meadowlands
15310	PA	Aleppo
15311	PA	Amity
15312	PA	Avella|Taylorstown
15313	PA	Beallsville
15314	PA	Bentleyville
15315	PA	Bobtown
15316	PA	Brave
15317	PA	Canonsburg|Houston|McMurray|Thompsonville|Muse|Cecil-Bishop|Hendersonville
15320	PA	Carmichaels|Fairdale
15321	PA	Cecil|Cecil-Bishop
15322	PA	Clarksville
15323	PA	Claysville
15324	PA	Cokeburg
15325	PA	Crucible
15327	PA	Dilliner
15329	PA	Prosperity
15330	PA	Eighty Four|Wylandville
15331	PA	Ellsworth
15332	PA	Finleyville|Jefferson Hills|Gastonville
15333	PA	Deemston|Fredericktown|Centerville|Beallsville|Millsboro|Aaronsburg
15334	PA	Garards Fort
15336	PA	Gastonville
15337	PA	Graysville|Wind Ridge
15338	PA	Greensboro|Mapletown
15339	PA	Hendersonville
15340	PA	Hickory|Westland
15341	PA	Holbrook
15342	PA	Houston|McGovern
15344	PA	Jefferson|Dry Tavern
15345	PA	Marianna|Deemston
15346	PA	Mather
15347	PA	Meadow Lands|Meadowlands
15348	PA	Millsboro
15349	PA	Mount Morris
15350	PA	Muse
15351	PA	Nemacolin
15352	PA	New Freeport
15353	PA	Nineveh
15357	PA	Rices Landing|Dry Tavern|Crucible
15358	PA	Centerville|Richeyville
15359	PA	Rogersville
15360	PA	Scenery Hill|Deemston|Beallsville|Cokeburg
15361	PA	Southview
15362	PA	Spraggs
15363	PA	Strabane
15364	PA	Sycamore|Rogersville
15365	PA	Taylorstown
15366	PA	Van Voorhis
15367	PA	Venetia|McMurray
15368	PA	Vestaburg|Centerville
15370	PA	Waynesburg|Morrisville|Rogersville|West Waynesburg
15376	PA	West Alexander
15377	PA	West Finley
15378	PA	Westland
15379	PA	West Middletown
15380	PA	Wind Ridge
15401	PA	Uniontown|Oliver|Leith-Hatfield|East Uniontown|Hopwood|South Uniontown
15410	PA	Adah
15411	PA	Addison
15412	PA	Allenport
15413	PA	Allison
15415	PA	Brier Hill
15416	PA	Brownfield
15417	PA	Brownsville|Centerville|California|West Brownsville|Hiller|Republic|Allison
15419	PA	California
15420	PA	Cardale
15421	PA	Chalk Hill|Deer Lake
15422	PA	Chestnut Ridge
15423	PA	Coal Center|California|Long Branch|Allenport|Elco
15424	PA	Confluence|Ursina
15425	PA	Connellsville|South Connellsville
15427	PA	Daisytown
15428	PA	Dawson
15429	PA	Centerville|Denbo
15430	PA	Dickerson Run
15431	PA	Dunbar
15432	PA	Dunlevy
15433	PA	East Millsboro
15434	PA	Elco
15435	PA	Fairbank
15436	PA	Fairchance
15437	PA	Farmington|Chalkhill
15438	PA	Fayette City|Newell|Naomi|Arnold City
15439	PA	Gans
15440	PA	Gibbon Glade
15442	PA	Grindstone|Rowes Run|Republic
15443	PA	Hibbs
15444	PA	Hiller
15445	PA	Hopwood|East Uniontown
15446	PA	Indian Head
15447	PA	Isabella
15448	PA	Jacobs Creek
15449	PA	Keisterville
15450	PA	La Belle
15451	PA	Lake Lynn
15454	PA	Leckrone
15455	PA	Leisenring
15456	PA	Lemont Furnace
15458	PA	Mc Clellandtown|Edenborn
15459	PA	Markleysburg
15460	PA	Martin
15461	PA	Masontown|Ronco
15462	PA	Melcroft
15463	PA	Merrittstown
15464	PA	Mill Run|Ohiopyle
15465	PA	Mount Braddock
15466	PA	Newell
15467	PA	New Geneva
15468	PA	New Salem|Buffington
15469	PA	Normalville
15470	PA	Ohiopyle|Deer Lake|Chalkhill
15472	PA	Oliver
15473	PA	Perryopolis|Star Junction
15474	PA	Point Marion
15475	PA	Republic
15476	PA	Ronco
15477	PA	Roscoe|Allenport
15478	PA	Smithfield
15479	PA	Smithton
15480	PA	Smock|Rowes Run
15482	PA	Star Junction
15483	PA	Stockdale
15484	PA	Uledi
15485	PA	Ursina
15486	PA	Vanderbilt
15488	PA	Waltersburg
15489	PA	West Leisenring
15490	PA	White
15492	PA	Wickhaven
15501	PA	Somerset|Edie
15502	PA	Hidden Valley
15510	PA	Somerset
15520	PA	Acosta
15521	PA	Alum Bank|Pleasantville
15522	PA	Bedford|Rainsburg
15530	PA	Berlin|New Baltimore
15531	PA	Boswell|Jennerstown
15532	PA	Boynton
15533	PA	Breezewood|Valley-Hi
15534	PA	Buffalo Mills
15535	PA	Clearville
15536	PA	Crystal Spring
15537	PA	Everett|Earlston
15538	PA	Fairhope
15539	PA	Fishertown
15540	PA	Fort Hill
15541	PA	Friedens
15542	PA	Garrett
15544	PA	Gray
15545	PA	Hyndman|Wellersburg
15546	PA	Jenners
15547	PA	Jennerstown
15548	PA	Kantner
15549	PA	Listie
15550	PA	Manns Choice
15551	PA	Markleton
15552	PA	Meyersdale|Callimont
15553	PA	New Baltimore
15554	PA	New Paris
15555	PA	Quecreek
15557	PA	Rockwood|Casselman|New Centerville
15558	PA	Salisbury
15559	PA	Schellsburg
15560	PA	Shanksville
15561	PA	Sipesville
15562	PA	Springs
15563	PA	Stoystown|Indian Lake|Jennerstown|Shanksville
15564	PA	Wellersburg
15565	PA	West Salisbury
15601	PA	Greensburg|South Greensburg|Southwest Greensburg|Youngwood|Calumet
15605	PA	Greensburg
15606	PA	Greensburg
15610	PA	Acme|Bear Rocks
15611	PA	Adamsburg
15612	PA	Alverton
15613	PA	Apollo|Oklahoma|Orchard Hills
15615	PA	Ardara
15616	PA	Armbrust
15617	PA	Arona
15618	PA	Avonmore
15619	PA	Bovard
15620	PA	Bradenville|Loyalhanna
15621	PA	Calumet
15622	PA	Champion|Seven Springs
15623	PA	Claridge
15624	PA	Crabtree
15625	PA	Darragh
15626	PA	Delmont|Murrysville
15627	PA	Derry|Millwood
15628	PA	Donegal
15629	PA	East Vandergrift
15631	PA	Everson
15632	PA	Murrysville|Export
15633	PA	Forbes Road
15634	PA	Grapeville
15635	PA	Hannastown
15636	PA	Harrison City|Manor
15637	PA	Herminie
15638	PA	Hostetter
15639	PA	Hunker|New Stanton
15640	PA	Hutchinson
15641	PA	Hyde Park
15642	PA	Irwin|White Oak|Manor|North Irwin
15644	PA	Jeannette
15646	PA	Jones Mills
15647	PA	Larimer
15650	PA	Latrobe|Loyalhanna|Lawson Heights|Hostetter|St. Vincent College
15655	PA	Laughlintown|Laurel Mountain
15656	PA	Leechburg|West Leechburg
15658	PA	Ligonier
15660	PA	Lowber
15661	PA	Loyalhanna
15662	PA	Luxor
15663	PA	Madison
15664	PA	Mammoth
15665	PA	Manor
15666	PA	Mount Pleasant|Mammoth|Norvelt|Calumet|Bear Rocks
15668	PA	Murrysville
15670	PA	New Alexandria
15671	PA	New Derry
15672	PA	New Stanton|Arona
15673	PA	North Apollo
15674	PA	Norvelt
15675	PA	Penn
15676	PA	Pleasant Unity
15677	PA	Rector
15678	PA	Rillton
15679	PA	Ruffs Dale|Wyano
15680	PA	Salina
15681	PA	Saltsburg
15682	PA	Schenley
15683	PA	Scottdale
15684	PA	Slickville
15685	PA	Southwest
15686	PA	Spring Church
15687	PA	Stahlstown
15688	PA	Tarrs
15689	PA	United|Calumet
15690	PA	Vandergrift|Oklahoma|Pleasant View|North Vandergrift|Kiskimere
15691	PA	Wendel
15692	PA	Westmoreland City
15693	PA	Whitney
15695	PA	Wyano
15696	PA	Youngstown
15697	PA	Youngwood
15698	PA	Yukon|Wyano
15701	PA	Indiana|Ernest|Chevy Chase Heights
15705	PA	Indiana
15710	PA	Alverda
15711	PA	Anita
15712	PA	Arcadia
15713	PA	Aultman
15714	PA	Northern Cambria|Alverda
15715	PA	Big Run
15716	PA	Black Lick
15717	PA	Blairsville|Black Lick
15720	PA	Brush Valley
15721	PA	Burnside
15722	PA	Carrolltown
15723	PA	Chambersville
15724	PA	Cherry Tree
15725	PA	Clarksburg
15727	PA	Clune|Jacksonville
15728	PA	Clymer|Dixonville
15729	PA	Commodore
15730	PA	Coolspring
15731	PA	Coral
15732	PA	Creekside|Atwood
15733	PA	De Lancey
15734	PA	Dixonville
15736	PA	Elderton
15737	PA	Elmora
15738	PA	Emeigh
15739	PA	Ernest
15741	PA	Gipsy
15742	PA	Glen Campbell
15744	PA	Hamilton
15745	PA	Heilwood
15746	PA	Hillsdale
15747	PA	Home|Plumville
15748	PA	Homer City|Jacksonville|Lucerne Mines|Graceton|Coral
15750	PA	Josephine|Black Lick
15752	PA	Kent|Jacksonville
15753	PA	La Jose|Newburg
15754	PA	Lucernemines|Lucerne Mines
15756	PA	Mc Intyre|Jacksonville
15757	PA	Mahaffey|New Washington|Newburg
15758	PA	Marchand
15759	PA	Marion Center
15760	PA	Marsteller
15761	PA	Mentcle
15762	PA	Nicktown
15763	PA	Northpoint
15764	PA	Oliveburg
15765	PA	Penn Run|Heilwood
15767	PA	Punxsutawney|Rossiter
15770	PA	Ringgold|Timblin
15771	PA	Rochester Mills
15772	PA	Rossiter
15773	PA	Saint Benedict
15774	PA	Shelocta|Elderton|Jacksonville
15775	PA	Spangler|Northern Cambria
15776	PA	Sprankle Mills
15777	PA	Starford
15778	PA	Timblin
15779	PA	Torrance
15780	PA	Valier
15781	PA	Walston
15783	PA	West Lebanon
15784	PA	Worthville
15801	PA	Du Bois|DuBois|Treasure Lake|Sandy|Oklahoma
15821	PA	Benezett
15822	PA	Brandy Camp
15823	PA	Brockport|Crenshaw
15824	PA	Brockway|Crenshaw
15825	PA	Brookville
15827	PA	Byrnedale
15828	PA	Clarington
15829	PA	Corsica
15831	PA	Dagus Mines
15832	PA	Driftwood
15834	PA	Emporium|Prospect Park
15840	PA	Falls Creek
15841	PA	Force
15845	PA	Johnsonburg
15846	PA	Kersey
15847	PA	Knox Dale
15848	PA	Luthersburg
15849	PA	Penfield
15851	PA	Reynoldsville
15853	PA	Ridgway
15856	PA	Rockton
15857	PA	St. Marys|Saint Marys
15860	PA	Sigel
15861	PA	Sinnamahoning
15863	PA	Stump Creek
15864	PA	Summerville
15865	PA	Sykesville
15866	PA	Troutville
15868	PA	Weedville|Byrnedale|Force
15870	PA	Wilcox
15901	PA	Johnstown
15902	PA	Johnstown|Lorain|Daisytown|Dale|Oakland
15904	PA	Johnstown|Geistown|Belmont|University of Pittsburgh Johnstown|Oakland
15905	PA	Johnstown|Westmont|Southmont|Ferndale|Elim|Westwood|Riverside
15906	PA	Johnstown|Brownstown|Westwood
15907	PA	Johnstown
15909	PA	Johnstown|Franklin|East Conemaugh|Vinco|Mundys Corner
15915	PA	Johnstown
15920	PA	Armagh
15921	PA	Beaverdale
15922	PA	Belsano
15923	PA	Bolivar
15924	PA	Cairnbrook
15925	PA	Cassandra
15926	PA	Central City|Indian Lake
15927	PA	Colver
15928	PA	Davidsville
15929	PA	Dilltown
15930	PA	Dunlo
15931	PA	Ebensburg|Revloc
15934	PA	Elton
15935	PA	Hollsopple|Benson|Davidsville|Jerome
15936	PA	Hooversville
15937	PA	Jerome
15938	PA	Lilly
15940	PA	Loretto
15942	PA	Mineral Point|Mundys Corner|Vinco
15943	PA	Nanty Glo|Nanty-Glo|Mundys Corner
15944	PA	New Florence
15945	PA	Parkhill
15946	PA	Portage|Spring Hill|Blue Knob
15948	PA	Revloc
15949	PA	Robinson
15951	PA	Saint Michael|St. Michael
15952	PA	Salix
15953	PA	Seanor
15954	PA	Seward
15955	PA	Sidman|Beaverdale|Salix
15956	PA	South Fork|Ehrenfeld
15957	PA	Strongstown
15958	PA	Summerhill|Wilmore|Ehrenfeld
15959	PA	Tire Hill
15960	PA	Twin Rocks
15961	PA	Vintondale
15962	PA	Wilmore
15963	PA	Windber|Scalp Level|Paint|Salix|University of Pittsburgh Johnstown|Dunlo
16001	PA	Butler|East Butler|Shanor-Northvue|Homeacre-Lyndora|Meridian|Unionville|Meadowood|Oak Hills
16002	PA	Butler|East Butler|Nixon|Oak Hills|Meadowood
16003	PA	Butler
16016	PA	Boyers
16017	PA	Boyers
16018	PA	Boyers
16020	PA	Boyers
16021	PA	Branchton
16022	PA	Bruin
16023	PA	Cabot
16024	PA	Callery
16025	PA	Chicora
16027	PA	Connoquenessing
16028	PA	East Brady
16029	PA	East Butler
16030	PA	Eau Claire
16033	PA	Evans City|Connoquenessing|Callery
16034	PA	Fenelton
16035	PA	Forestville
16036	PA	Foxburg
16037	PA	Harmony
16038	PA	Harrisville|Barkeyville|Clintonville
16039	PA	Herman
16040	PA	Hilliards
16041	PA	Karns City
16045	PA	Lyndora|Homeacre-Lyndora|Meadowood
16046	PA	Mars|Seven Fields
16048	PA	North Washington
16049	PA	Parker|Cherry Valley|Bruin|Eau Claire|Callensburg
16050	PA	Petrolia|Bruin|Fairview
16051	PA	Portersville|Lake Arthur Estates
16052	PA	Prospect
16053	PA	Renfrew|Connoquenessing|Oak Hills|Nixon
16054	PA	Saint Petersburg|St. Petersburg
16055	PA	Sarver
16056	PA	Saxonburg
16057	PA	Slippery Rock|West Liberty|Slippery Rock University
16058	PA	Turkey City
16059	PA	Valencia
16061	PA	West Sunbury
16063	PA	Zelienople|Harmony
16066	PA	Cranberry Township
16101	PA	New Castle|Oakwood|Oakland
16102	PA	New Castle|South New Castle
16103	PA	New Castle
16105	PA	New Castle|New Castle Northwest
16107	PA	New Castle
16108	PA	New Castle
16110	PA	Adamsville
16111	PA	Atlantic
16112	PA	Bessemer
16113	PA	Clark
16114	PA	Clarks Mills
16115	PA	Darlington|Big Beaver
16116	PA	Edinburg
16117	PA	Ellwood City|Ellport|Frisco|Hazen
16120	PA	Enon Valley|S.N.P.J.
16121	PA	Farrell
16123	PA	Fombell
16124	PA	Fredonia
16125	PA	Greenville|Reynolds Heights
16127	PA	Grove City|Barkeyville
16130	PA	Hadley|Sheakleyville
16131	PA	Hartstown
16132	PA	Hillsville
16133	PA	Jackson Center
16134	PA	Jamestown|Pymatuning Central|Pymatuning South
16136	PA	Koppel|Big Beaver
16137	PA	Mercer|Lake Latonka
16140	PA	New Bedford
16141	PA	New Galilee|New Beaver|Big Beaver
16142	PA	New Wilmington
16143	PA	Pulaski|Frizzleburg|New Bedford
16145	PA	Sandy Lake|New Lebanon
16146	PA	Sharon|Hermitage
16148	PA	Hermitage
16150	PA	Sharpsville|Clark
16151	PA	Sheakleyville
16153	PA	Stoneboro
16154	PA	Transfer|Reynolds Heights
16155	PA	Villa Maria
16156	PA	Volant
16157	PA	Wampum|New Beaver|Big Beaver|Homewood|Chewton
16159	PA	West Middlesex|Wheatland|New Bedford
16160	PA	West Pittsburg
16161	PA	Wheatland
16172	PA	New Wilmington
16201	PA	Kittanning|West Kittanning|Applewold|West Hills
16210	PA	Adrian
16211	PA	Beyer
16212	PA	Cadogan
16213	PA	Callensburg
16214	PA	Clarion
16217	PA	Cooksburg
16218	PA	Cowansville
16220	PA	Crown
16221	PA	Curllsville
16222	PA	Dayton|Rural Valley
16223	PA	Distant
16224	PA	Fairmount City
16225	PA	Fisher
16226	PA	Ford City|Lenape Heights
16228	PA	Ford Cliff
16229	PA	Freeport
16230	PA	Hawthorn
16232	PA	Knox
16233	PA	Leeper|Crown|Tylersburg
16234	PA	Limestone
16235	PA	Lucinda
16236	PA	Mc Grann
16238	PA	Manorville
16239	PA	Marienville
16240	PA	Mayport|Timblin
16242	PA	New Bethlehem|South Bethlehem
16244	PA	Nu Mine
16245	PA	Oak Ridge
16246	PA	Plumville
16248	PA	Rimersburg
16249	PA	Rural Valley|Atwood
16250	PA	Sagamore
16253	PA	Seminole
16254	PA	Shippenville|Marianne
16255	PA	Sligo
16256	PA	Smicksburg
16257	PA	Snydersburg
16258	PA	Strattanville
16259	PA	Templeton
16260	PA	Vowinckel
16261	PA	Widnoon
16262	PA	Worthington
16263	PA	Yatesboro
16301	PA	Oil City|Sugarcreek|Rouseville|Hasson Heights|Woodland Heights
16311	PA	Carlton
16312	PA	Chandlers Valley
16313	PA	Clarendon
16314	PA	Cochranton|Hannasville
16316	PA	Conneaut Lake|Conneaut Lakeshore|Geneva
16317	PA	Cooperstown
16319	PA	Cranberry
16321	PA	East Hickory
16322	PA	Endeavor
16323	PA	Franklin|Sugarcreek|Hannasville
16326	PA	Fryburg
16327	PA	Guys Mills|Blooming Valley
16328	PA	Hydetown
16329	PA	Irvine
16331	PA	Kossuth
16332	PA	Lickingville
16333	PA	Ludlow
16334	PA	Marble
16335	PA	Meadville|Blooming Valley|Fredericksburg|Kerrtown
16340	PA	Pittsfield
16341	PA	Pleasantville
16342	PA	Polk
16343	PA	Sugarcreek|Reno
16344	PA	Rouseville
16345	PA	Russell
16346	PA	Seneca|Woodland Heights
16347	PA	Sheffield
16350	PA	Sugar Grove
16351	PA	Tidioute
16352	PA	Tiona
16353	PA	Tionesta
16354	PA	Titusville|Hydetown
16360	PA	Townville
16361	PA	Tylersburg
16362	PA	Utica|Hannasville
16364	PA	Venus
16365	PA	Warren|North Warren|Starbrick
16366	PA	Warren
16367	PA	Warren
16368	PA	Irvine
16369	PA	Irvine
16370	PA	West Hickory
16371	PA	Youngsville
16372	PA	Clintonville
16373	PA	Emlenton|Cherry Valley
16374	PA	Kennerdell|Clintonville
16375	PA	Lamartine
16388	PA	Meadville
16401	PA	Albion|Cranesville
16402	PA	Bear Lake
16403	PA	Cambridge Springs
16404	PA	Centerville|Riceville|Lincolnville
16405	PA	Columbus
16406	PA	Conneautville
16407	PA	Corry|Elgin|Columbus
16410	PA	Cranesville|Platea
16411	PA	East Springfield
16412	PA	Edinboro
16413	PA	Elgin
16415	PA	Fairview|Avonia
16416	PA	Garland
16417	PA	Girard|Platea|Fairview
16420	PA	Grand Valley
16421	PA	Harborcreek
16422	PA	Harmonsburg
16423	PA	Lake City
16424	PA	Linesville|Pymatuning Central|Pymatuning North
16426	PA	Mc Kean|McKean
16427	PA	Mill Village
16428	PA	North East
16430	PA	North Springfield
16432	PA	Riceville
16433	PA	Saegertown|Blooming Valley|Woodcock
16434	PA	Spartansburg
16435	PA	Springboro
16436	PA	Spring Creek
16438	PA	Union City|Canadohta Lake|Lincolnville
16440	PA	Venango|Woodcock
16441	PA	Waterford|Mill Village
16442	PA	Wattsburg
16443	PA	West Springfield
16444	PA	Edinboro
16475	PA	Albion
16501	PA	Erie
16502	PA	Erie
16503	PA	Erie
16504	PA	Erie
16505	PA	Erie
16506	PA	Erie
16507	PA	Erie
16508	PA	Erie
16509	PA	Erie
16510	PA	Erie|Wesleyville|Northwest Harborcreek|Penn State Erie (Behrend)
16511	PA	Erie|Northwest Harborcreek|Lawrence Park
16512	PA	Erie
16514	PA	Erie
16515	PA	Erie
16522	PA	Erie
16530	PA	Erie
16531	PA	Erie
16534	PA	Erie
16538	PA	Erie
16541	PA	Erie
16544	PA	Erie
16546	PA	Erie
16550	PA	Erie
16553	PA	Erie
16563	PA	Erie|Penn State Erie (Behrend)
16565	PA	Erie
16601	PA	Altoona|Eldorado|Skelp|Elberta|Juniata Gap|Mill Run|East Altoona|Pinecroft|Newburg|Sickles Corner|Canan Station|Culp|Red Hill
16602	PA	Altoona|Greenwood|Lakemont
16603	PA	Altoona
16611	PA	Alexandria
16613	PA	Ashville
16616	PA	Beccaria
16617	PA	Bellwood|Reightown
16619	PA	Blandburg
16620	PA	Brisbin
16621	PA	Broad Top|Broad Top City|Dudley
16622	PA	Calvin
16623	PA	Cassville
16624	PA	Chest Springs
16625	PA	Claysburg|Friesville|Klahr|Ski Gap|Cotton Town
16627	PA	Coalport|Glen Hope
16629	PA	Coupon
16630	PA	Cresson|Sankertown
16631	PA	Curryville
16633	PA	Defiance
16634	PA	Dudley
16635	PA	Duncansville|Penn Farms|Foot of Ten|Sunbrook|Cross Keys|Leamersville|Carson Valley|Puzzletown|Brooks Mill|Blue Knob
16636	PA	Dysart|Wopsononock
16637	PA	East Freedom|McKee|Smith Corner
16638	PA	Entriken
16639	PA	Fallentimber
16640	PA	Flinton
16641	PA	Gallitzin|Tunnelhill
16644	PA	Glasgow
16645	PA	Glen Hope
16646	PA	Hastings
16647	PA	Hesston
16648	PA	Hollidaysburg|Loop|Reservoir|Sylvan Hills|Linds Crossing|Lakemont|Geeseytown|Reese|Canoe Creek|McKee|Fort Fetter|Vicksburg|Moores Mill|Frankstown|Brooks Mill
16650	PA	Hopewell
16651	PA	Houtzdale
16652	PA	Huntingdon|Mill Creek|McConnellstown
16654	PA	Huntingdon
16655	PA	Imler
16656	PA	Irvona
16657	PA	James Creek|Marklesburg
16659	PA	Loysburg
16660	PA	Mc Connellstown
16661	PA	Madera
16662	PA	Martinsburg|Fredericksburg|Henrietta|Millerstown|Curryville|Martinsburg Junction|Jugtown|Homewood at Martinsburg|Beavertown|Spring Drive Mobile Home Park
16663	PA	Morann
16664	PA	New Enterprise
16665	PA	Newry
16666	PA	Osceola Mills
16667	PA	Osterburg|St. Clairsville
16668	PA	Patton
16669	PA	Petersburg
16670	PA	Queen
16671	PA	Ramey
16672	PA	Riddlesburg
16673	PA	Roaring Spring|Dumb Hundred|Ore Hill|East Sharpsburg
16674	PA	Robertsdale
16675	PA	Saint Boniface
16677	PA	Sandy Ridge
16678	PA	Saxton|Coalmont|Stonerstown
16679	PA	Six Mile Run|Coaldale|Defiance
16680	PA	Smithmill
16681	PA	Smokerun
16682	PA	Sproul|Claysburg
16683	PA	Spruce Creek
16684	PA	Tipton
16685	PA	Todd
16686	PA	Tyrone|Birmingham|Grazierville|Tipton|Bald Eagle|Northwood|Reightown|Gray|Vail|Skelp|Tyrone Forge|Roots|Olivia|Fostoria|Ironville|Charlottsville|Nealmont
16689	PA	Waterfall
16691	PA	Wells Tannery
16692	PA	Westover
16693	PA	Williamsburg|Yellow Springs|Oreminea|Clappertown|Cove Forge|Robeson Extension|Larke|Shellytown|Royer|Fisherville|St. Clair|Franklin Forge|Point View|Canoe Creek|Shelltown|Beavertown|Ganister
16694	PA	Wood
16695	PA	Woodbury
16698	PA	Houtzdale
16699	PA	Cresson
16701	PA	Bradford|Lewis Run|Foster Brook|Rew|University of Pittsburgh Bradford
16720	PA	Austin
16724	PA	Crosby
16725	PA	Custer City
16726	PA	Cyclone
16727	PA	Derrick City
16728	PA	De Young
16729	PA	Duke Center
16730	PA	East Smethport
16731	PA	Eldred
16732	PA	Gifford
16733	PA	Hazel Hurst
16734	PA	James City
16735	PA	Kane|Mount Jewett
16738	PA	Lewis Run
16740	PA	Mount Jewett
16743	PA	Port Allegany
16744	PA	Rew
16745	PA	Rixford
16746	PA	Roulette
16748	PA	Shinglehouse
16749	PA	Smethport|Rew
16750	PA	Turtlepoint
16801	PA	State College|Houserville|Pine Grove Mills|Lemont
16802	PA	State College|University Park
16803	PA	State College|Park Forest Village|Toftrees
16804	PA	State College
16805	PA	State College
16820	PA	Aaronsburg|Millheim
16821	PA	Allport
16822	PA	Beech Creek|Monument|Blanchard
16823	PA	Bellefonte|Milesburg|Zion|Pleasant Gap|Mingoville|Runville|Moose Run|Continental Courts|Hublersburg|Yarnell|Peru
16825	PA	Bigler
16826	PA	Blanchard|Eagleville
16827	PA	Boalsburg
16828	PA	Centre Hall
16829	PA	Clarence
16830	PA	Clearfield|Plymptonville|Hyde
16832	PA	Coburn
16833	PA	Curwensville
16834	PA	Drifting
16835	PA	Unionville|Fleming
16836	PA	Frenchville
16837	PA	Glen Richey
16838	PA	Grampian
16839	PA	Grassflat
16840	PA	Hawk Run
16841	PA	Howard|Snydertown|Nittany|Blanchard|Lamar|Mount Eagle|Eagleville|Jacksonville|Hublersburg|Holters Crossing
16843	PA	Hyde
16844	PA	Julian|Unionville|Eagle Creek
16845	PA	Karthaus|Pine Glen
16847	PA	Kylertown
16848	PA	Lamar
16849	PA	Lanse
16850	PA	Lecontes Mills
16851	PA	Lemont
16852	PA	Madisonburg
16853	PA	Milesburg
16854	PA	Millheim
16855	PA	Mineral Springs
16856	PA	Mingoville
16858	PA	Morrisdale|Kylertown|Allport
16859	PA	Moshannon
16860	PA	Munson|Casanova
16861	PA	New Millport
16863	PA	Olanta
16864	PA	Orviston
16865	PA	Pennsylvania Furnace|Ramblewood|Baileyville
16866	PA	Philipsburg|Chester Hill|North Philipsburg|Hawk Run|South Philipsburg
16868	PA	Pine Grove Mills
16870	PA	Port Matilda|Stormstown
16871	PA	Pottersdale
16872	PA	Rebersburg
16873	PA	Shawville
16874	PA	Snow Shoe|Clarence
16875	PA	Spring Mills|Potters Mills
16876	PA	Wallaceton
16877	PA	Warriors Mark
16878	PA	West Decatur|Wallaceton
16879	PA	Winburne
16881	PA	Woodland|Bigler
16882	PA	Woodward
16901	PA	Wellsboro
16910	PA	Alba
16911	PA	Arnot
16912	PA	Blossburg|Arnot
16914	PA	Columbia Cross Roads
16915	PA	Coudersport|Oswayo|Sweden Valley
16917	PA	Covington
16920	PA	Elkland
16921	PA	Gaines
16922	PA	Galeton
16923	PA	Genesee
16925	PA	Gillett
16926	PA	Granville Summit
16927	PA	Harrison Valley
16928	PA	Knoxville
16929	PA	Lawrenceville
16930	PA	Liberty
16932	PA	Mainesburg
16933	PA	Mansfield|Roseville
16935	PA	Middlebury Center
16936	PA	Millerton
16937	PA	Mills
16938	PA	Morris
16939	PA	Morris Run
16940	PA	Nelson
16941	PA	Genesee
16942	PA	Osceola
16943	PA	Sabinsville
16945	PA	Sylvania
16946	PA	Tioga
16947	PA	Troy|Sylvania|Alba
16948	PA	Ulysses
16950	PA	Westfield
17001	PA	Camp Hill
17002	PA	Allensville
17003	PA	Annville|Fort Indiantown Gap
17004	PA	Belleville|Barrville
17005	PA	Berrysburg
17006	PA	Blain
17007	PA	Boiling Springs
17009	PA	Burnham|Highland Park
17010	PA	Campbelltown
17011	PA	Camp Hill|Wormleysburg|Shiremanstown|Lower Allen
17012	PA	Camp Hill
17013	PA	Carlisle|Schlusser|Carlisle Barracks
17014	PA	Cocolamus
17015	PA	Carlisle
17016	PA	Cornwall
17017	PA	Dalmatia
17018	PA	Dauphin
17019	PA	Dillsburg|Franklintown
17020	PA	Duncannon|New Buffalo
17021	PA	East Waterford
17022	PA	Elizabethtown|Rheems|Falmouth
17023	PA	Elizabethville|Berrysburg
17024	PA	Elliottsburg
17025	PA	Enola|West Fairview
17026	PA	Fredericksburg
17027	PA	Grantham|Messiah College
17028	PA	Grantville|Fort Indiantown Gap
17029	PA	Granville
17030	PA	Gratz
17032	PA	Halifax
17033	PA	Hershey|Palmdale|Union Deposit
17034	PA	Highspire
17035	PA	Honey Grove|East Waterford
17036	PA	Hummelstown|Hershey|Rutherford
17037	PA	Ickesburg
17038	PA	Jonestown|Fort Indiantown Gap
17039	PA	Kleinfeltersville
17040	PA	Landisburg
17041	PA	Lawn
17042	PA	Lebanon|Cornwall|Cleona|Avon|Quentin|Lebanon South|Pleasant Hill|Hebron
17043	PA	Lemoyne|Wormleysburg
17044	PA	Lewistown|Juniata Terrace|Burnham|Maitland|Strodes Mills|Longfellow|Highland Park|Alfarata|Granville
17045	PA	Liverpool
17046	PA	Lebanon|Cleona|Sand Hill
17047	PA	Loysville
17048	PA	Lykens|Gratz
17049	PA	Mc Alisterville|McAlisterville
17050	PA	Mechanicsburg|New Kingstown
17051	PA	Mc Veytown|McVeytown|Strodes Mills|Atkinson Mills|Mattawana
17052	PA	Mapleton Depot|Mapleton
17053	PA	Marysville
17054	PA	Mattawana
17055	PA	Mechanicsburg|Messiah College
17056	PA	Mexico
17057	PA	Middletown|Royalton
17058	PA	Mifflin
17059	PA	Mifflintown|Mexico|East Salem
17060	PA	Mill Creek
17061	PA	Millersburg|Lenkerville
17062	PA	Millerstown
17063	PA	Milroy|Potlicker Flats|Church Hill|Siglerville
17064	PA	Mount Gretna|Timber Hills|Mount Gretna Heights
17065	PA	Mount Holly Springs
17066	PA	Mount Union|Kistler|Newton Hamilton|Allenport|Cedar Crest
17067	PA	Myerstown|Frystown|Mount Aetna
17068	PA	New Bloomfield|Bloomfield
17069	PA	New Buffalo
17070	PA	New Cumberland|Lower Allen|New Market
17071	PA	New Germantown
17072	PA	New Kingstown
17073	PA	Newmanstown|Schaefferstown
17074	PA	Newport
17075	PA	Newton Hamilton
17076	PA	Oakland Mills
17077	PA	Ono
17078	PA	Palmyra|Campbelltown|Hershey
17080	PA	Pillow
17081	PA	Plainfield
17082	PA	Port Royal
17083	PA	Quentin
17084	PA	Reedsville|Church Hill|Barrville|Lumber City
17085	PA	Rexmont
17086	PA	Richfield
17087	PA	Richland|Stouchsburg
17088	PA	Schaefferstown
17089	PA	Camp Hill
17090	PA	Shermans Dale
17093	PA	Summerdale|Enola
17094	PA	Thompsontown|East Salem
17097	PA	Wiconisco|Wiconsico
17098	PA	Williamstown
17099	PA	Yeagertown
17101	PA	Harrisburg
17102	PA	Harrisburg
17103	PA	Harrisburg|Penbrook
17104	PA	Harrisburg
17105	PA	Harrisburg
17106	PA	Harrisburg
17107	PA	Harrisburg
17108	PA	Harrisburg
17109	PA	Harrisburg|Penbrook|Colonial Park|Progress
17110	PA	Harrisburg|Progress
17111	PA	Harrisburg|Paxtang|Lawnton|Rutherford
17112	PA	Harrisburg|Linglestown|Skyline View|Paxtonia|Colonial Park
17113	PA	Harrisburg|Steelton|Bressler|Enhaut|Oberlin
17120	PA	Harrisburg
17121	PA	Harrisburg
17122	PA	Harrisburg
17123	PA	Harrisburg
17124	PA	Harrisburg
17125	PA	Harrisburg
17126	PA	Harrisburg
17127	PA	Harrisburg
17128	PA	Harrisburg
17129	PA	Harrisburg
17130	PA	Harrisburg
17140	PA	Harrisburg
17177	PA	Harrisburg
17201	PA	Chambersburg
17202	PA	Chambersburg|Guilford|Marion|Scotland|Fayetteville
17210	PA	Amberson
17211	PA	Artemas
17212	PA	Big Cove Tannery
17213	PA	Blairs Mills
17214	PA	Blue Ridge Summit
17215	PA	Burnt Cabins
17217	PA	Concord
17219	PA	Doylesburg
17220	PA	Dry Run
17221	PA	Fannettsburg
17222	PA	Fayetteville
17223	PA	Fort Littleton
17224	PA	Fort Loudon
17225	PA	Greencastle|State Line
17228	PA	Harrisonville
17229	PA	Hustontown
17231	PA	Lemasters
17232	PA	Lurgan
17233	PA	Mc Connellsburg|McConnellsburg
17235	PA	Marion
17236	PA	Mercersburg
17237	PA	Mont Alto
17238	PA	Needmore
17239	PA	Neelyton
17240	PA	Newburg
17241	PA	Newville
17243	PA	Orbisonia|Rockhill
17244	PA	Orrstown
17246	PA	Pleasant Hall
17247	PA	Quincy
17249	PA	Rockhill|Rockhill Furnace
17250	PA	Rouzerville
17251	PA	Roxbury
17252	PA	Saint Thomas
17253	PA	Saltillo
17254	PA	Scotland
17255	PA	Shade Gap
17256	PA	Shady Grove
17257	PA	Shippensburg|Shippensburg University
17260	PA	Shirleysburg
17261	PA	South Mountain
17262	PA	Spring Run
17263	PA	State Line
17264	PA	Three Springs|Saltillo
17265	PA	Upperstrasburg
17266	PA	Walnut Bottom
17267	PA	Warfordsburg
17268	PA	Waynesboro|Wayne Heights|Pen Mar|Rouzerville
17271	PA	Willow Hill
17272	PA	Zullinger
17301	PA	Abbottstown
17302	PA	Airville|Susquehanna Trails
17303	PA	Arendtsville
17304	PA	Aspers|Bendersville
17306	PA	Bendersville
17307	PA	Biglerville|Arendtsville|McKnightstown|Table Rock|Cashtown
17309	PA	Brogue
17310	PA	Cashtown
17311	PA	Jefferson|Codorus
17312	PA	Craley
17313	PA	Dallastown|Yoe|Spry
17314	PA	Delta|Susquehanna Trails
17315	PA	Dover|Weigelstown
17316	PA	East Berlin|Lake Meade|Hampton
17317	PA	East Prospect
17318	PA	Emigsville
17319	PA	Etters|Goldsboro|Valley Green
17320	PA	Fairfield|Carroll Valley
17321	PA	Fawn Grove
17322	PA	Felton|Cross Roads|Winterstown
17323	PA	Franklintown
17324	PA	Gardners|Idaville
17325	PA	Gettysburg|Bonneauville|Lake Heritage|Hunterstown|Heidlersburg
17327	PA	Glen Rock
17329	PA	Glenville
17331	PA	Hanover|Parkville|Pennville|Midway
17332	PA	Hanover
17333	PA	Hanover
17334	PA	Hanover
17335	PA	Hanover
17337	PA	Idaville
17339	PA	Lewisberry
17340	PA	Littlestown|Bonneauville
17342	PA	Loganville
17343	PA	Mc Knightstown|McKnightstown
17344	PA	McSherrystown|Mc Sherrystown|Midway
17345	PA	Manchester|Mount Wolf
17347	PA	Mount Wolf
17349	PA	New Freedom
17350	PA	New Oxford|Hampton
17352	PA	New Park
17353	PA	Orrtanna|Cashtown
17354	PA	Porters Sideling
17355	PA	Railroad
17356	PA	Red Lion|Winterstown
17358	PA	Rossville
17360	PA	Seven Valleys|Loganville
17361	PA	Shrewsbury
17362	PA	Spring Grove|Jefferson
17363	PA	Stewartstown|Cross Roads
17364	PA	Thomasville
17365	PA	Wellsville
17366	PA	Windsor
17368	PA	Wrightsville|East Prospect
17370	PA	York Haven
17371	PA	New Salem|York New Salem
17372	PA	York Springs|Heidlersburg
17375	PA	Peach Glen
17401	PA	York
17402	PA	York|East York|Stonybrook|Spry|Yorklyn
17403	PA	York|Loganville|Grantley|Tyler Run|Valley View|Queens Gate|Spry
17404	PA	York|West York|North York
17405	PA	York
17406	PA	York|Hallam|Yorkana|Pleasureville|Emigsville
17407	PA	Jacobus|York
17408	PA	York|New Salem|Shiloh|Weigelstown
17501	PA	Akron
17502	PA	Bainbridge|Falmouth
17503	PA	Bart
17504	PA	Bausman
17505	PA	Bird In Hand|Bird-in-Hand|Witmer|Smoketown
17506	PA	Blue Ball
17507	PA	Bowmansville
17508	PA	Brownstown
17509	PA	Christiana|Georgetown
17512	PA	Columbia|Washington Boro
17516	PA	Conestoga
17517	PA	Denver|Adamstown|Schoeneck|Swartzville|Fivepointville|Bowmansville
17518	PA	Drumore
17519	PA	East Earl|Terre Hill|Goodville|Blue Ball|Churchtown|Fivepointville
17520	PA	East Petersburg
17521	PA	Elm
17522	PA	Ephrata|Farmersville|Clay|Brownstown|Stevens|Reamstown
17527	PA	Gap
17528	PA	Goodville
17529	PA	Gordonville|Intercourse|Soudersburg|Paradise
17532	PA	Holtwood
17533	PA	Hopeland
17534	PA	Intercourse
17535	PA	Kinzers|Gap
17536	PA	Kirkwood
17537	PA	Lampeter
17538	PA	Landisville|Salunga
17540	PA	Leola|Brownstown
17543	PA	Lititz|Rothsville|Brickerville|Hopeland|Penryn|Clay
17545	PA	Manheim|Penryn
17547	PA	Marietta|Maytown
17549	PA	Martindale
17550	PA	Maytown
17551	PA	Millersville
17552	PA	Mount Joy|Rheems
17554	PA	Mountville
17555	PA	Narvon|Churchtown|Bowmansville
17557	PA	New Holland|Terre Hill|Blue Ball
17560	PA	New Providence|Refton
17562	PA	Paradise|Georgetown
17563	PA	Peach Bottom|Wakefield
17564	PA	Penryn
17565	PA	Pequea|Conestoga
17566	PA	Quarryville|Georgetown|Little Britain
17567	PA	Reamstown
17568	PA	Refton
17569	PA	Reinholds|Adamstown|Swartzville
17570	PA	Rheems
17572	PA	Ronks|Soudersburg|Intercourse|Gordonville|Paradise|Bird-in-Hand
17573	PA	Ronks
17575	PA	Silver Spring
17576	PA	Smoketown
17578	PA	Stevens|Reamstown|Schoeneck|Hopeland
17579	PA	Strasburg
17580	PA	Talmage
17581	PA	Terre Hill
17582	PA	Washington Boro
17583	PA	West Willow
17584	PA	Willow Street|Refton
17585	PA	Witmer
17601	PA	Lancaster|Leola|Witmer
17602	PA	Lancaster|Lampeter|Witmer|Willow Street|Smoketown
17603	PA	Lancaster|Millersville
17604	PA	Lancaster
17605	PA	Lancaster
17606	PA	Lancaster
17607	PA	Lancaster
17608	PA	Lancaster
17611	PA	Lancaster
17622	PA	Lancaster
17699	PA	Lancaster
17701	PA	Williamsport|Garden View|Kenmar|Faxon
17702	PA	Williamsport|South Williamsport|Duboistown
17703	PA	Williamsport
17705	PA	Williamsport
17720	PA	Antes Fort
17721	PA	Avis
17723	PA	Jersey Shore
17724	PA	Canton|Alba
17726	PA	Castanea
17727	PA	Cedar Run
17728	PA	Cogan Station
17729	PA	Cross Fork
17730	PA	Dewart
17731	PA	Eagles Mere
17735	PA	Grover
17737	PA	Hughesville|Picture Rocks
17739	PA	Jersey Mills
17740	PA	Jersey Shore|Salladasburg|Rauchtown|Oval
17742	PA	Lairdsville
17744	PA	Linden
17745	PA	Lock Haven|Flemington|McElhattan|Castanea|Woolrich|Dunnstown
17747	PA	Loganton|Tylersville
17748	PA	Mc Elhattan|McElhattan
17749	PA	Mc Ewensville|McEwensville
17750	PA	Mackeyville
17751	PA	Mill Hall|Rote|Salona|Lamar|Clintondale
17752	PA	Montgomery
17754	PA	Montoursville|Kenmar
17756	PA	Muncy
17758	PA	Muncy Valley
17760	PA	North Bend
17762	PA	Picture Rocks
17763	PA	Ralston
17764	PA	Renovo|South Renovo|Farwell|North Bend
17765	PA	Roaring Branch
17768	PA	Shunk
17769	PA	Slate Run
17771	PA	Trout Run
17772	PA	Turbotville
17774	PA	Unityville
17776	PA	Waterville
17777	PA	Watsontown|McEwensville|Dewart
17778	PA	Westport
17779	PA	Woolrich
17801	PA	Sunbury|Snydertown
17810	PA	Allenwood
17812	PA	Beaver Springs|Troxelville
17813	PA	Beavertown|Troxelville
17814	PA	Benton|Waller|Jamison City
17815	PA	Bloomsburg|Lime Ridge|Rupert|Espy|Lightstreet|Fernville|Jerseytown|Almedia|Mainville|Buckhorn
17820	PA	Catawissa|Numidia|Slabtown
17821	PA	Danville|Riverside|Snydertown
17822	PA	Danville
17823	PA	Dornsife
17824	PA	Elysburg
17827	PA	Freeburg
17829	PA	Hartleton
17830	PA	Herndon
17831	PA	Hummels Wharf
17832	PA	Marion Heights
17833	PA	Kreamer
17834	PA	Kulpmont
17835	PA	Laurelton
17836	PA	Leck Kill
17837	PA	Lewisburg|Linntown|Vicksburg
17840	PA	Locust Gap
17841	PA	Mc Clure|McClure|Wagner|Alfarata
17842	PA	Middleburg|Kreamer|Paxtonville|Penns Creek
17843	PA	Beaver Springs
17844	PA	Mifflinburg|Vicksburg
17845	PA	Millmont|Hartleton|Laurelton
17846	PA	Millville|Iola|Eyers Grove
17847	PA	Milton|Montandon
17850	PA	Montandon
17851	PA	Mount Carmel|Atlas|Strong
17853	PA	Mount Pleasant Mills
17855	PA	New Berlin
17856	PA	New Columbia|West Milton
17857	PA	Northumberland|Kapp Heights
17858	PA	Numidia
17859	PA	Orangeville|Rohrsburg|Jonestown|Lightstreet
17860	PA	Paxinos
17861	PA	Paxtonville
17862	PA	Penns Creek
17864	PA	Port Trevorton
17865	PA	Potts Grove
17866	PA	Coal Township|Fairview-Ferndale|Marshallton|Edgewood|Ranshaw|Tharptown (Uniontown)
17867	PA	Rebuck
17868	PA	Riverside
17870	PA	Selinsgrove|Shamokin Dam|Kratzerville|Hummels Wharf|Kreamer
17872	PA	Shamokin|Trevorton
17876	PA	Shamokin Dam
17877	PA	Snydertown
17878	PA	Stillwater|New Columbus
17880	PA	Swengel
17881	PA	Trevorton
17882	PA	Troxelville
17883	PA	Vicksburg
17884	PA	Washingtonville
17885	PA	Weikert
17886	PA	West Milton
17887	PA	White Deer
17888	PA	Wilburton|Centralia|Wilburton Number Two|Wilburton Number One
17889	PA	Winfield
17901	PA	Pottsville|Palo Alto|Mechanicsville|St. Clair|Mount Carbon|Forestville|Buck Run|Heckscherville|Seltzer|Marlin
17920	PA	Aristes
17921	PA	Ashland|Centralia|Lavelle|Fountain Springs|Beurys Lake
17922	PA	Auburn|Deer Lake|Lake Wynonah
17923	PA	Branchdale
17925	PA	Brockton
17929	PA	Cressona
17930	PA	Cumbola
17931	PA	Frackville|Gilberton|Altamont|Englewood
17932	PA	Frackville
17933	PA	Friedensburg
17934	PA	Gilberton
17935	PA	Girardville
17936	PA	Gordon
17938	PA	Hegins|Valley View
17941	PA	Klingerstown
17943	PA	Lavelle
17944	PA	Llewellyn
17945	PA	Locustdale
17946	PA	Lost Creek
17948	PA	Mahanoy City|Morea|New Boston
17949	PA	Gilberton|Mahanoy Plane
17951	PA	Mar Lin|Marlin
17952	PA	Mary D
17953	PA	Middleport
17954	PA	Minersville
17957	PA	Muir
17959	PA	New Philadelphia
17960	PA	New Ringgold|McKeansburg
17961	PA	Orwigsburg|Deer Lake
17963	PA	Pine Grove|Ravine
17964	PA	Pitman
17965	PA	Port Carbon
17966	PA	Ravine
17967	PA	Ringtown|Brandonville
17968	PA	Sacramento
17970	PA	St. Clair|Saint Clair
17972	PA	Schuylkill Haven|Landingville|Friedensburg|Renningers|Summit Station|Lake Wynonah
17974	PA	Seltzer
17976	PA	Shenandoah|Shenandoah Heights
17978	PA	Spring Glen
17979	PA	Summit Station
17980	PA	Tower City|Orwin|Reinerton|Muir
17981	PA	Tremont|Newtown|Donaldson
17982	PA	Tuscarora
17983	PA	Valley View
17985	PA	Zion Grove|Nuremberg
18001	PA	Lehigh Valley
18002	PA	Lehigh Valley
18003	PA	Lehigh Valley
18011	PA	Alburtis
18012	PA	Aquashicola
18013	PA	Bangor|East Bangor|Roseto|Ackermanville|Martins Creek
18014	PA	Bath|Chapman
18015	PA	Bethlehem|Fountain Hill
18016	PA	Bethlehem
18017	PA	Bethlehem|Freemansburg
18018	PA	Bethlehem
18020	PA	Bethlehem|Middletown
18025	PA	Bethlehem
18030	PA	Bowmanstown
18031	PA	Breinigsville|Trexlertown
18032	PA	Catasauqua|North Catasauqua
18034	PA	Center Valley|DeSales University
18035	PA	Cherryville
18036	PA	Coopersburg
18037	PA	Coplay
18038	PA	Danielsville
18039	PA	Durham
18040	PA	Easton|Stockertown|Chestnut Hill
18041	PA	East Greenville
18042	PA	Easton|Wilson|Glendon|West Easton|Riegelsville|Raubsville|Morgan Hill
18043	PA	Easton
18044	PA	Easton
18045	PA	Easton|Tatamy|Stockertown|Palmer Heights|Old Orchard
18046	PA	East Texas
18049	PA	Emmaus
18051	PA	Fogelsville
18052	PA	Whitehall|Coplay|Fullerton|Egypt|Hokendauqua|Cementon|Stiles
18053	PA	Germansville
18054	PA	Green Lane
18055	PA	Hellertown
18056	PA	Hereford
18058	PA	Kunkletown
18059	PA	Laurys Station
18060	PA	Limeport
18062	PA	Macungie|Ancient Oaks|Wescosville
18063	PA	Martins Creek
18064	PA	Nazareth|Eastlawn Gardens|Belfast
18065	PA	Neffs
18066	PA	New Tripoli
18067	PA	Northampton|Cherryville
18068	PA	Old Zionsville
18069	PA	Orefield
18070	PA	Palm
18071	PA	Palmerton|Bowmanstown|Parryville
18072	PA	Pen Argyl|Ackermanville
18073	PA	Pennsburg
18074	PA	Perkiomenville
18076	PA	Red Hill
18077	PA	Riegelsville
18078	PA	Schnecksville
18079	PA	Slatedale
18080	PA	Slatington|Slatedale
18081	PA	Springtown
18083	PA	Stockertown
18084	PA	Sumneytown
18085	PA	Tatamy
18086	PA	Treichlers
18087	PA	Trexlertown
18088	PA	Walnutport|Cherryville
18091	PA	Wind Gap
18092	PA	Zionsville
18098	PA	Emmaus
18099	PA	Emmaus
18101	PA	Allentown
18102	PA	Allentown
18103	PA	Allentown|Dorneyville|Wescosville
18104	PA	Allentown|Cetronia|Dorneyville|Wescosville
18105	PA	Allentown
18106	PA	Allentown|Wescosville|Trexlertown
18109	PA	Allentown
18195	PA	Allentown
18201	PA	Hazleton
18202	PA	Hazleton|West Hazleton|Pardeesville|Harleigh|Lattimer
18210	PA	Albrightsville|Towamensing Trails|Indian Mountain Lake|Holiday Pocono
18211	PA	Andreas
18212	PA	Ashfield
18214	PA	Barnesville|Park Crest|Grier City
18216	PA	Beaver Meadows
18218	PA	Coaldale
18219	PA	Conyngham
18220	PA	Delano
18221	PA	Drifton
18222	PA	Drums|Beech Mountain Lakes
18223	PA	Ebervale
18224	PA	Freeland|Jeddo
18225	PA	Harleigh
18229	PA	Jim Thorpe
18230	PA	Junedale
18231	PA	Kelayres
18232	PA	Lansford|Summit Hill
18234	PA	Lattimer Mines|Lattimer|Harleigh
18235	PA	Lehighton|Jim Thorpe|Parryville|Weissport|Weissport East
18237	PA	Mcadoo
18239	PA	Milnesville
18240	PA	Nesquehoning
18241	PA	Nuremberg
18242	PA	Oneida
18244	PA	Parryville
18245	PA	Quakake
18246	PA	Rock Glen
18247	PA	Saint Johns
18248	PA	Sheppton|Oneida
18249	PA	Sugarloaf|Conyngham|Weston
18250	PA	Summit Hill|Tamaqua
18251	PA	Sybertsville
18252	PA	Tamaqua|Hometown
18254	PA	Tresckow
18255	PA	Weatherly
18256	PA	Weston
18301	PA	East Stroudsburg|Penn Estates|Arlington Heights
18302	PA	East Stroudsburg
18320	PA	Analomink
18321	PA	Bartonsville
18322	PA	Brodheadsville
18323	PA	Buck Hill Falls|Mountainhome
18324	PA	Bushkill|Saw Creek|Pocono Ranch Lands|Pine Ridge|Pocono Mountain Lake Estates
18325	PA	Canadensis
18326	PA	Cresco|Mountainhome
18327	PA	Delaware Water Gap
18328	PA	Dingmans Ferry|Birchwood Lakes|Pocono Ranch Lands
18330	PA	Effort|Sun Valley|Sierra View|Indian Mountain Lake
18331	PA	Gilbert
18332	PA	Henryville
18333	PA	Kresgeville
18334	PA	Long Pond|Emerald Lakes
18335	PA	Marshalls Creek
18336	PA	Matamoras
18337	PA	Milford|Pocono Woodland Lakes|Conashaugh Lakes|Gold Key Lake|Sunrise Lake
18340	PA	Millrift
18341	PA	Minisink Hills
18342	PA	Mountainhome
18343	PA	Mount Bethel|Portland
18344	PA	Mount Pocono
18346	PA	Pocono Summit
18347	PA	Pocono Lake
18348	PA	Pocono Lake Preserve
18349	PA	Pocono Manor
18350	PA	Pocono Pines
18351	PA	Portland
18352	PA	Reeders
18353	PA	Saylorsburg|Effort|Sierra View
18354	PA	Sciota
18355	PA	Scotrun
18356	PA	Shawnee On Delaware
18357	PA	Skytop
18360	PA	Stroudsburg|Delaware Water Gap|Arlington Heights|Sierra View
18370	PA	Swiftwater
18371	PA	Tamiment
18372	PA	Tannersville
18403	PA	Archbald|Jessup
18405	PA	Beach Lake
18407	PA	Carbondale|Simpson
18410	PA	Chinchilla
18411	PA	Clarks Summit|Clarks Green|Chinchilla|Glenburn
18413	PA	Clifford
18414	PA	Dalton|Glenburn|Lake Winola
18415	PA	Damascus
18416	PA	Elmhurst
18417	PA	Equinunk
18419	PA	Factoryville|Lake Winola
18420	PA	Fleetville
18421	PA	Forest City|Vandling
18424	PA	Gouldsboro|Big Bass Lake|Pocono Springs|Eagle Lake
18425	PA	Greeley
18426	PA	Greentown
18427	PA	Hamlin
18428	PA	Hawley|Hemlock Farms|Fawn Lake Forest|White Mills
18430	PA	Herrick Center
18431	PA	Honesdale|Bethany|Prompton
18433	PA	Jermyn|Mayfield|Archbald
18434	PA	Jessup
18435	PA	Lackawaxen|Masthope
18436	PA	Lake Ariel|Mount Cobb|The Hideout|Wallenpaupack Lake Estates
18437	PA	Lake Como
18438	PA	Lakeville
18439	PA	Lakewood
18440	PA	La Plume
18441	PA	Lenoxville
18443	PA	Milanville
18444	PA	Moscow
18445	PA	Newfoundland|Pocono Springs
18446	PA	Nicholson
18447	PA	Olyphant|Blakely|Throop
18448	PA	Olyphant
18449	PA	Orson
18451	PA	Paupack
18452	PA	Blakely|Peckville
18453	PA	Pleasant Mount
18454	PA	Poyntelle
18455	PA	Preston Park
18456	PA	Prompton
18457	PA	Rowland
18458	PA	Shohola
18459	PA	South Canaan
18460	PA	South Sterling
18461	PA	Starlight
18462	PA	Starrucca
18463	PA	Sterling
18464	PA	Tafton
18465	PA	Thompson
18466	PA	Tobyhanna
18469	PA	Tyler Hill
18470	PA	Union Dale
18471	PA	Waverly
18472	PA	Waymart
18473	PA	White Mills
18501	PA	Scranton
18502	PA	Scranton
18503	PA	Scranton
18504	PA	Scranton|Taylor
18505	PA	Scranton|Dunmore
18507	PA	Moosic|Scranton
18508	PA	Scranton|Dickson City
18509	PA	Scranton|Dunmore
18510	PA	Scranton|Dunmore
18512	PA	Dunmore|Scranton|Throop|Olyphant
18515	PA	Scranton
18517	PA	Taylor
18518	PA	Old Forge|Taylor
18519	PA	Dickson City|Scranton
18540	PA	Scranton
18577	PA	Scranton
18601	PA	Beach Haven
18602	PA	Bear Creek Village|Bear Creek
18603	PA	Berwick|Briar Creek|East Berwick|Foundryville
18610	PA	Blakeslee|Sierra View|Indian Mountain Lake
18611	PA	Cambra
18612	PA	Dallas|Harveys Lake|Pikes Creek|Misericordia University
18614	PA	Dushore
18615	PA	Falls|West Falls|Upper Exeter
18616	PA	Forksville
18617	PA	Glen Lyon
18618	PA	Harveys Lake
18619	PA	Hillsgrove
18621	PA	Hunlock Creek|Silkworth|Pikes Creek|Glen Lyon
18622	PA	Huntington Mills
18623	PA	Laceyville
18624	PA	Lake Harmony
18625	PA	Lake Winola
18626	PA	Laporte
18627	PA	Lehman
18628	PA	Lopez
18629	PA	Mehoopany
18630	PA	Meshoppen
18631	PA	Mifflinville
18632	PA	Mildred
18634	PA	Nanticoke|Wanamie|West Nanticoke|Sheatown
18635	PA	Nescopeck|Mifflinville
18636	PA	Noxen
18640	PA	Pittston|Hughestown|Yatesville|Dupont|Laflin|Inkerman|Browntown
18641	PA	Pittston|Dupont|Avoca|Moosic
18642	PA	Duryea
18643	PA	Pittston|Exeter|West Pittston|Upper Exeter
18644	PA	Wyoming|West Wyoming
18651	PA	Plymouth|Larksville|West Nanticoke
18653	PA	Ransom
18654	PA	Shawanese
18655	PA	Shickshinny|Mocanaqua|Jonestown
18656	PA	Sweet Valley
18657	PA	Tunkhannock
18660	PA	Wapwallopen
18661	PA	White Haven|Penn Lake Park|East Side|Hickory Hills
18690	PA	Dallas
18701	PA	Wilkes-Barre|Wilkes Barre
18702	PA	Wilkes Barre|Wilkes-Barre|Laflin|Yatesville|Georgetown|Hilldale|Inkerman|Plains
18703	PA	Wilkes Barre
18704	PA	Kingston|Swoyersville|Larksville|Forty Fort|Edwardsville|Courtdale|Pringle
18705	PA	Wilkes Barre|Wilkes-Barre|Plains|Hilldale|Hudson
18706	PA	Wilkes Barre|Laurel Run|Sugar Notch|Ashley|Warrior Run
18707	PA	Mountain Top|Nuangola
18708	PA	Shavertown|Chase|Trucksville
18709	PA	Luzerne|Pringle
18710	PA	Wilkes Barre
18711	PA	Wilkes Barre
18762	PA	Wilkes Barre
18764	PA	Wilkes Barre
18765	PA	Wilkes Barre
18766	PA	Wilkes Barre
18767	PA	Wilkes Barre
18769	PA	Wilkes Barre
18773	PA	Wilkes Barre
18801	PA	Montrose
18810	PA	Athens|Greens Landing
18812	PA	Brackney
18813	PA	Brooklyn
18814	PA	Burlington
18815	PA	Camptown
18816	PA	Dimock
18817	PA	East Smithfield
18818	PA	Friendsville
18820	PA	Gibson
18821	PA	Great Bend
18822	PA	Hallstead
18823	PA	Harford
18824	PA	Hop Bottom
18825	PA	Jackson
18826	PA	Kingsley
18827	PA	Lanesboro
18828	PA	Lawton
18829	PA	Le Raysville|LeRaysville
18830	PA	Little Meadows
18831	PA	Milan|Greens Landing
18832	PA	Monroeton|Monroe
18833	PA	New Albany
18834	PA	New Milford
18837	PA	Rome
18840	PA	Sayre|South Waverly
18842	PA	South Gibson
18843	PA	South Montrose
18844	PA	Springville
18845	PA	Stevensville
18846	PA	Sugar Run
18847	PA	Susquehanna|Lanesboro|Susquehanna Depot|Oakland
18848	PA	Towanda
18850	PA	Ulster
18851	PA	Warren Center
18853	PA	Wyalusing
18854	PA	Wysox|Rome
18901	PA	Doylestown|New Britain
18902	PA	Doylestown|Plumsteadville
18910	PA	Bedminster
18911	PA	Blooming Glen
18912	PA	Buckingham
18913	PA	Carversville
18914	PA	Chalfont|New Britain|Brittany Farms-The Highlands
18915	PA	Colmar|Montgomeryville
18916	PA	Danboro
18917	PA	Dublin
18918	PA	Earlington
18920	PA	Erwinna
18921	PA	Ferndale
18922	PA	Forest Grove
18923	PA	Fountainville
18924	PA	Franconia
18925	PA	Furlong
18927	PA	Hilltown
18928	PA	Holicong
18929	PA	Jamison
18930	PA	Kintnersville
18931	PA	Lahaska
18932	PA	Line Lexington
18933	PA	Lumberville
18934	PA	Mechanicsville
18935	PA	Milford Square
18936	PA	Montgomeryville
18938	PA	New Hope
18940	PA	Newtown|Newtown Grant
18942	PA	Ottsville
18943	PA	Penns Park
18944	PA	Perkasie|Silverdale
18946	PA	Pineville
18947	PA	Pipersville|Plumsteadville
18949	PA	Plumsteadville
18950	PA	Point Pleasant
18951	PA	Quakertown|Trumbauersville|Spinnerstown|Milford Square
18953	PA	Revere
18954	PA	Richboro|Churchville
18955	PA	Richlandtown
18956	PA	Rushland
18957	PA	Salford
18958	PA	Salfordville
18960	PA	Sellersville
18962	PA	Silverdale
18963	PA	Solebury
18964	PA	Souderton
18966	PA	Southampton|Churchville|Village Shires
18968	PA	Spinnerstown
18969	PA	Telford
18970	PA	Trumbauersville
18971	PA	Tylersport
18972	PA	Upper Black Eddy
18974	PA	Warminster|Ivyland|Warminster Heights
18976	PA	Warrington
18977	PA	Washington Crossing
18979	PA	Woxall
18980	PA	Wycombe
18981	PA	Zionhill
18991	PA	Warminster
19001	PA	Abington|Roslyn|Willow Grove
19002	PA	Ambler|Spring House|Maple Glen|Fort Washington
19003	PA	Ardmore|Haverford College
19004	PA	Bala Cynwyd
19006	PA	Huntingdon Valley|Bryn Athyn
19007	PA	Bristol|Tullytown
19008	PA	Broomall
19009	PA	Bryn Athyn
19010	PA	Bryn Mawr|Rosemont|Villanova
19012	PA	Cheltenham|Cheltenham Village
19013	PA	Chester|Upland
19014	PA	Aston|Chester Heights|Village Green-Green Ridge
19015	PA	Brookhaven|Upland|Parkside
19016	PA	Chester
19017	PA	Chester Heights
19018	PA	Clifton Heights|Aldan
19019	PA	Philadelphia
19020	PA	Bensalem|Eddington|Cornwells Heights
19021	PA	Croydon
19022	PA	Eddystone|Crum Lynne|Woodlyn
19023	PA	Darby|Collingdale|Colwyn
19025	PA	Dresher
19026	PA	Drexel Hill
19027	PA	Elkins Park|McKinley
19028	PA	Edgemont
19029	PA	Essington
19030	PA	Fairless Hills
19031	PA	Flourtown
19032	PA	Folcroft
19033	PA	Folsom|Woodlyn
19034	PA	Fort Washington
19035	PA	Gladwyne
19036	PA	Glenolden
19037	PA	Glen Riddle Lima
19038	PA	Glenside|Wyndmoor|Flourtown|Oreland|Arcadia University
19039	PA	Gradyville
19040	PA	Hatboro|Horsham
19041	PA	Haverford|Haverford College|Bryn Mawr
19043	PA	Holmes
19044	PA	Horsham|Maple Glen
19046	PA	Jenkintown|Rockledge|McKinley|Glenside
19047	PA	Langhorne|Langhorne Manor|Penndel|Hulmeville|Woodbourne
19048	PA	Langhorne
19049	PA	Langhorne
19050	PA	Lansdowne|Yeadon|East Lansdowne
19052	PA	Lenni
19053	PA	Feasterville Trevose|Trevose|Feasterville
19054	PA	Levittown|Tullytown
19055	PA	Levittown|Tullytown
19056	PA	Levittown
19057	PA	Levittown
19058	PA	Levittown
19060	PA	Garnet Valley
19061	PA	Marcus Hook|Trainer|Boothwyn|Linwood
19063	PA	Media|Chester Heights|Rose Valley|Lima
19064	PA	Springfield
19065	PA	Media
19066	PA	Merion Station
19067	PA	Morrisville|Yardley|Woodside
19070	PA	Morton|Rutledge
19072	PA	Narberth|Merion Station
19073	PA	Newtown Square
19074	PA	Norwood
19075	PA	Oreland
19076	PA	Prospect Park
19078	PA	Ridley Park|Folsom
19079	PA	Sharon Hill
19080	PA	Wayne
19081	PA	Swarthmore|Woodlyn|Folsom
19082	PA	Upper Darby|Millbourne
19083	PA	Havertown
19085	PA	Villanova|St. Davids
19086	PA	Wallingford|Rose Valley
19087	PA	Wayne|Chesterbrook|St. Davids
19088	PA	Wayne
19089	PA	Wayne
19090	PA	Willow Grove
19091	PA	Media
19092	PA	Philadelphia
19093	PA	Philadelphia
19094	PA	Woodlyn
19095	PA	Wyncote|Elkins Park
19096	PA	Wynnewood|Penn Wynne|Ardmore
19098	PA	Holmes
19099	PA	Philadelphia
19101	PA	Philadelphia
19102	PA	Philadelphia
19103	PA	Philadelphia
19104	PA	Philadelphia
19105	PA	Philadelphia
19106	PA	Philadelphia
19107	PA	Philadelphia
19108	PA	Philadelphia
19109	PA	Philadelphia
19110	PA	Philadelphia
19111	PA	Philadelphia
19112	PA	Philadelphia
19113	PA	Philadelphia
19114	PA	Philadelphia
19115	PA	Philadelphia
19116	PA	Philadelphia
19118	PA	Philadelphia
19119	PA	Philadelphia
19120	PA	Philadelphia
19121	PA	Philadelphia
19122	PA	Philadelphia
19123	PA	Philadelphia
19124	PA	Philadelphia
19125	PA	Philadelphia
19126	PA	Philadelphia
19127	PA	Philadelphia
19128	PA	Philadelphia
19129	PA	Philadelphia
19130	PA	Philadelphia
19131	PA	Philadelphia
19132	PA	Philadelphia
19133	PA	Philadelphia
19134	PA	Philadelphia
19135	PA	Philadelphia
19136	PA	Philadelphia
19137	PA	Philadelphia
19138	PA	Philadelphia
19139	PA	Philadelphia
19140	PA	Philadelphia
19141	PA	Philadelphia
19142	PA	Philadelphia
19143	PA	Philadelphia
19144	PA	Philadelphia
19145	PA	Philadelphia
19146	PA	Philadelphia
19147	PA	Philadelphia
19148	PA	Philadelphia
19149	PA	Philadelphia
19150	PA	Philadelphia
19151	PA	Philadelphia
19152	PA	Philadelphia
19153	PA	Philadelphia
19154	PA	Philadelphia
19155	PA	Philadelphia
19160	PA	Philadelphia
19161	PA	Philadelphia
19162	PA	Philadelphia
19170	PA	Philadelphia
19171	PA	Philadelphia
19172	PA	Philadelphia
19173	PA	Philadelphia
19175	PA	Philadelphia
19176	PA	Philadelphia
19177	PA	Philadelphia
19178	PA	Philadelphia
19179	PA	Philadelphia
19181	PA	Philadelphia
19182	PA	Philadelphia
19183	PA	Philadelphia
19184	PA	Philadelphia
19185	PA	Philadelphia
19187	PA	Philadelphia
19188	PA	Philadelphia
19190	PA	Philadelphia
19191	PA	Philadelphia
19192	PA	Philadelphia
19193	PA	Philadelphia
19194	PA	Philadelphia
19195	PA	Philadelphia
19196	PA	Philadelphia
19197	PA	Philadelphia
19244	PA	Philadelphia
19255	PA	Philadelphia
19301	PA	Paoli|Berwyn
19310	PA	Atglen
19311	PA	Avondale|Toughkenamon
19312	PA	Berwyn|Devon
19316	PA	Brandamore
19317	PA	Chadds Ford|Hamorton
19318	PA	Chatham
19319	PA	Cheyney|Cheyney University
19320	PA	Coatesville|South Coatesville|Modena|Hayti|Caln|Westwood|Pomeroy|Sadsburyville
19330	PA	Cochranville
19331	PA	Concordville
19333	PA	Devon|Berwyn
19335	PA	Downingtown|Thorndale|Eagleview|Eagle
19339	PA	Concordville
19340	PA	Concordville
19341	PA	Exton|Lionville|Eagleview
19342	PA	Glen Mills|Chester Heights
19343	PA	Glenmoore
19344	PA	Honey Brook
19345	PA	Immaculata
19346	PA	Kelton
19347	PA	Kemblesville
19348	PA	Kennett Square|Unionville|Toughkenamon|Hamorton
19350	PA	Landenberg
19351	PA	Lewisville
19352	PA	Lincoln University
19353	PA	Lionville
19354	PA	Lyndell
19355	PA	Malvern|Frazer|Paoli
19357	PA	Mendenhall
19358	PA	Modena
19360	PA	New London
19362	PA	Nottingham|Little Britain
19363	PA	Oxford|Nottingham
19365	PA	Parkesburg|Pomeroy|Sadsburyville
19366	PA	Pocopson
19367	PA	Pomeroy
19369	PA	Sadsburyville
19371	PA	Suplee
19372	PA	Thorndale
19373	PA	Thornton
19374	PA	Toughkenamon
19375	PA	Unionville
19376	PA	Wagontown
19380	PA	West Chester|Marshallton
19381	PA	West Chester
19382	PA	West Chester|Dilworthtown|Marshallton|Cheyney University
19383	PA	West Chester
19390	PA	West Grove
19395	PA	Westtown
19397	PA	Southeastern
19398	PA	Southeastern
19399	PA	Southeastern
19401	PA	Norristown
19403	PA	Norristown|Audubon|Trooper|Eagleville
19404	PA	Norristown
19405	PA	Bridgeport|Swedeland
19406	PA	King Of Prussia|Bridgeport|Swedeland
19407	PA	Audubon
19408	PA	Eagleville
19409	PA	Fairview Village
19415	PA	Eagleville
19421	PA	Birchrunville
19422	PA	Blue Bell
19423	PA	Cedars
19424	PA	Blue Bell
19425	PA	Chester Springs|Eagle
19426	PA	Collegeville|Trappe|Evansburg|Skippack|Eagleville
19428	PA	Conshohocken|West Conshohocken|Swedeland
19429	PA	Conshohocken
19430	PA	Creamery
19432	PA	Devault
19435	PA	Frederick
19436	PA	Gwynedd
19437	PA	Gwynedd Valley
19438	PA	Harleysville|Woxall|Kulpsville|Skippack
19440	PA	Hatfield
19441	PA	Harleysville
19442	PA	Kimberton
19443	PA	Kulpsville
19444	PA	Lafayette Hill
19446	PA	Lansdale|Montgomeryville|Kulpsville
19450	PA	Lederach
19451	PA	Mainland
19453	PA	Mont Clare
19454	PA	North Wales|Montgomeryville
19455	PA	North Wales
19456	PA	Oaks
19457	PA	Parker Ford
19460	PA	Phoenixville|Audubon|Mont Clare|Kimberton
19462	PA	Plymouth Meeting
19464	PA	Pottstown|Sanatoga|Pottsgrove|Halfway House|Stowe
19465	PA	Pottstown|Kenilworth|South Pottstown|Pughtown
19468	PA	Royersford
19470	PA	Saint Peters
19472	PA	Sassamansville
19473	PA	Schwenksville|Skippack|Spring Mount
19474	PA	Skippack
19475	PA	Spring City|Pughtown
19477	PA	Spring House
19478	PA	Spring Mount
19480	PA	Uwchland
19481	PA	Valley Forge
19482	PA	Valley Forge
19484	PA	Valley Forge
19486	PA	West Point
19490	PA	Worcester
19492	PA	Zieglerville
19493	PA	Valley Forge
19494	PA	Valley Forge
19495	PA	Valley Forge
19496	PA	Valley Forge
19501	PA	Adamstown
19503	PA	Bally
19504	PA	Barto
19505	PA	Bechtelsville|New Berlinville
19506	PA	Bernville|New Schaefferstown|Shartlesville
19507	PA	Bethel|Schubert
19508	PA	Birdsboro|Gibraltar|Baumstown|Lorane
19510	PA	Blandon
19511	PA	Bowers
19512	PA	Boyertown|New Berlinville|Gilbertsville
19516	PA	Centerport
19518	PA	Douglassville|Amity Gardens
19519	PA	Earlville
19520	PA	Elverson
19522	PA	Fleetwood|New Jerusalem|Dryville|Walnuttown|Blandon|Alsace Manor
19523	PA	Geigertown
19525	PA	Gilbertsville
19526	PA	Hamburg|West Hamburg|Edenburg|Shartlesville|Virginville
19529	PA	Kempton
19530	PA	Kutztown|Virginville|Kutztown University|Bowers
19533	PA	Leesport|Dauberville
19534	PA	Lenhartsville
19535	PA	Limekiln
19536	PA	Lyons|Lyon Station
19538	PA	Maxatawny
19539	PA	Mertztown|Dryville|Bowers
19540	PA	Mohnton|Alleghenyville|Bowmansville|Pennwyn
19541	PA	Mohrsville|Centerport|Dauberville
19543	PA	Morgantown|New Morgan
19544	PA	Mount Aetna
19545	PA	New Berlinville
19547	PA	Oley
19548	PA	Pine Forge
19549	PA	Port Clinton
19550	PA	Rehrersburg
19551	PA	Robesonia
19554	PA	Shartlesville
19555	PA	Shoemakersville
19559	PA	Strausstown
19560	PA	Temple|South Temple|Alsace Manor
19562	PA	Topton
19564	PA	Virginville
19565	PA	Wernersville
19567	PA	Womelsdorf|Stouchsburg
19601	PA	Reading|Greenfields
19602	PA	Reading
19603	PA	Reading
19604	PA	Reading
19605	PA	Reading|Laureldale|Riverview Park|Muhlenberg Park|Hyde Park|Fox Chase
19606	PA	Reading|St. Lawrence|Mount Penn|Reiffton|Jacksonwald|Lorane|Pennside|Stony Creek Mills
19607	PA	Reading|Shillington|Kenhorst|Grill|Flying Hills|Pennwyn|Montrose Manor
19608	PA	Reading|Sinking Spring|Gouglersville|Whitfield|West Wyomissing|Springmont
19609	PA	Reading|Wyomissing|West Wyomissing|Whitfield|Lincoln Park|West Lawn|Springmont
19610	PA	Wyomissing|Reading|Spring Ridge|Penn State Berks|Colony Park|Whitfield
19611	PA	Reading|West Reading
19612	PA	Reading
19701	DE	Bear|Glasgow|St. Georges
19702	DE	Newark|Glasgow|Bear
19703	DE	Claymont|Ardentown
19706	DE	Delaware City
19707	DE	Hockessin|North Star|Pike Creek
19708	DE	Kirkwood
19709	DE	Middletown|St. Georges
19710	DE	Montchanin
19711	DE	Newark|North Star|Pike Creek Valley|Pike Creek
19712	DE	Newark
19713	DE	Newark|Brookside
19714	DE	Newark
19715	DE	Newark
19716	DE	Newark
19717	DE	Newark
19718	DE	Newark
19720	DE	New Castle|Wilmington Manor|St. Georges|Bear
19721	DE	New Castle
19725	DE	Newark
19726	DE	New Castle
19730	DE	Odessa
19731	DE	Port Penn
19732	DE	Rockland
19733	DE	Saint Georges|St. Georges
19734	DE	Townsend|Middletown
19735	DE	Winterthur
19736	DE	Yorklyn|Hockessin
19801	DE	Wilmington
19802	DE	Wilmington|Edgemoor
19803	DE	Wilmington
19804	DE	Wilmington|Newport|Elsmere
19805	DE	Wilmington|Elsmere
19806	DE	Wilmington
19807	DE	Wilmington|Greenville|Hockessin
19808	DE	Wilmington|Pike Creek|Pike Creek Valley
19809	DE	Wilmington|Bellefonte|Edgemoor
19810	DE	Wilmington|Arden|Ardentown|Ardencroft
19850	DE	Wilmington
19880	DE	Wilmington
19884	DE	Wilmington
19885	DE	Wilmington
19886	DE	Wilmington
19890	DE	Wilmington
19891	DE	Wilmington
19892	DE	Wilmington
19893	DE	Wilmington
19894	DE	Wilmington
19895	DE	Wilmington
19896	DE	Wilmington
19897	DE	Wilmington
19898	DE	Wilmington
19899	DE	Wilmington
19901	DE	Dover|Camden|Leipsic|Cheswold|Little Creek|Highland Acres|Rising Sun-Lebanon|Kent Acres|Dover Base Housing
19902	DE	Dover|Dover Afb
19903	DE	Dover
19904	DE	Dover|Cheswold|Camden|Woodside|Rodney Village
19905	DE	Dover
19906	DE	Dover
19930	DE	Bethany Beach|South Bethany
19931	DE	Bethel
19933	DE	Bridgeville
19934	DE	Camden Wyoming|Camden|Wyoming|Rising Sun-Lebanon
19936	DE	Cheswold
19938	DE	Clayton|Kenton
19939	DE	Dagsboro
19940	DE	Delmar
19941	DE	Ellendale
19943	DE	Felton|Woodside|Riverview|Woodside East
19944	DE	Fenwick Island
19945	DE	Frankford|Millville
19946	DE	Frederica|Bowers|Riverview
19947	DE	Georgetown
19950	DE	Greenwood|Farmington
19951	DE	Harbeson
19952	DE	Harrington|Farmington
19953	DE	Hartly
19954	DE	Houston
19955	DE	Kenton
19956	DE	Laurel
19958	DE	Lewes|Rehoboth Beach
19960	DE	Lincoln|Milford
19961	DE	Little Creek
19962	DE	Magnolia|Rising Sun-Lebanon|Woodside East
19963	DE	Milford|Slaughter Beach
19964	DE	Marydel
19966	DE	Millsboro|Long Neck
19967	DE	Millville
19968	DE	Milton
19969	DE	Nassau
19970	DE	Ocean View
19971	DE	Rehoboth Beach|Dewey Beach|Henlopen Acres
19973	DE	Seaford|Blades|Bridgeville
19975	DE	Selbyville
19977	DE	Smyrna|Leipsic
19979	DE	Viola
19980	DE	Woodside
20001	DC	Washington
20002	DC	Washington
20003	DC	Washington
20004	DC	Washington
20005	DC	Washington
20006	DC	Washington
20007	DC	Washington
20008	DC	Washington
20009	DC	Washington
20010	DC	Washington
20011	DC	Washington
20012	DC	Washington
20013	DC	Washington
20015	DC	Washington
20016	DC	Washington
20017	DC	Washington
20018	DC	Washington
20019	DC	Washington
20020	DC	Washington
20022	DC	Washington
20024	DC	Washington
20026	DC	Washington
20027	DC	Washington
20029	DC	Washington
20030	DC	Washington
20032	DC	Washington
20033	DC	Washington
20035	DC	Washington
20036	DC	Washington
20037	DC	Washington
20038	DC	Washington
20039	DC	Washington
20040	DC	Washington
20041	DC	Washington
20042	DC	Washington
20043	DC	Washington
20044	DC	Washington
20045	DC	Washington
20047	DC	Washington
20049	DC	Washington
20050	DC	Washington
20052	DC	Washington
20053	DC	Washington
20055	DC	Washington
20056	DC	Washington
20057	DC	Washington
20058	DC	Washington
20059	DC	Washington
20060	DC	Washington
20061	DC	Washington
20062	DC	Washington
20063	DC	Washington
20064	DC	Washington
20065	DC	Washington
20066	DC	Washington
20067	DC	Washington
20068	DC	Washington
20069	DC	Washington
20070	DC	Washington
20071	DC	Washington
20073	DC	Washington
20074	DC	Washington
20075	DC	Washington
20076	DC	Washington
20077	DC	Washington
20078	DC	Washington
20080	DC	Washington
20081	DC	Washington
20082	DC	Washington
20090	DC	Washington
20091	DC	Washington
20101	VA	Dulles
20102	VA	Dulles
20103	VA	Dulles
20104	VA	Dulles
20105	VA	Aldie|Stone Ridge|Arcola
20106	VA	Amissville
20108	VA	Manassas
20109	VA	Manassas|Sudley|Bull Run|Innovation|Linton Hall
20110	VA	Manassas|Buckhall|Innovation|Loch Lomond
20111	VA	Manassas|Manassas Park|Buckhall|Yorkshire|Loch Lomond
20112	VA	Manassas|Buckhall|Independent Hill
20113	VA	Manassas
20115	VA	Marshall|Rectortown
20116	VA	Marshall
20117	VA	Middleburg
20118	VA	Middleburg
20119	VA	Catlett|Calverton
20120	VA	Centreville|Bull Run
20121	VA	Centreville|Bull Run
20122	VA	Centreville
20124	VA	Clifton|Union Mill|Centreville
20128	VA	Orlean
20129	VA	Paeonian Springs
20130	VA	Paris
20131	VA	Philomont
20132	VA	Purcellville|Hillsboro
20134	VA	Purcellville
20135	VA	Bluemont|Shenandoah Retreat
20136	VA	Bristow|Linton Hall
20137	VA	Broad Run|New Baltimore
20138	VA	Calverton
20139	VA	Casanova
20140	VA	Rectortown
20141	VA	Round Hill
20142	VA	Round Hill
20143	VA	Catharpin
20144	VA	Delaplane|Rectortown
20146	VA	Ashburn
20147	VA	Ashburn|Belmont|University Center|One Loudoun|Lansdowne|Goose Creek Village
20148	VA	Ashburn|Brambleton|Broadlands|Loudoun Valley Estates|Moorefield|Goose Creek Village
20149	VA	Ashburn
20151	VA	Chantilly|Sully Square
20152	VA	Chantilly|South Riding
20153	VA	Chantilly
20155	VA	Gainesville|Linton Hall
20156	VA	Gainesville
20158	VA	Hamilton
20159	VA	Hamilton
20160	VA	Lincoln
20163	VA	Sterling
20164	VA	Sterling|Sugarland Run|Cascades|Oak Grove
20165	VA	Sterling|Cascades|Lowes Island|Countryside
20166	VA	Sterling|Dulles Town Center|Ashburn|Arcola|Oak Grove|Loudoun Valley Estates|Kincora
20167	VA	Sterling
20168	VA	Haymarket
20169	VA	Haymarket|Gainesville|Bull Run Mountain Estates
20170	VA	Herndon|Dranesville|Hutchison
20171	VA	Herndon|Franklin Farm|Floris|McNair|Difficult Run|Sully Square|Navy
20172	VA	Herndon
20175	VA	Leesburg
20176	VA	Leesburg|Lansdowne
20177	VA	Leesburg
20178	VA	Leesburg
20180	VA	Lovettsville
20181	VA	Nokesville|Linton Hall
20182	VA	Nokesville
20184	VA	Upperville
20185	VA	Upperville
20186	VA	Warrenton|Opal
20187	VA	Warrenton|New Baltimore|Opal
20188	VA	Warrenton
20189	VA	Dulles
20190	VA	Reston
20191	VA	Reston
20192	VA	Herndon
20194	VA	Reston|Great Falls Crossing
20195	VA	Reston
20196	VA	Reston
20197	VA	Waterford
20198	VA	The Plains|Marshall
20201	DC	Washington
20202	DC	Washington
20203	DC	Washington
20204	DC	Washington
20206	DC	Washington
20207	DC	Washington
20208	DC	Washington
20210	DC	Washington
20211	DC	Washington
20212	DC	Washington
20213	DC	Washington
20214	DC	Washington
20215	DC	Washington
20216	DC	Washington
20217	DC	Washington
20218	DC	Washington
20219	DC	Washington
20220	DC	Washington
20221	DC	Washington
20222	DC	Washington
20223	DC	Washington
20224	DC	Washington
20226	DC	Washington
20227	DC	Washington
20228	DC	Washington
20229	DC	Washington
20230	DC	Washington
20232	DC	Washington
20233	DC	Washington
20235	DC	Washington
20237	DC	Washington
20238	DC	Washington
20239	DC	Washington
20240	DC	Washington
20241	DC	Washington
20242	DC	Washington
20244	DC	Washington
20245	DC	Washington
20250	DC	Washington
20251	DC	Washington
20252	DC	Washington
20254	DC	Washington
20260	DC	Washington
20261	DC	Washington
20262	DC	Washington
20265	DC	Washington
20266	DC	Washington
20268	DC	Washington
20270	DC	Washington
20277	DC	Washington
20289	DC	Washington
20299	DC	Washington
20301	DC	Washington
20303	DC	Washington
20306	DC	Washington
20310	DC	Washington
20314	DC	Washington
20317	DC	Washington
20318	DC	Washington
20319	DC	Washington
20330	DC	Washington
20340	DC	Washington
20350	DC	Washington
20355	DC	Washington
20370	DC	Washington
20372	DC	Washington
20373	DC	Naval Anacost Annex
20374	DC	Washington Navy Yard
20375	DC	Washington
20376	DC	Washington Navy Yard
20380	DC	Washington
20388	DC	Washington Navy Yard
20389	DC	Washington
20390	DC	Washington
20391	DC	Washington Navy Yard
20392	DC	Washington
20393	DC	Washington
20394	DC	Washington
20395	DC	Washington
20398	DC	Washington Navy Yard
20401	DC	Washington
20402	DC	Washington
20403	DC	Washington
20404	DC	Washington
20405	DC	Washington
20406	DC	Washington
20407	DC	Washington
20408	DC	Washington
20409	DC	Washington
20410	DC	Washington
20411	DC	Washington
20412	DC	Washington
20413	DC	Washington
20414	DC	Washington
20415	DC	Washington
20416	DC	Washington
20417	DC	Washington
20418	DC	Washington
20419	DC	Washington
20420	DC	Washington
20421	DC	Washington
20422	DC	Washington
20423	DC	Washington
20424	DC	Washington
20425	DC	Washington
20426	DC	Washington
20427	DC	Washington
20428	DC	Washington
20429	DC	Washington
20431	DC	Washington
20433	DC	Washington
20434	DC	Washington
20435	DC	Washington
20436	DC	Washington
20437	DC	Washington
20439	DC	Washington
20440	DC	Washington
20441	DC	Washington
20442	DC	Washington
20444	DC	Washington
20447	DC	Washington
20451	DC	Washington
20453	DC	Washington
20456	DC	Washington
20460	DC	Washington
20463	DC	Washington
20468	DC	Washington
20469	DC	Washington
20470	DC	Washington
20472	DC	Washington
20500	DC	Washington
20501	DC	Washington
20502	DC	Washington
20503	DC	Washington
20504	DC	Washington
20505	DC	Washington
20506	DC	Washington
20507	DC	Washington
20508	DC	Washington
20509	DC	Washington
20510	DC	Washington
20511	DC	Washington
20515	DC	Washington
20520	DC	Washington
20521	DC	Washington
20522	DC	Washington
20523	DC	Washington
20524	DC	Washington
20525	DC	Washington
20526	DC	Washington
20527	DC	Washington
20528	DC	Washington
20529	DC	Washington
20530	DC	Washington
20531	DC	Washington
20533	DC	Washington
20534	DC	Washington
20535	DC	Washington
20536	DC	Washington
20537	DC	Washington
20538	DC	Washington
20539	DC	Washington
20540	DC	Washington
20541	DC	Washington
20542	DC	Washington
20543	DC	Washington
20544	DC	Washington
20546	DC	Washington
20547	DC	Washington
20548	DC	Washington
20549	DC	Washington
20551	DC	Washington
20552	DC	Washington
20553	DC	Washington
20554	DC	Washington
20555	DC	Washington
20557	DC	Washington
20559	DC	Washington
20560	DC	Washington
20565	DC	Washington
20566	DC	Washington
20570	DC	Washington
20571	DC	Washington
20572	DC	Washington
20573	DC	Washington
20575	DC	Washington
20576	DC	Washington
20577	DC	Washington
20578	DC	Washington
20579	DC	Washington
20580	DC	Washington
20581	DC	Washington
20585	DC	Washington
20586	DC	Washington
20588	MD	Dhs
20590	DC	Washington
20591	DC	Washington
20593	DC	Washington
20594	DC	Washington
20597	DC	Washington
20598	VA	Dhs
20599	DC	Washington
20601	MD	Waldorf|Accokeek|Brandywine|Hughesville|Bryantown
20602	MD	Waldorf
20603	MD	Waldorf|Bensville
20604	MD	Waldorf
20606	MD	Abell
20607	MD	Accokeek
20608	MD	Aquasco|Eagle Harbor
20609	MD	Avenue
20610	MD	Barstow
20611	MD	Bel Alton
20612	MD	Benedict
20613	MD	Brandywine|Baden|Cedarville|Croom|Accokeek|Aquasco
20615	MD	Broomes Island
20616	MD	Bryans Road
20617	MD	Bryantown
20618	MD	Bushwood
20619	MD	California|Wildewood
20620	MD	Callaway
20621	MD	Chaptico
20622	MD	Charlotte Hall
20623	MD	Cheltenham|Rosaryville
20624	MD	Clements
20625	MD	Cobb Island
20626	MD	Coltons Point
20627	MD	Compton
20628	MD	Dameron
20629	MD	Dowell|Solomons
20630	MD	Drayden
20632	MD	Faulkner
20634	MD	Great Mills|California
20635	MD	Helen
20636	MD	Hollywood
20637	MD	Hughesville
20639	MD	Huntingtown
20640	MD	Indian Head|Bryans Road|Potomac Heights
20643	MD	Ironsides
20645	MD	Issue
20646	MD	La Plata|Bryans Road
20650	MD	Leonardtown|Callaway
20653	MD	Lexington Park|California
20656	MD	Loveville
20657	MD	Lusby|Chesapeake Ranch Estates|Drum Point
20658	MD	Marbury
20659	MD	Mechanicsville|Golden Beach|Charlotte Hall
20660	MD	Morganza
20661	MD	Mount Victoria|Cobb Island
20662	MD	Nanjemoy
20664	MD	Newburg|Rock Point|Cobb Island
20667	MD	Park Hall
20670	MD	Patuxent River
20674	MD	Piney Point|St. George Island
20675	MD	Pomfret|Bensville|Waldorf
20676	MD	Port Republic
20677	MD	Port Tobacco|Port Tobacco Village
20678	MD	Prince Frederick
20680	MD	Ridge
20682	MD	Rock Point
20684	MD	Saint Inigoes
20685	MD	Saint Leonard|St. Leonard|Long Beach|Calvert Beach
20686	MD	Saint Marys City
20687	MD	Scotland
20688	MD	Solomons
20689	MD	Sunderland
20690	MD	Tall Timbers|Piney Point
20692	MD	Valley Lee|Tall Timbers
20693	MD	Welcome
20695	MD	White Plains|Waldorf|Bensville
20697	MD	Southern Md Facility
20701	MD	Annapolis Junction|Jessup
20703	MD	Lanham
20704	MD	Beltsville
20705	MD	Beltsville|Konterra|Calverton|South Laurel
20706	MD	Lanham|Glenarden|Greenbelt|New Carrollton|Seabrook|Glenn Dale|Mitchellville|Springdale
20707	MD	Laurel|Konterra|West Laurel|Burtonsville|South Laurel
20708	MD	Laurel|South Laurel
20709	MD	Laurel
20710	MD	Bladensburg
20711	MD	Lothian
20712	MD	Mount Rainier|Brentwood|Chillum
20714	MD	North Beach
20715	MD	Bowie
20716	MD	Bowie|Queen Anne
20717	MD	Bowie
20718	MD	Bowie
20719	MD	Bowie
20720	MD	Bowie|Fairwood|Glenn Dale|Mitchellville
20721	MD	Bowie|Woodmore|Mitchellville|Lake Arbor|Springdale
20722	MD	Brentwood|Colmar Manor|Cottage City|North Brentwood
20723	MD	Laurel|North Laurel|Scaggsville|Fulton
20724	MD	Laurel|Maryland City
20725	MD	Laurel
20726	MD	Laurel
20731	MD	Capitol Heights
20732	MD	Chesapeake Beach
20733	MD	Churchton|Deale|Shady Side
20735	MD	Clinton|Andrews AFB
20736	MD	Owings|Friendship
20737	MD	Riverdale|Riverdale Park|East Riverdale|Woodlawn
20738	MD	Riverdale
20740	MD	College Park|Berwyn Heights|Riverdale Park|Beltsville
20741	MD	College Park
20742	MD	College Park
20743	MD	Capitol Heights|Seat Pleasant|Fairmount Heights|Walker Mill|Coral Hills|Peppermill Village|Cedar Heights|Maryland Park
20744	MD	Fort Washington|Oxon Hill|Friendly|Camp Springs|Temple Hills
20745	MD	Oxon Hill|Forest Heights|Glassmanor|National Harbor
20746	MD	Suitland|Morningside|Camp Springs|Silver Hill
20747	MD	District Heights|Forestville|Suitland|Walker Mill
20748	MD	Temple Hills|Camp Springs|Hillcrest Heights|Marlow Heights
20749	MD	Fort Washington
20750	MD	Oxon Hill
20751	MD	Deale
20752	MD	Suitland
20753	MD	District Heights
20754	MD	Dunkirk
20755	MD	Fort George G Meade|Fort Meade
20757	MD	Temple Hills
20758	MD	Friendship
20759	MD	Fulton|Highland
20762	MD	Andrews Air Force Base|Andrews AFB
20763	MD	Savage
20764	MD	Shady Side
20765	MD	Galesville
20768	MD	Greenbelt
20769	MD	Glenn Dale
20770	MD	Greenbelt|Seabrook
20771	MD	Greenbelt
20772	MD	Upper Marlboro|Croom|Westphalia|Rosaryville|Marlton|Queensland|Baden|Marlboro Meadows|Marlboro Village|Melwood|Brock Hall|Brown Station
20773	MD	Upper Marlboro
20774	MD	Upper Marlboro|Glenarden|Brock Hall|Kettering|Brown Station|Queen Anne|Largo|Westphalia|Marlboro Meadows|Lake Arbor|Springdale
20775	MD	Upper Marlboro
20776	MD	Harwood
20777	MD	Highland
20778	MD	West River|Shady Side|Galesville
20779	MD	Tracys Landing|Deale|Friendship
20781	MD	Hyattsville|Edmonston|Colmar Manor|Cottage City|East Riverdale
20782	MD	Hyattsville|University Park|Chillum|Adelphi
20783	MD	Hyattsville|Adelphi|Chillum|Langley Park|Hillandale|Beltsville
20784	MD	Hyattsville|New Carrollton|Landover Hills|Woodlawn|Landover
20785	MD	Hyattsville|Cheverly|Glenarden|Summerfield|Landover
20787	MD	Hyattsville
20788	MD	Hyattsville
20790	MD	Capitol Heights
20791	MD	Capitol Heights
20792	MD	Upper Marlboro
20794	MD	Jessup|Savage|Severn
20797	MD	Southern Md Facility
20799	MD	Capitol Heights
20810	MD	Bethesda
20811	MD	Bethesda
20812	MD	Glen Echo|Brookmont|Cabin John
20813	MD	Bethesda
20814	MD	Bethesda|North Bethesda|Chevy Chase|South Kensington
20815	MD	Chevy Chase|Chevy Chase Village|Somerset|Martin's Additions|Chevy Chase Section Three|North Chevy Chase|Chevy Chase Section Five|Bethesda|Silver Spring|Friendship Heights Village
20816	MD	Bethesda|Somerset|Brookmont
20817	MD	Bethesda|Potomac|North Bethesda|Cabin John
20818	MD	Cabin John
20824	MD	Bethesda
20825	MD	Chevy Chase
20827	MD	Bethesda
20830	MD	Olney
20832	MD	Olney
20833	MD	Brookeville|Olney|Ashton-Sandy Spring
20837	MD	Poolesville
20838	MD	Barnesville
20839	MD	Beallsville
20841	MD	Boyds|Ten Mile Creek|Clarksburg|Germantown
20842	MD	Dickerson
20847	MD	Rockville
20848	MD	Rockville
20849	MD	Rockville
20850	MD	Rockville|Travilah|North Potomac
20851	MD	Rockville|North Bethesda|Aspen Hill
20852	MD	Rockville|North Bethesda
20853	MD	Rockville|Aspen Hill|Olney
20854	MD	Potomac|Rockville|Travilah|Darnestown
20855	MD	Derwood|Redland
20857	MD	Rockville
20859	MD	Potomac
20860	MD	Sandy Spring|Ashton-Sandy Spring|Olney
20861	MD	Ashton|Ashton-Sandy Spring|Cloverly
20862	MD	Brinklow|Ashton-Sandy Spring
20866	MD	Burtonsville|Fairland
20868	MD	Spencerville|Burtonsville
20871	MD	Clarksburg|Green Valley|Ten Mile Creek
20872	MD	Damascus
20874	MD	Germantown|Darnestown
20875	MD	Germantown
20876	MD	Germantown|Clarksburg
20877	MD	Gaithersburg|Redland|Flower Hill
20878	MD	Gaithersburg|North Potomac|Darnestown|Travilah
20879	MD	Gaithersburg|Flower Hill
20880	MD	Washington Grove
20882	MD	Gaithersburg|Laytonsville|Damascus
20883	MD	Gaithersburg
20884	MD	Gaithersburg
20885	MD	Gaithersburg
20886	MD	Montgomery Village
20889	MD	Bethesda
20891	MD	Kensington
20892	MD	Bethesda
20894	MD	Bethesda
20895	MD	Kensington|Chevy Chase View|South Kensington|North Kensington|North Bethesda
20896	MD	Garrett Park|North Bethesda
20897	MD	Suburb Maryland Fac
20898	MD	Gaithersburg
20899	MD	Gaithersburg
20901	MD	Silver Spring|Four Corners|Kemp Mill|Burnt Mills|White Oak
20902	MD	Silver Spring|Wheaton|Kemp Mill|Forest Glen|North Kensington|Glenmont
20903	MD	Silver Spring|Hillandale|White Oak|Burnt Mills|Langley Park
20904	MD	Silver Spring|Colesville|Calverton|Fairland|White Oak
20905	MD	Silver Spring|Cloverly|Ashton-Sandy Spring|Spencerville|Fairland|Burtonsville
20906	MD	Silver Spring|Aspen Hill|Glenmont|Wheaton|Layhill|Olney|Leisure World|Cloverly
20907	MD	Silver Spring
20908	MD	Silver Spring
20910	MD	Silver Spring|Forest Glen|South Kensington
20911	MD	Silver Spring
20912	MD	Takoma Park|Silver Spring|Chillum|Langley Park
20913	MD	Takoma Park
20914	MD	Silver Spring
20915	MD	Silver Spring
20916	MD	Silver Spring
20918	MD	Silver Spring
20993	MD	Silver Spring
20997	MD	Silver Spring
21001	MD	Aberdeen|Perryman|Riverside
21005	MD	Aberdeen Proving Ground
21009	MD	Abingdon|Bel Air South
21010	MD	Gunpowder|Edgewood
21012	MD	Arnold
21013	MD	Baldwin|Fallston
21014	MD	Bel Air|Bel Air North|Bel Air South
21015	MD	Bel Air|Bel Air South|Bel Air North|Riverside
21017	MD	Belcamp|Riverside
21018	MD	Benson
21020	MD	Boring
21022	MD	Brooklandville
21023	MD	Butler
21027	MD	Chase
21028	MD	Churchville
21029	MD	Clarksville|Columbia
21030	MD	Cockeysville
21031	MD	Hunt Valley|Cockeysville
21032	MD	Crownsville|Herald Harbor|Arden on the Severn
21034	MD	Darlington
21035	MD	Davidsonville|Riva
21036	MD	Dayton
21037	MD	Edgewater|Mayo|Annapolis Neck|Parole|Riva
21040	MD	Edgewood
21041	MD	Ellicott City
21042	MD	Ellicott City
21043	MD	Ellicott City|Ilchester
21044	MD	Columbia
21045	MD	Columbia
21046	MD	Columbia
21047	MD	Fallston|Pleasant Hills
21048	MD	Finksburg
21050	MD	Forest Hill|Bel Air North|Jarrettsville
21051	MD	Fork
21052	MD	Fort Howard|Edgemere
21053	MD	Freeland
21054	MD	Gambrills|Odenton|Crofton
21056	MD	Gibson Island
21057	MD	Glen Arm
21060	MD	Glen Burnie|Pasadena
21061	MD	Glen Burnie|Ferndale|Severn
21062	MD	Glen Burnie
21065	MD	Hunt Valley
21071	MD	Glyndon
21074	MD	Hampstead
21075	MD	Elkridge|Ilchester
21076	MD	Hanover|Severn|Elkridge
21077	MD	Harmans|Severn
21078	MD	Havre De Grace
21082	MD	Hydes
21084	MD	Jarrettsville
21085	MD	Joppa|Joppatowne|Edgewood|Pleasant Hills
21087	MD	Kingsville|Pleasant Hills
21088	MD	Lineboro
21090	MD	Linthicum Heights|Linthicum
21092	MD	Long Green
21093	MD	Lutherville Timonium|Timonium|Mays Chapel|Lutherville|Pikesville|Hampton
21094	MD	Lutherville Timonium
21102	MD	Manchester
21104	MD	Marriottsville|Eldersburg
21105	MD	Maryland Line
21106	MD	Mayo
21108	MD	Millersville|Severna Park|Gambrills|Glen Burnie
21111	MD	Monkton
21113	MD	Odenton|Fort Meade
21114	MD	Crofton
21117	MD	Owings Mills|Garrison|Reisterstown
21120	MD	Parkton
21122	MD	Pasadena|Lake Shore|Severna Park|Riviera Beach
21123	MD	Pasadena
21128	MD	Perry Hall|Honeygo|White Marsh
21130	MD	Perryman
21131	MD	Phoenix
21132	MD	Pylesville
21133	MD	Randallstown
21136	MD	Reisterstown
21139	MD	Riderwood
21140	MD	Riva
21144	MD	Severn|Gambrills
21146	MD	Severna Park
21150	MD	Simpsonville
21152	MD	Sparks Glencoe
21153	MD	Stevenson|Pikesville
21154	MD	Street
21155	MD	Upperco
21156	MD	Upper Falls|Kingsville
21157	MD	Westminster
21158	MD	Westminster
21160	MD	Whiteford
21161	MD	White Hall
21162	MD	White Marsh|Honeygo|Middle River
21163	MD	Woodstock|Randallstown|Ellicott City
21201	MD	Baltimore
21202	MD	Baltimore
21203	MD	Baltimore
21204	MD	Towson
21205	MD	Baltimore
21206	MD	Baltimore|Rosedale|Overlea
21207	MD	Gwynn Oak|Baltimore|Lochearn|Woodlawn
21208	MD	Pikesville|Lochearn|Garrison|Randallstown|Milford Mill
21209	MD	Baltimore|Pikesville|Towson
21210	MD	Baltimore|Towson
21211	MD	Baltimore
21212	MD	Baltimore|Towson
21213	MD	Baltimore
21214	MD	Baltimore
21215	MD	Baltimore
21216	MD	Baltimore
21217	MD	Baltimore
21218	MD	Baltimore
21219	MD	Sparrows Point|Edgemere
21220	MD	Middle River|Bowleys Quarters
21221	MD	Essex|Middle River|Rosedale
21222	MD	Dundalk|Baltimore
21223	MD	Baltimore
21224	MD	Baltimore|Dundalk
21225	MD	Brooklyn|Baltimore|Brooklyn Park
21226	MD	Baltimore|Curtis Bay|Pasadena|Riviera Beach
21227	MD	Halethorpe|Arbutus|Lansdowne|Baltimore Highlands|Catonsville
21228	MD	Catonsville|Woodlawn
21229	MD	Baltimore|Catonsville|Arbutus
21230	MD	Baltimore
21231	MD	Baltimore
21233	MD	Baltimore
21234	MD	Parkville|Baltimore|Carney|Perry Hall|Overlea|Hampton
21235	MD	Baltimore
21236	MD	Nottingham|Perry Hall|Overlea|White Marsh|Rossville|Carney
21237	MD	Rosedale|Baltimore|Rossville|White Marsh
21239	MD	Baltimore|Towson
21240	MD	Baltimore
21241	MD	Baltimore
21244	MD	Windsor Mill|Milford Mill|Woodlawn|Randallstown
21250	MD	Baltimore|Catonsville
21251	MD	Baltimore
21252	MD	Towson
21263	MD	Baltimore
21264	MD	Baltimore
21270	MD	Baltimore
21273	MD	Baltimore
21275	MD	Baltimore
21278	MD	Baltimore
21279	MD	Baltimore
21280	MD	Baltimore
21281	MD	Baltimore
21282	MD	Pikesville
21284	MD	Towson
21285	MD	Towson
21286	MD	Towson|Hampton|Parkville
21287	MD	Baltimore
21288	MD	Baltimore
21289	MD	Baltimore
21290	MD	Baltimore
21297	MD	Baltimore
21298	MD	Baltimore
21401	MD	Annapolis|Parole|Crownsville|Annapolis Neck|Naval Academy
21402	MD	Annapolis|Naval Academy
21403	MD	Annapolis|Highland Beach|Annapolis Neck
21404	MD	Annapolis
21405	MD	Annapolis
21409	MD	Annapolis|Cape St. Claire|Arnold
21411	MD	Annapolis
21412	MD	Annapolis
21501	MD	Cumberland
21502	MD	Cumberland|La Vale|Cresaptown|Pleasant Grove|Bowmans Addition|Bowling Green|Bel Air|Bier|Potomac Park|Spring Gap|Corriganville
21503	MD	Cumberland
21504	MD	Cumberland
21505	MD	Cumberland
21520	MD	Accident
21521	MD	Barton|Moscow
21522	MD	Bittinger
21523	MD	Bloomington
21524	MD	Corriganville
21528	MD	Eckhart Mines
21529	MD	Ellerslie
21530	MD	Flintstone
21531	MD	Friendsville
21532	MD	Frostburg|Midland|Finzel|Eckhart Mines|Zihlman|Vale Summit|Shaft|Klondike|Midlothian|Carlos|Woodland|National|Grahamtown|Clarysville|Gilmore|Ocean
21536	MD	Grantsville|Jennings
21538	MD	Kitzmiller
21539	MD	Lonaconing|Detmold|Nikep
21540	MD	Luke
21541	MD	Mc Henry
21542	MD	Midland
21543	MD	Midlothian
21545	MD	Mount Savage|Barrelville
21550	MD	Oakland|Mountain Lake Park|Deer Park|Loch Lynn Heights|Gorman|Crellin|Hutton
21555	MD	Oldtown
21556	MD	Pinto
21557	MD	Rawlings|Danville|Bier|McCoole|Dawson
21560	MD	Spring Gap
21561	MD	Swanton
21562	MD	Westernport|McCoole|Franklin
21601	MD	Easton
21607	MD	Barclay
21609	MD	Bethlehem
21610	MD	Betterton
21612	MD	Bozman
21613	MD	Cambridge|Algonquin
21617	MD	Centreville
21619	MD	Chester|Kent Narrows
21620	MD	Chestertown|Fairlee|Kingstown|Georgetown|Chesapeake Landing|Tolchester
21622	MD	Church Creek|Fishing Creek
21623	MD	Church Hill
21624	MD	Claiborne
21625	MD	Cordova
21626	MD	Crapo
21627	MD	Crocheron
21628	MD	Crumpton
21629	MD	Denton|West Denton|Williston
21631	MD	East New Market
21632	MD	Federalsburg
21634	MD	Fishing Creek
21635	MD	Galena
21636	MD	Goldsboro
21638	MD	Grasonville|Kent Narrows
21639	MD	Greensboro
21640	MD	Henderson
21641	MD	Hillsboro
21643	MD	Hurlock
21644	MD	Ingleside
21645	MD	Kennedyville
21647	MD	Mcdaniel
21648	MD	Madison
21649	MD	Marydel|Templeville|Henderson
21650	MD	Massey
21651	MD	Millington
21652	MD	Neavitt
21653	MD	Newcomb
21654	MD	Oxford
21655	MD	Preston|Choptank
21656	MD	Price
21657	MD	Queen Anne
21658	MD	Queenstown
21659	MD	Rhodesdale|Galestown|Eldorado|Brookview
21660	MD	Ridgely
21661	MD	Rock Hall|Edesville
21662	MD	Royal Oak
21663	MD	Saint Michaels|St. Michaels
21664	MD	Secretary
21665	MD	Sherwood|Tilghman Island
21666	MD	Stevensville|Romancoke|Chester
21667	MD	Still Pond
21668	MD	Sudlersville
21669	MD	Taylors Island
21670	MD	Templeville
21671	MD	Tilghman|Tilghman Island
21672	MD	Toddville
21673	MD	Trappe
21675	MD	Wingate
21676	MD	Wittman
21677	MD	Woolford|Madison
21678	MD	Worton|Butlertown
21679	MD	Wye Mills
21690	MD	Chestertown
21701	MD	Frederick|Spring Ridge|Libertytown|Linganore
21702	MD	Frederick|Braddock Heights
21703	MD	Frederick|Ballenger Creek|Braddock Heights
21704	MD	Frederick|Urbana|Ballenger Creek|Bartonsville
21705	MD	Frederick
21709	MD	Frederick
21710	MD	Adamstown|Buckeystown
21711	MD	Big Pool|Pecktonville|Ernstville|Indian Springs
21713	MD	Boonsboro|Mount Lena|Fairplay|San Mar|Tilghmanton|Mapleville|Breathedsville|Beaver Creek|Bakersville
21714	MD	Braddock Heights
21715	MD	Brownsville
21716	MD	Brunswick
21717	MD	Buckeystown
21718	MD	Burkittsville
21719	MD	Cascade|Highfield-Cascade|Fort Ritchie|Sabillasville
21720	MD	Cavetown
21721	MD	Chewsville
21722	MD	Clear Spring|Wilson-Conococheague|Charlton|Big Spring|Fairview
21723	MD	Cooksville
21727	MD	Emmitsburg
21733	MD	Fairplay|St. James
21734	MD	Funkstown
21737	MD	Glenelg
21738	MD	Glenwood
21740	MD	Hagerstown|Funkstown|St. James|Wilson-Conococheague|Halfway|Maugansville|Beaver Creek|Bagtown|Mount Aetna|Kemps Mill|Cearfoss|Robinwood|Fairview
21741	MD	Hagerstown
21742	MD	Hagerstown|Fountainhead-Orchard Hills|Robinwood|Paramount-Long Meadow|Leitersburg|Mount Aetna|Jugtown|Ringgold|Reid|Middleburg
21746	MD	Hagerstown
21747	MD	Hagerstown
21749	MD	Hagerstown
21750	MD	Hancock
21754	MD	Ijamsville|Urbana|Green Valley|Linganore|Bartonsville
21755	MD	Jefferson|Burkittsville
21756	MD	Keedysville|Mount Briar|Trego-Rohrersville Station|Rohrersville|Eakles Mill
21757	MD	Keymar
21758	MD	Knoxville|Brunswick|Rosemont|Garretts Mill|Yarrowsburg|Sandy Hook|Brownsville
21759	MD	Ladiesburg
21762	MD	Libertytown
21765	MD	Lisbon
21766	MD	Little Orleans
21767	MD	Maugansville
21769	MD	Middletown
21770	MD	Monrovia|New Market|Green Valley
21771	MD	Mount Airy|Green Valley
21773	MD	Myersville
21774	MD	New Market|Linganore
21775	MD	New Midway
21776	MD	New Windsor
21777	MD	Point Of Rocks
21778	MD	Rocky Ridge
21779	MD	Rohrersville|Gapland
21780	MD	Sabillasville
21781	MD	Saint James|St. James
21782	MD	Sharpsburg|Mercersville|Dargan|Antietam
21783	MD	Smithsburg|Cavetown|Chewsville|Edgemont|Greensburg|Pondsville|Ringgold
21784	MD	Sykesville|Eldersburg
21787	MD	Taneytown
21788	MD	Thurmont|Lewistown|Graceham
21790	MD	Tuscarora|Point of Rocks
21791	MD	Union Bridge|Libertytown
21792	MD	Unionville
21793	MD	Walkersville
21794	MD	West Friendship
21795	MD	Williamsport|Halfway|Pinesburg|Downsville|Wilson-Conococheague
21797	MD	Woodbine|Lisbon
21798	MD	Woodsboro
21801	MD	Salisbury
21802	MD	Salisbury
21803	MD	Salisbury
21804	MD	Salisbury
21810	MD	Allen
21811	MD	Berlin|Ocean Pines|Newark|West Ocean City
21813	MD	Bishopville
21814	MD	Bivalve|Jesterville
21817	MD	Crisfield
21821	MD	Deal Island|Dames Quarter|Chance
21822	MD	Eden
21824	MD	Ewell|Smith Island
21826	MD	Fruitland
21829	MD	Girdletree
21830	MD	Hebron|Quantico
21835	MD	Linkwood
21836	MD	Manokin
21837	MD	Mardela Springs
21838	MD	Marion Station
21840	MD	Nanticoke|Waterview|Nanticoke Acres
21841	MD	Newark
21842	MD	Ocean City|West Ocean City
21843	MD	Ocean City
21849	MD	Parsonsburg
21850	MD	Pittsville|Powellville
21851	MD	Pocomoke City|West Pocomoke
21852	MD	Powellville
21853	MD	Princess Anne|Mount Vernon
21856	MD	Quantico|Tyaskin|Whitehaven
21857	MD	Rehobeth
21861	MD	Sharptown
21862	MD	Showell
21863	MD	Snow Hill
21864	MD	Stockton
21865	MD	Tyaskin|Bivalve
21866	MD	Tylerton|Smith Island
21867	MD	Upper Fairmount|Fairmount
21869	MD	Vienna|Elliott
21871	MD	Westover|Fairmount|Frenchtown-Rumbly|West Pocomoke
21872	MD	Whaleyville
21874	MD	Willards
21875	MD	Delmar
21890	MD	Westover
21901	MD	North East|Charlestown
21902	MD	Perry Point
21903	MD	Perryville
21904	MD	Port Deposit|Perryville
21911	MD	Rising Sun
21912	MD	Warwick
21913	MD	Cecilton
21914	MD	Charlestown
21915	MD	Chesapeake City
21916	MD	Childs
21917	MD	Colora
21918	MD	Conowingo
21919	MD	Earleville
21920	MD	Elk Mills
21921	MD	Elkton|North East
21922	MD	Elkton
21930	MD	Georgetown
22003	VA	Annandale|Wakefield|Woodburn
22009	VA	Burke
22015	VA	Burke|Burke Centre
22025	VA	Dumfries|Montclair
22026	VA	Dumfries|Cherry Hill
22027	VA	Dunn Loring
22030	VA	Fairfax|Braddock|George Mason|Fairfax Station|Fair Oaks|Fair Lakes|Union Mill
22031	VA	Fairfax|Mantua|Merrifield|Oakton|Woodburn|Long Branch
22032	VA	Fairfax|Kings Park West|Long Branch|Fairfax Station|George Mason
22033	VA	Fairfax|Fair Oaks|Greenbriar|Navy|Fair Lakes|Franklin Farm
22034	VA	Fairfax
22035	VA	Fairfax|Fair Oaks
22036	VA	Fairfax
22037	VA	Fairfax
22038	VA	Fairfax
22039	VA	Fairfax Station|South Run|Crosspointe|Union Mill
22040	VA	Falls Church
22041	VA	Falls Church|Bailey's Crossroads|Lake Barcroft|Seven Corners
22042	VA	Falls Church|West Falls Church|Annandale|Merrifield|Woodburn|Idylwood
22043	VA	Falls Church|Idylwood|Pimmit Hills|McLean
22044	VA	Falls Church|Lake Barcroft|Seven Corners
22046	VA	Falls Church|Idylwood|McLean
22060	VA	Fort Belvoir
22066	VA	Great Falls|McLean|Lowes Island
22067	VA	Greenway
22079	VA	Lorton|Mason Neck|Laurel Hill|Newington|Crosspointe|Newington Forest|Franconia
22081	VA	Merrifield
22082	VA	Merrifield
22095	VA	Herndon
22096	VA	Reston
22101	VA	Mc Lean|McLean
22102	VA	Mc Lean|McLean|Tysons|Great Falls
22103	VA	West Mclean
22106	VA	Mc Lean
22107	VA	Mc Lean
22108	VA	Mc Lean
22109	VA	Mc Lean
22116	VA	Merrifield
22118	VA	Merrifield
22119	VA	Merrifield
22121	VA	Mount Vernon
22122	VA	Newington
22124	VA	Oakton|Difficult Run|Fair Oaks
22125	VA	Occoquan
22134	VA	Quantico|Quantico Base|Camp Barrett
22135	VA	Quantico
22150	VA	Springfield|Newington
22151	VA	Springfield|North Springfield|Kings Park|Ravensworth
22152	VA	Springfield|West Springfield|Burke
22153	VA	Springfield|Newington Forest|Newington|Burke|South Run
22156	VA	Springfield
22158	VA	Springfield
22159	VA	Springfield
22160	VA	Springfield
22161	VA	Springfield
22172	VA	Triangle|Dumfries
22180	VA	Vienna|Dunn Loring|Merrifield
22181	VA	Vienna|Oakton|Wolf Trap|Difficult Run
22182	VA	Vienna|Wolf Trap|Tysons|Dunn Loring
22183	VA	Vienna
22185	VA	Vienna
22191	VA	Woodbridge|Leesylvania|Cherry Hill
22192	VA	Woodbridge|Occoquan|Lake Ridge|Potomac Mills|County Center
22193	VA	Woodbridge|Dale City|Montclair|Independent Hill|Potomac Mills|County Center
22194	VA	Woodbridge
22195	VA	Woodbridge
22199	VA	Lorton
22201	VA	Arlington
22202	VA	Arlington
22203	VA	Arlington
22204	VA	Arlington
22205	VA	Arlington
22206	VA	Arlington
22207	VA	Arlington
22209	VA	Arlington
22210	VA	Arlington
22211	VA	Fort Myer|Arlington
22212	VA	Arlington
22213	VA	Arlington
22214	VA	Arlington
22215	VA	Arlington
22216	VA	Arlington
22217	VA	Arlington
22219	VA	Arlington
22225	VA	Arlington
22226	VA	Arlington
22227	VA	Arlington
22230	VA	Arlington
22240	VA	Arlington
22241	VA	Arlington
22242	VA	Arlington
22243	VA	Arlington
22244	VA	Arlington
22245	VA	Arlington
22246	VA	Arlington
22301	VA	Alexandria
22302	VA	Alexandria
22303	VA	Alexandria|Huntington|Rose Hill|Belle Haven
22304	VA	Alexandria
22305	VA	Alexandria
22306	VA	Alexandria|Groveton|Hybla Valley|Fort Hunt|Belle Haven
22307	VA	Alexandria|Belle Haven|Fort Hunt|Groveton
22308	VA	Alexandria|Fort Hunt
22309	VA	Alexandria|Mount Vernon|Woodlawn
22310	VA	Alexandria|Rose Hill|Franconia|Kingstowne|Huntington
22311	VA	Alexandria|Bailey's Crossroads
22312	VA	Alexandria|Lincolnia
22313	VA	Alexandria
22314	VA	Alexandria
22315	VA	Alexandria|Kingstowne|Franconia|Hayfield
22320	VA	Alexandria
22331	VA	Alexandria
22332	VA	Alexandria
22333	VA	Alexandria
22334	VA	Alexandria
22350	VA	Alexandria
22401	VA	Fredericksburg
22402	VA	Fredericksburg
22403	VA	Fredericksburg
22404	VA	Fredericksburg
22405	VA	Fredericksburg|Falmouth
22406	VA	Fredericksburg|Southern Gateway
22407	VA	Fredericksburg
22408	VA	Fredericksburg
22412	VA	Fredericksburg
22427	VA	Bowling Green
22428	VA	Bowling Green
22430	VA	Brooke
22432	VA	Burgess
22433	VA	Burr Hill
22435	VA	Callao
22436	VA	Caret
22437	VA	Center Cross
22438	VA	Champlain
22442	VA	Coles Point
22443	VA	Colonial Beach
22446	VA	Corbin
22448	VA	Dahlgren|Dahlgren Center
22451	VA	Dogue
22454	VA	Dunnsville
22456	VA	Edwardsville
22460	VA	Farnham
22463	VA	Garrisonville
22469	VA	Hague
22471	VA	Hartwood
22472	VA	Haynesville
22473	VA	Heathsville
22476	VA	Hustle
22480	VA	Irvington
22481	VA	Jersey
22482	VA	Kilmarnock
22485	VA	King George|Dahlgren|Passapatanzy|Fairview Beach
22488	VA	Kinsale
22501	VA	Ladysmith
22503	VA	Lancaster
22504	VA	Laneview
22507	VA	Lively
22508	VA	Locust Grove|Lake of the Woods
22509	VA	Loretto
22511	VA	Lottsburg
22513	VA	Merry Point
22514	VA	Milford
22517	VA	Mollusk
22520	VA	Montross
22523	VA	Morattico
22524	VA	Mount Holly
22526	VA	Ninde
22528	VA	Nuttsville
22529	VA	Oldhams
22530	VA	Ophelia
22534	VA	Partlow
22535	VA	Port Royal
22538	VA	Rappahannock Academy
22539	VA	Reedville
22542	VA	Rhoadesville
22544	VA	Rollins Fork
22545	VA	Ruby
22546	VA	Ruther Glen|Lake Land'Or|Lake Caroline
22547	VA	Sealston
22548	VA	Sharps
22551	VA	Spotsylvania|Spotsylvania Courthouse|Lake Wilderness
22552	VA	Sparta
22553	VA	Spotsylvania|Spotsylvania Courthouse
22554	VA	Stafford|Stafford Courthouse|Aquia Harbour|Boswell's Corner
22555	VA	Stafford
22556	VA	Stafford
22558	VA	Stratford
22560	VA	Tappahannock
22565	VA	Thornburg
22567	VA	Unionville
22570	VA	Village
22572	VA	Warsaw
22576	VA	Weems
22577	VA	Sandy Point
22578	VA	White Stone
22579	VA	Wicomico Church
22580	VA	Woodford
22581	VA	Zacata
22601	VA	Winchester
22602	VA	Winchester|Shawneeland
22603	VA	Winchester
22604	VA	Winchester
22610	VA	Bentonville
22611	VA	Berryville
22620	VA	Boyce
22622	VA	Brucetown
22623	VA	Chester Gap
22624	VA	Clear Brook|Brucetown
22625	VA	Cross Junction|Lake Holiday
22626	VA	Fishers Hill
22627	VA	Flint Hill
22630	VA	Front Royal|Shenandoah Farms|Shenandoah Shores|Chester Gap
22637	VA	Gore
22639	VA	Hume
22640	VA	Huntly|Chester Gap|Flint Hill
22641	VA	Strasburg
22642	VA	Linden|Shenandoah Farms|Skyland Estates|Apple Mountain Lake
22643	VA	Markham
22644	VA	Maurertown
22645	VA	Middletown
22646	VA	Millwood
22649	VA	Middletown
22650	VA	Rileyville
22652	VA	Fort Valley
22654	VA	Star Tannery
22655	VA	Stephens City
22656	VA	Stephenson
22657	VA	Strasburg
22660	VA	Toms Brook
22663	VA	White Post
22664	VA	Woodstock
22701	VA	Culpeper
22709	VA	Aroda
22711	VA	Banco
22712	VA	Bealeton|Opal
22713	VA	Boston
22714	VA	Brandy Station
22715	VA	Brightwood
22716	VA	Castleton
22718	VA	Elkwood
22719	VA	Etlan
22720	VA	Goldvein
22722	VA	Haywood
22723	VA	Hood
22724	VA	Jeffersonton
22725	VA	Leon
22726	VA	Lignum
22727	VA	Madison
22728	VA	Midland|Calverton
22729	VA	Mitchells
22730	VA	Oakpark
22731	VA	Pratts
22732	VA	Radiant
22733	VA	Rapidan
22734	VA	Remington
22735	VA	Reva
22736	VA	Richardsville
22737	VA	Rixeyville
22738	VA	Rochelle
22739	VA	Somerville
22740	VA	Sperryville
22741	VA	Stevensburg
22742	VA	Sumerduck
22743	VA	Syria
22746	VA	Viewtown
22747	VA	Washington
22748	VA	Wolftown
22749	VA	Woodville
22801	VA	Harrisonburg|Massanetta Springs|Belmont Estates
22802	VA	Harrisonburg|Linville
22803	VA	Harrisonburg
22807	VA	Harrisonburg
22810	VA	Basye
22811	VA	Bergton
22812	VA	Bridgewater
22815	VA	Broadway|Timberville
22820	VA	Criders
22821	VA	Dayton
22824	VA	Edinburg|Basye
22827	VA	Elkton|Massanutten
22830	VA	Fulks Run
22831	VA	Hinton
22832	VA	Keezletown
22833	VA	Lacey Spring
22834	VA	Linville
22835	VA	Luray
22840	VA	Mc Gaheysville|Massanutten|McGaheysville
22841	VA	Mount Crawford
22842	VA	Mount Jackson|Basye|Mount Clifton
22843	VA	Mount Solon
22844	VA	New Market
22845	VA	Orkney Springs
22846	VA	Penn Laird|Massanetta Springs
22847	VA	Quicksburg|Mount Jackson|Mount Clifton
22848	VA	Pleasant Valley
22849	VA	Shenandoah
22850	VA	Singers Glen
22851	VA	Stanley
22853	VA	Timberville
22901	VA	Charlottesville|Ivy|Rio|Free Union|Crozet
22902	VA	Charlottesville
22903	VA	Charlottesville|University of Virginia|Ivy|Crozet
22904	VA	Charlottesville|University of Virginia
22905	VA	Charlottesville
22906	VA	Charlottesville
22907	VA	Charlottesville
22908	VA	Charlottesville
22909	VA	Charlottesville
22910	VA	Charlottesville
22911	VA	Charlottesville|Hollymead|Pantops|Piney Mountain
22920	VA	Afton
22922	VA	Arrington
22923	VA	Barboursville
22924	VA	Batesville
22931	VA	Covesville
22932	VA	Crozet
22935	VA	Dyke
22936	VA	Earlysville|Hollymead
22937	VA	Esmont
22938	VA	Faber
22939	VA	Fishersville
22940	VA	Free Union
22942	VA	Gordonsville|Barboursville
22943	VA	Greenwood
22945	VA	Ivy
22946	VA	Keene
22947	VA	Keswick|Rivanna
22948	VA	Locust Dale
22949	VA	Lovingston
22952	VA	Lyndhurst|Sherando
22957	VA	Montpelier Station
22958	VA	Nellysford|Wintergreen
22959	VA	North Garden
22960	VA	Orange
22963	VA	Palmyra|Lake Monticello
22964	VA	Piney River
22965	VA	Quinque
22967	VA	Roseland|Wintergreen
22968	VA	Ruckersville|Twin Lakes
22969	VA	Schuyler
22971	VA	Shipman
22972	VA	Somerset
22973	VA	Stanardsville
22974	VA	Troy
22976	VA	Tyro
22980	VA	Waynesboro|Dooms|Stuarts Draft|Fishersville|Lyndhurst|New Hope|Crimora
22987	VA	White Hall
22989	VA	Woodberry Forest
23001	VA	Achilles
23002	VA	Amelia Court House
23003	VA	Ark
23004	VA	Arvonia
23005	VA	Ashland
23009	VA	Aylett|Central Garage
23011	VA	Barhamsville
23014	VA	Beaumont
23015	VA	Beaverdam
23018	VA	Bena
23021	VA	Bohannon
23022	VA	Bremo Bluff
23023	VA	Bruington
23024	VA	Bumpass
23025	VA	Cardinal
23027	VA	Cartersville
23030	VA	Charles City
23031	VA	Christchurch
23032	VA	Church View
23035	VA	Cobbs Creek
23038	VA	Columbia
23039	VA	Crozier
23040	VA	Cumberland
23043	VA	Deltaville
23045	VA	Diggs
23047	VA	Doswell
23050	VA	Dutton
23055	VA	Fork Union
23056	VA	Foster
23058	VA	Glen Allen
23059	VA	Glen Allen|Wyndham|Short Pump
23060	VA	Glen Allen|Innsbrook|Short Pump|Laurel
23061	VA	Gloucester|Gloucester Courthouse
23062	VA	Gloucester Point
23063	VA	Goochland
23064	VA	Grimstead
23065	VA	Gum Spring
23066	VA	Gwynn
23067	VA	Hadensville
23068	VA	Hallieford
23069	VA	Hanover
23070	VA	Hardyville
23071	VA	Hartfield
23072	VA	Hayes|Gloucester Point
23075	VA	Henrico|Highland Springs
23076	VA	Hudgins
23079	VA	Jamaica
23081	VA	Jamestown
23083	VA	Jetersville
23084	VA	Kents Store
23085	VA	King And Queen Court House
23086	VA	King William|Central Garage
23089	VA	Lanexa
23090	VA	Lightfoot
23091	VA	Little Plymouth
23092	VA	Locust Hill
23093	VA	Louisa|Blue Ridge Shores
23102	VA	Maidens
23103	VA	Manakin Sabot
23105	VA	Mannboro
23106	VA	Manquin
23107	VA	Maryus
23108	VA	Mascot
23109	VA	Mathews
23110	VA	Mattaponi
23111	VA	Mechanicsville
23112	VA	Midlothian|Brandermill|Woodlake
23113	VA	Midlothian
23114	VA	Midlothian
23115	VA	Millers Tavern
23116	VA	Mechanicsville
23117	VA	Mineral
23119	VA	Moon
23120	VA	Moseley
23123	VA	New Canton
23124	VA	New Kent
23125	VA	New Point
23126	VA	Newtown
23127	VA	Norge
23128	VA	North
23129	VA	Oilville
23130	VA	Onemo
23131	VA	Ordinary
23138	VA	Port Haywood
23139	VA	Powhatan
23140	VA	Providence Forge
23141	VA	Quinton
23146	VA	Rockville
23147	VA	Ruthville
23148	VA	Saint Stephens Church
23149	VA	Saluda
23150	VA	Sandston|Highland Springs
23153	VA	Sandy Hook
23154	VA	Schley
23155	VA	Severn
23156	VA	Shacklefords
23160	VA	State Farm
23161	VA	Stevensville
23162	VA	Studley
23163	VA	Susan
23168	VA	Toano
23169	VA	Topping
23170	VA	Trevilians
23173	VA	Richmond
23175	VA	Urbanna
23176	VA	Wake
23177	VA	Walkerton|King William
23178	VA	Ware Neck
23180	VA	Water View
23181	VA	West Point
23183	VA	White Marsh
23184	VA	Wicomico
23185	VA	Williamsburg
23186	VA	Williamsburg
23187	VA	Williamsburg
23188	VA	Williamsburg
23190	VA	Woods Cross Roads
23192	VA	Montpelier
23218	VA	Richmond
23219	VA	Richmond
23220	VA	Richmond
23221	VA	Richmond
23222	VA	Richmond|East Highland Park
23223	VA	Richmond|East Highland Park|Highland Springs|Montrose
23224	VA	Richmond
23225	VA	Richmond|Manchester|Bon Air
23226	VA	Richmond|Tuckahoe
23227	VA	Richmond|Chamberlayne|Lakeside
23228	VA	Henrico|Laurel|Lakeside|Dumbarton
23229	VA	Henrico|Tuckahoe
23230	VA	Richmond|Dumbarton
23231	VA	Henrico|Montrose|Sandston
23232	VA	Richmond
23233	VA	Henrico|Short Pump|Innsbrook
23234	VA	Richmond|Meadowbrook|Bensley
23235	VA	Richmond|Bon Air|Manchester|Rockwood
23236	VA	Richmond|Rockwood|Manchester
23237	VA	Richmond|Bellwood|Meadowbrook|Bensley
23238	VA	Henrico|Tuckahoe
23241	VA	Richmond
23242	VA	Henrico
23249	VA	Richmond
23250	VA	Richmond|Sandston
23255	VA	Henrico
23260	VA	Richmond
23261	VA	Richmond
23269	VA	Richmond
23273	VA	Henrico
23274	VA	Richmond
23276	VA	Richmond
23278	VA	Richmond
23279	VA	Richmond
23282	VA	Richmond
23284	VA	Richmond
23285	VA	Richmond
23286	VA	Richmond
23288	VA	Henrico
23289	VA	Richmond
23290	VA	Richmond
23291	VA	Richmond
23292	VA	Richmond
23293	VA	Richmond
23294	VA	Henrico|Laurel
23295	VA	Richmond
23297	VA	Richmond
23298	VA	Richmond
23301	VA	Accomac|Tasley
23302	VA	Assawoman
23303	VA	Atlantic
23304	VA	Battery Park
23306	VA	Belle Haven
23307	VA	Birdsnest
23308	VA	Bloxom|Nelsonia|Modest Town|Mappsville
23310	VA	Cape Charles|Cheriton|Eastville
23313	VA	Capeville
23314	VA	Carrollton|Benns Church
23315	VA	Carrsville
23316	VA	Cheriton
23320	VA	Chesapeake
23321	VA	Chesapeake
23322	VA	Chesapeake
23323	VA	Chesapeake
23324	VA	Chesapeake
23325	VA	Chesapeake
23326	VA	Chesapeake
23327	VA	Chesapeake
23328	VA	Chesapeake
23336	VA	Chincoteague Island|Chincoteague
23337	VA	Wallops Island|Wattsville
23341	VA	Craddockville
23345	VA	Davis Wharf
23347	VA	Eastville
23350	VA	Exmore|Belle Haven|Nassawadox|Willis Wharf
23354	VA	Franktown
23356	VA	Greenbackville|Captains Cove
23357	VA	Greenbush|Chase Crossing
23358	VA	Hacksneck
23359	VA	Hallwood|Mappsville|Sanford
23389	VA	Harborton
23395	VA	Horntown
23396	VA	Oak Hall
23397	VA	Isle Of Wight
23398	VA	Jamesville
23399	VA	Jenkins Bridge
23401	VA	Keller
23404	VA	Locustville
23405	VA	Machipongo
23407	VA	Mappsville|Nelsonia
23408	VA	Marionville
23409	VA	Mears
23410	VA	Melfa|Onley|Keller|Bobtown|Locust Mount
23412	VA	Modest Town
23413	VA	Nassawadox
23414	VA	Nelsonia
23415	VA	New Church|Wattsville
23416	VA	Oak Hall
23417	VA	Onancock|Bayside|Southside Chesconessex|Savageville|Deep Creek|Schooner Bay
23418	VA	Onley
23419	VA	Oyster
23420	VA	Painter|Keller|Cats Bridge|Boston|Mappsburg|Pungoteague|Savage Town
23421	VA	Parksley|Gargatha|Pastoria|Metompkin|Lee Mont|Whitesville
23422	VA	Pungoteague
23423	VA	Quinby
23424	VA	Rescue
23426	VA	Sanford
23427	VA	Saxis
23429	VA	Seaview
23430	VA	Smithfield|Rushmere|Benns Church
23431	VA	Smithfield
23432	VA	Suffolk
23433	VA	Suffolk
23434	VA	Suffolk
23435	VA	Suffolk
23436	VA	Suffolk
23437	VA	Suffolk
23438	VA	Suffolk
23439	VA	Suffolk
23440	VA	Tangier
23441	VA	Tasley
23442	VA	Temperanceville|Makemie Park|Sanford|Atlantic
23443	VA	Townsend
23450	VA	Virginia Beach
23451	VA	Virginia Beach
23452	VA	Virginia Beach
23453	VA	Virginia Beach
23454	VA	Virginia Beach
23455	VA	Virginia Beach
23456	VA	Virginia Beach
23457	VA	Virginia Beach
23458	VA	Virginia Beach
23459	VA	Virginia Beach
23460	VA	Virginia Beach
23461	VA	Virginia Beach
23462	VA	Virginia Beach
23463	VA	Virginia Beach
23464	VA	Virginia Beach
23465	VA	Virginia Beach
23466	VA	Virginia Beach
23467	VA	Virginia Beach
23471	VA	Virginia Beach
23479	VA	Virginia Beach
23480	VA	Wachapreague|Locust Mount
23482	VA	Wardtown
23483	VA	Wattsville
23486	VA	Willis Wharf
23487	VA	Windsor
23488	VA	Withams
23501	VA	Norfolk
23502	VA	Norfolk
23503	VA	Norfolk
23504	VA	Norfolk
23505	VA	Norfolk
23506	VA	Norfolk
23507	VA	Norfolk
23508	VA	Norfolk
23509	VA	Norfolk
23510	VA	Norfolk
23511	VA	Norfolk
23513	VA	Norfolk
23514	VA	Norfolk
23515	VA	Norfolk
23517	VA	Norfolk
23518	VA	Norfolk
23519	VA	Norfolk
23523	VA	Norfolk
23529	VA	Norfolk
23541	VA	Norfolk
23551	VA	Norfolk
23601	VA	Newport News
23602	VA	Newport News
23603	VA	Newport News
23604	VA	Newport News|Fort Eustis
23605	VA	Newport News|Hampton
23606	VA	Newport News
23607	VA	Newport News
23608	VA	Newport News
23609	VA	Newport News
23612	VA	Newport News
23628	VA	Newport News
23630	VA	Hampton
23651	VA	Hampton|Fort Monroe
23661	VA	Hampton
23662	VA	Poquoson
23663	VA	Hampton
23664	VA	Hampton
23665	VA	Hampton|Bethel Manor
23666	VA	Hampton
23667	VA	Hampton
23668	VA	Hampton
23669	VA	Hampton
23670	VA	Hampton
23681	VA	Hampton
23690	VA	Yorktown
23691	VA	Yorktown
23692	VA	Yorktown
23693	VA	Yorktown
23694	VA	Lackey
23696	VA	Seaford
23701	VA	Portsmouth
23702	VA	Portsmouth
23703	VA	Portsmouth
23704	VA	Portsmouth
23705	VA	Portsmouth
23707	VA	Portsmouth
23708	VA	Portsmouth
23709	VA	Portsmouth
23801	VA	Fort Lee
23803	VA	Petersburg|Matoaca|Ettrick
23804	VA	Petersburg
23805	VA	Petersburg|Templeton
23806	VA	Virginia State University
23821	VA	Alberta
23822	VA	Ammon
23824	VA	Blackstone
23827	VA	Boykins
23828	VA	Branchville
23829	VA	Capron
23830	VA	Carson
23831	VA	Chester
23832	VA	Chesterfield
23833	VA	Church Road
23834	VA	Colonial Heights|Ettrick
23836	VA	Chester|Enon
23837	VA	Courtland
23838	VA	Chesterfield
23839	VA	Dendron
23840	VA	Dewitt
23841	VA	Dinwiddie
23842	VA	Disputanta
23843	VA	Dolphin
23844	VA	Drewryville
23845	VA	Ebony
23846	VA	Elberon|Surry
23847	VA	Emporia
23850	VA	Ford
23851	VA	Franklin|Camptown|Carrsville|Southampton Meadows
23856	VA	Freeman
23857	VA	Gasburg
23860	VA	Hopewell
23866	VA	Ivor
23867	VA	Jarratt
23868	VA	Lawrenceville
23870	VA	Jarratt
23872	VA	Mc Kenney|McKenney
23873	VA	Meredithville
23874	VA	Newsoms
23875	VA	Prince George
23876	VA	Rawlings
23878	VA	Sedley
23879	VA	Skippers
23881	VA	Spring Grove
23882	VA	Stony Creek|Sussex
23883	VA	Surry|Scotland
23884	VA	Sussex
23885	VA	Sutherland
23887	VA	Valentines|Gasburg
23888	VA	Wakefield|Dendron
23889	VA	Warfield
23890	VA	Waverly|Sussex
23891	VA	Waverly
23893	VA	White Plains
23894	VA	Wilsons
23897	VA	Yale
23898	VA	Zuni
23899	VA	Claremont
23901	VA	Farmville|Hampden-Sydney
23909	VA	Farmville
23915	VA	Baskerville
23917	VA	Boydton
23919	VA	Bracey
23920	VA	Brodnax
23921	VA	Buckingham|Yogaville|Buckingham Courthouse
23922	VA	Burkeville
23923	VA	Charlotte Court House|Phenix
23924	VA	Chase City|Fairview|Thynedale
23927	VA	Clarksville
23930	VA	Crewe|Nottoway Court House
23934	VA	Cullen
23936	VA	Dillwyn
23937	VA	Drakes Branch
23938	VA	Dundas
23939	VA	Evergreen
23941	VA	Fort Mitchell
23942	VA	Green Bay
23943	VA	Hampden Sydney|Hampden-Sydney
23944	VA	Kenbridge
23947	VA	Keysville|Lunenburg
23950	VA	La Crosse|South Hill|Bracey
23952	VA	Lunenburg
23954	VA	Meherrin
23955	VA	Nottoway|Nottoway Court House
23958	VA	Pamplin|Pamplin City
23959	VA	Phenix
23960	VA	Prospect
23962	VA	Randolph|Clover
23963	VA	Red House
23964	VA	Red Oak
23966	VA	Rice
23967	VA	Saxe
23968	VA	Skipwith
23970	VA	South Hill|Union Level|Baskerville
23974	VA	Victoria|Lunenburg
23976	VA	Wylliesburg
24001	VA	Roanoke
24002	VA	Roanoke
24003	VA	Roanoke
24004	VA	Roanoke
24005	VA	Roanoke
24006	VA	Roanoke
24007	VA	Roanoke
24008	VA	Roanoke
24009	VA	Roanoke
24010	VA	Roanoke
24011	VA	Roanoke
24012	VA	Roanoke|Hollins
24013	VA	Roanoke
24014	VA	Roanoke
24015	VA	Roanoke
24016	VA	Roanoke
24017	VA	Roanoke
24018	VA	Roanoke|Cave Spring
24019	VA	Roanoke|Hollins|Cloverdale
24020	VA	Roanoke|Hollins
24022	VA	Roanoke
24023	VA	Roanoke
24024	VA	Roanoke
24025	VA	Roanoke
24026	VA	Roanoke
24027	VA	Roanoke
24028	VA	Roanoke
24029	VA	Roanoke
24030	VA	Roanoke
24031	VA	Roanoke
24032	VA	Roanoke
24033	VA	Roanoke
24034	VA	Roanoke
24035	VA	Roanoke
24036	VA	Roanoke
24037	VA	Roanoke
24038	VA	Roanoke
24040	VA	Roanoke
24042	VA	Roanoke
24043	VA	Roanoke
24050	VA	Roanoke
24053	VA	Ararat
24054	VA	Axton|Sandy Level|Chatmoss
24055	VA	Bassett|Oak Level|Stanleytown
24058	VA	Belspring
24059	VA	Bent Mountain
24060	VA	Blacksburg|Prices Fork|Merrimac
24061	VA	Blacksburg
24062	VA	Blacksburg
24063	VA	Blacksburg
24064	VA	Blue Ridge|Montvale
24065	VA	Boones Mill
24066	VA	Buchanan
24067	VA	Callaway
24068	VA	Christiansburg
24069	VA	Cascade
24070	VA	Catawba
24072	VA	Check
24073	VA	Christiansburg|Plum Creek|Belview
24076	VA	Claudville
24077	VA	Cloverdale
24078	VA	Collinsville
24079	VA	Copper Hill
24082	VA	Critz
24083	VA	Daleville
24084	VA	Dublin
24085	VA	Eagle Rock|Glen Wilton
24086	VA	Eggleston
24087	VA	Elliston|Lafayette|Shawsville
24088	VA	Ferrum
24089	VA	Fieldale
24090	VA	Fincastle
24091	VA	Floyd
24092	VA	Glade Hill
24093	VA	Glen Lyn
24095	VA	Goodview|Stewartsville
24101	VA	Hardy|Westlake Corner
24102	VA	Henry
24104	VA	Huddleston
24105	VA	Indian Valley
24111	VA	Mc Coy
24112	VA	Martinsville|Horse Pasture|Chatmoss|Laurel Park|Collinsville|Villa Heights
24113	VA	Martinsville
24114	VA	Martinsville
24115	VA	Martinsville
24120	VA	Meadows Of Dan
24121	VA	Moneta|North Shore|Westlake Corner
24122	VA	Montvale
24124	VA	Narrows
24126	VA	Newbern
24127	VA	New Castle
24128	VA	Newport
24129	VA	New River
24130	VA	Oriskany
24131	VA	Paint Bank
24132	VA	Parrott
24133	VA	Patrick Springs
24134	VA	Pearisburg
24136	VA	Pembroke|Eggleston
24137	VA	Penhook
24138	VA	Pilot
24139	VA	Pittsville
24141	VA	Radford|Fairlawn|Belview|New River
24142	VA	Radford
24143	VA	Radford
24146	VA	Redwood
24147	VA	Rich Creek
24148	VA	Ridgeway|Sandy Level|Horse Pasture
24149	VA	Riner
24150	VA	Ripplemead
24151	VA	Rocky Mount|Henry Fork
24153	VA	Salem|Glenvar
24155	VA	Salem
24157	VA	Salem
24161	VA	Sandy Level
24162	VA	Shawsville
24165	VA	Spencer|Horse Pasture
24167	VA	Staffordsville
24168	VA	Stanleytown
24171	VA	Stuart|Patrick Springs
24174	VA	Thaxton
24175	VA	Troutville|Laymantown
24176	VA	Union Hall
24177	VA	Vesta
24178	VA	Villamont
24179	VA	Vinton|Stewartsville
24184	VA	Wirtz|Westlake Corner|North Shore
24185	VA	Woolwine
24201	VA	Bristol
24202	VA	Bristol
24203	VA	Bristol
24205	VA	Bristol
24209	VA	Bristol
24210	VA	Abingdon
24211	VA	Abingdon
24212	VA	Abingdon
24215	VA	Andover
24216	VA	Appalachia|Stonega|Osaka|Dunbar
24217	VA	Bee
24218	VA	Ben Hur
24219	VA	Big Stone Gap|Big Stone Gap East|East Stone Gap
24220	VA	Birchleaf
24221	VA	Blackwater
24224	VA	Castlewood
24225	VA	Cleveland
24226	VA	Clinchco
24228	VA	Clintwood
24230	VA	Coeburn|Riverview|Tacoma
24236	VA	Damascus
24237	VA	Dante
24239	VA	Davenport
24243	VA	Dryden
24244	VA	Duffield|Clinchport|Stickleyville
24245	VA	Dungannon
24246	VA	East Stone Gap
24248	VA	Ewing
24250	VA	Fort Blackmore
24251	VA	Gate City|Hiltons
24256	VA	Haysi
24258	VA	Hiltons|Mendota
24260	VA	Honaker
24263	VA	Jonesville
24265	VA	Keokee
24266	VA	Lebanon
24269	VA	Mc Clure
24270	VA	Mendota
24271	VA	Nickelsville
24272	VA	Nora|Dante
24273	VA	Norton
24277	VA	Pennington Gap|Dryden
24279	VA	Pound
24280	VA	Rosedale
24281	VA	Rose Hill
24282	VA	Saint Charles|St. Charles
24283	VA	Saint Paul|St. Paul
24290	VA	Weber City
24292	VA	Whitetop
24293	VA	Wise|The University of Virginia's College at Wise
24301	VA	Pulaski
24311	VA	Atkins
24312	VA	Austinville
24313	VA	Barren Springs
24314	VA	Bastian
24315	VA	Bland|Mechanicsburg
24316	VA	Broadford
24317	VA	Cana
24318	VA	Ceres
24319	VA	Chilhowie|Adwolf
24322	VA	Cripple Creek
24323	VA	Crockett
24324	VA	Draper
24325	VA	Dugspur
24326	VA	Elk Creek
24327	VA	Emory
24328	VA	Fancy Gap
24330	VA	Fries|Stevens Creek|Hilltown
24333	VA	Galax|Baywood
24340	VA	Glade Spring|Emory
24343	VA	Hillsville|Woodlawn
24347	VA	Hiwassee|Allisonia|Snowville
24348	VA	Independence
24350	VA	Ivanhoe
24351	VA	Lambsburg
24352	VA	Laurel Fork
24354	VA	Marion|Adwolf|Seven Mile Ford|McMullin|Atkins
24360	VA	Max Meadows|Fort Chiswell
24361	VA	Meadowview|Emory
24363	VA	Mouth Of Wilson
24366	VA	Rocky Gap
24368	VA	Rural Retreat
24370	VA	Saltville|Allison Gap
24374	VA	Speedwell
24375	VA	Sugar Grove
24377	VA	Tannersville
24378	VA	Troutdale
24380	VA	Willis
24381	VA	Woodlawn
24382	VA	Wytheville|Fort Chiswell|Max Meadows
24401	VA	Staunton|Fishersville|Middlebrook|Jolivue|New Hope
24402	VA	Staunton
24411	VA	Augusta Springs
24412	VA	Bacova
24413	VA	Blue Grass
24415	VA	Brownsburg
24416	VA	Buena Vista
24421	VA	Churchville
24422	VA	Clifton Forge|Iron Gate|Cliftondale Park
24426	VA	Covington|Callaghan|Mallow
24430	VA	Craigsville|Augusta Springs
24431	VA	Crimora|New Hope
24432	VA	Deerfield
24433	VA	Doe Hill
24435	VA	Fairfield
24437	VA	Fort Defiance|New Hope
24438	VA	Glen Wilton
24439	VA	Goshen
24440	VA	Greenville
24441	VA	Grottoes|Harriston|Port Republic
24442	VA	Head Waters
24445	VA	Hot Springs
24448	VA	Iron Gate
24450	VA	Lexington|East Lexington
24457	VA	Low Moor
24458	VA	Mc Dowell|McDowell
24459	VA	Middlebrook
24460	VA	Millboro
24463	VA	Mint Spring
24464	VA	Montebello
24465	VA	Monterey
24467	VA	Mount Sidney
24468	VA	Mustoe
24469	VA	New Hope
24471	VA	Port Republic
24472	VA	Raphine
24473	VA	Rockbridge Baths
24474	VA	Selma|Low Moor
24476	VA	Steeles Tavern
24477	VA	Stuarts Draft|Lyndhurst|Sherando
24479	VA	Swoope
24482	VA	Verona
24483	VA	Vesuvius
24484	VA	Warm Springs
24485	VA	West Augusta
24486	VA	Weyers Cave
24487	VA	Williamsville
24501	VA	Lynchburg
24502	VA	Lynchburg|Timberlake
24503	VA	Lynchburg
24504	VA	Lynchburg
24505	VA	Lynchburg
24506	VA	Lynchburg
24513	VA	Lynchburg
24514	VA	Lynchburg
24515	VA	Lynchburg
24517	VA	Altavista
24520	VA	Alton|Cluster Springs
24521	VA	Amherst
24522	VA	Appomattox
24523	VA	Bedford
24526	VA	Big Island
24527	VA	Blairs
24528	VA	Brookneal
24529	VA	Buffalo Junction
24530	VA	Callands
24531	VA	Chatham
24533	VA	Clifford
24534	VA	Clover
24535	VA	Cluster Springs
24536	VA	Coleman Falls
24538	VA	Concord
24539	VA	Crystal Hill
24540	VA	Danville|Mount Hermon|Blairs
24541	VA	Danville
24543	VA	Danville
24549	VA	Dry Fork
24550	VA	Evington|Timberlake
24551	VA	Forest|Timberlake
24553	VA	Gladstone
24554	VA	Gladys
24555	VA	Glasgow
24556	VA	Goode
24557	VA	Gretna|Motley
24558	VA	Halifax|Mountain Road
24562	VA	Howardsville
24563	VA	Hurt|Motley
24565	VA	Java
24566	VA	Keeling
24569	VA	Long Island
24570	VA	Lowry
24571	VA	Lynch Station
24572	VA	Madison Heights
24574	VA	Monroe
24576	VA	Naruna
24577	VA	Nathalie
24578	VA	Natural Bridge
24579	VA	Natural Bridge Station
24580	VA	Nelson
24581	VA	Norwood
24586	VA	Ringgold
24588	VA	Rustburg
24589	VA	Scottsburg
24590	VA	Scottsville
24592	VA	South Boston|Riverdale|Cluster Springs|Mountain Road
24593	VA	Spout Spring|Concord
24594	VA	Sutherlin
24595	VA	Sweet Briar
24597	VA	Vernon Hill
24598	VA	Virgilina
24599	VA	Wingina
24601	VA	Amonate
24602	VA	Bandy
24603	VA	Big Rock
24604	VA	Bishop
24605	VA	Bluefield|Abbs Valley|Boissevain
24606	VA	Boissevain
24607	VA	Breaks
24608	VA	Burkes Garden
24609	VA	Cedar Bluff|Richlands|Claypool Hill|Raven
24612	VA	Doran|Richlands|Raven
24613	VA	Falls Mills
24614	VA	Grundy|Vansant|Big Rock
24619	VA	Horsepen
24620	VA	Hurley
24622	VA	Jewell Ridge
24624	VA	Keen Mountain
24627	VA	Mavisdale
24628	VA	Maxie
24630	VA	North Tazewell|Tazewell|Springville
24631	VA	Oakwood|Vansant
24634	VA	Pilgrims Knob
24635	VA	Pocahontas
24637	VA	Pounding Mill|Claypool Hill
24639	VA	Raven
24640	VA	Red Ash
24641	VA	Richlands|Doran
24646	VA	Rowe
24647	VA	Shortt Gap
24649	VA	Swords Creek|Raven
24651	VA	Tazewell|Gratton
24656	VA	Vansant
24657	VA	Whitewood
24658	VA	Wolford
24701	WV	Bluefield|Bramwell|Bluewell|Brush Fork
24712	WV	Athens
24714	WV	Beeson
24715	WV	Bramwell
24716	WV	Bud
24719	WV	Covel
24724	WV	Freeman|Bramwell
24726	WV	Herndon|Bud
24729	WV	Hiawatha
24731	WV	Kegley
24732	WV	Kellysville
24733	WV	Lashmeet
24736	WV	Matoaka
24737	WV	Montcalm|Bluewell
24738	WV	Nemours
24739	WV	Princeton|Oakvale
24740	WV	Princeton
24747	WV	Rock|Lashmeet
24751	WV	Wolfe
24801	WV	Welch
24808	WV	Anawalt
24811	WV	Avondale
24813	WV	Bartley
24815	WV	Berwind
24816	WV	Big Sandy
24817	WV	Bradshaw
24818	WV	Brenton
24822	WV	Clear Fork
24823	WV	Coal Mountain
24826	WV	Cucumber
24827	WV	Cyclone
24828	WV	Davy
24829	WV	Eckman
24830	WV	Elbert|Gary
24831	WV	Elkhorn
24834	WV	Fanrock
24836	WV	Gary
24839	WV	Hanover
24843	WV	Hensley
24844	WV	Iaeger
24845	WV	Ikes Fork
24846	WV	Isaban|Gilbert Creek
24847	WV	Itmann
24848	WV	Jenkinjones
24849	WV	Jesse
24850	WV	Jolo
24851	WV	Justice
24853	WV	Kimball|Vivian
24854	WV	Kopperston
24855	WV	Kyle
24857	WV	Lynco|Oceana
24859	WV	Marianna
24860	WV	Matheny
24861	WV	Maybeury
24862	WV	Mohawk
24866	WV	Newhall|Cucumber
24867	WV	New Richmond
24868	WV	Northfork|Keystone|Crumpler
24869	WV	North Spring
24870	WV	Oceana
24871	WV	Pageton|Anawalt
24872	WV	Panther
24873	WV	Paynesville
24874	WV	Pineville
24878	WV	Premier|Davy
24879	WV	Raysal
24880	WV	Rock View
24881	WV	Roderfield|Big Sandy
24882	WV	Simon
24884	WV	Squire
24887	WV	Switchback
24888	WV	Thorpe|Gary
24892	WV	War|Bartley
24894	WV	Warriormine|War|Berwind
24895	WV	Wilcoe
24898	WV	Wyoming
24901	WV	Lewisburg|Fairlea
24902	WV	Fairlea
24910	WV	Alderson
24915	WV	Arbovale|Green Bank
24916	WV	Asbury
24918	WV	Ballard
24920	WV	Bartow|Durbin|Frank
24924	WV	Buckeye
24925	WV	Caldwell
24927	WV	Cass
24931	WV	Crawley
24934	WV	Dunmore
24935	WV	Forest Hill
24938	WV	Frankford
24941	WV	Gap Mills
24943	WV	Grassy Meadows
24944	WV	Green Bank
24945	WV	Greenville
24946	WV	Hillsboro
24951	WV	Lindside
24954	WV	Marlinton|Huntersville
24957	WV	Maxwelton
24962	WV	Pence Springs
24963	WV	Peterstown
24966	WV	Renick|Falling Spring
24970	WV	Ronceverte|Fairlea
24974	WV	Secondcreek
24976	WV	Sinks Grove
24977	WV	Smoot
24981	WV	Talcott
24983	WV	Union
24984	WV	Waiteville
24985	WV	Wayside
24986	WV	White Sulphur Springs
24991	WV	Williamsburg
24993	WV	Wolfcreek
25002	WV	Alloy|Falls View
25003	WV	Alum Creek
25005	WV	Amma
25007	WV	Arnett
25008	WV	Artie
25009	WV	Ashford
25011	WV	Bancroft
25015	WV	Belle|Shrewsbury|Dupont City
25019	WV	Bickmore
25021	WV	Bim
25022	WV	Blair
25024	WV	Bloomingrose
25025	WV	Blount
25026	WV	Blue Creek
25028	WV	Bob White
25030	WV	Bomont
25031	WV	Boomer|Mount Carbon
25033	WV	Buffalo
25035	WV	Cabin Creek|Chelyan
25036	WV	Cannelton
25039	WV	Cedar Grove
25040	WV	Charlton Heights|Falls View
25043	WV	Clay
25044	WV	Clear Creek
25045	WV	Clendenin
25047	WV	Clothier
25048	WV	Colcord|Dorothy
25049	WV	Comfort
25051	WV	Costa
25053	WV	Danville|Madison|Greenview
25054	WV	Dawes
25057	WV	Deep Water
25059	WV	Dixie
25060	WV	Dorothy
25061	WV	Drybranch
25062	WV	Dry Creek
25063	WV	Duck
25064	WV	Dunbar|Nitro|Institute|West Dunbar
25067	WV	East Bank
25070	WV	Eleanor
25071	WV	Elkview|Pinch
25075	WV	Eskdale
25076	WV	Ethel
25079	WV	Falling Rock
25081	WV	Foster
25082	WV	Fraziers Bottom
25083	WV	Gallagher
25085	WV	Gauley Bridge
25086	WV	Glasgow|Cedar Grove
25088	WV	Glen
25090	WV	Glen Ferris|Gauley Bridge
25093	WV	Gordon
25102	WV	Handley
25103	WV	Hansford|Hollygrove
25106	WV	Henderson
25107	WV	Hernshaw
25108	WV	Hewett
25109	WV	Hometown
25110	WV	Hugheston
25111	WV	Indore
25112	WV	Institute
25113	WV	Ivydale
25114	WV	Jeffrey|Greenview
25115	WV	Kanawha Falls
25118	WV	Kimberly|Powellton|Mount Carbon
25119	WV	Kincaid|Page
25121	WV	Lake
25123	WV	Leon
25124	WV	Liberty
25125	WV	Lizemores
25126	WV	London|Montgomery
25130	WV	Madison
25132	WV	Mammoth
25133	WV	Maysel|Clay
25134	WV	Miami
25136	WV	Montgomery
25139	WV	Mount Carbon|Kimberly
25140	WV	Naoma
25141	WV	Nebo
25142	WV	Nellis
25143	WV	Nitro|Cross Lanes
25148	WV	Orgas|Sylvester
25149	WV	Ottawa
25152	WV	Page
25154	WV	Peytona
25156	WV	Pinch
25159	WV	Poca|Raymond City
25160	WV	Pond Gap
25161	WV	Powellton
25162	WV	Pratt
25164	WV	Procious
25165	WV	Racine
25168	WV	Red House|Hometown
25169	WV	Ridgeview
25173	WV	Robson|Beards Fork
25174	WV	Rock Creek
25177	WV	Saint Albans|St. Albans|Tornado|Jefferson
25180	WV	Saxon
25181	WV	Seth
25183	WV	Sharples
25185	WV	Mount Olive
25186	WV	Smithers
25187	WV	Southside
25193	WV	Sylvester
25201	WV	Tad
25202	WV	Tornado|Alum Creek
25203	WV	Turtle Creek
25204	WV	Twilight
25205	WV	Uneeda
25206	WV	Van
25208	WV	Wharton
25209	WV	Whitesville
25211	WV	Widen
25213	WV	Winfield
25214	WV	Winifrede|Chesapeake
25231	WV	Advent
25234	WV	Arnoldsburg
25235	WV	Chloe
25239	WV	Cottageville
25241	WV	Evans
25243	WV	Gandeeville
25244	WV	Gay
25245	WV	Given
25247	WV	Hartford City|Hartford
25248	WV	Kenna
25251	WV	Left Hand
25252	WV	Le Roy
25253	WV	Letart|Hartford City|New Haven
25259	WV	Looneyville
25260	WV	Mason|Clifton
25261	WV	Millstone
25262	WV	Millwood
25264	WV	Mount Alto
25265	WV	New Haven
25266	WV	Newton
25267	WV	Normantown
25268	WV	Orma
25270	WV	Reedy
25271	WV	Ripley
25275	WV	Sandyville
25276	WV	Spencer
25285	WV	Wallback
25286	WV	Walton
25287	WV	West Columbia
25301	WV	Charleston
25302	WV	Charleston|Big Chimney
25303	WV	South Charleston|Charleston
25304	WV	Charleston
25305	WV	Charleston
25306	WV	Charleston|Coal Fork|Rand|Malden
25309	WV	South Charleston
25311	WV	Charleston
25312	WV	Charleston|Sissonville
25313	WV	Charleston|Nitro|Cross Lanes
25314	WV	Charleston
25315	WV	Charleston|Marmet|Chesapeake
25317	WV	Charleston
25320	WV	Charleston|Sissonville
25321	WV	Charleston
25322	WV	Charleston
25323	WV	Charleston
25324	WV	Charleston
25325	WV	Charleston
25326	WV	Charleston
25327	WV	Charleston
25328	WV	Charleston
25329	WV	Charleston
25330	WV	Charleston
25331	WV	Charleston
25332	WV	Charleston
25333	WV	Charleston
25334	WV	Charleston
25335	WV	Charleston
25336	WV	Charleston
25337	WV	Charleston
25338	WV	Charleston
25339	WV	Charleston
25350	WV	Charleston
25356	WV	Charleston
25357	WV	Charleston
25358	WV	Charleston
25360	WV	Charleston
25361	WV	Charleston
25362	WV	Charleston
25364	WV	Charleston
25365	WV	Charleston
25375	WV	Charleston
25387	WV	Charleston
25389	WV	Charleston
25392	WV	Charleston
25396	WV	Charleston
25401	WV	Martinsburg
25402	WV	Martinsburg
25403	WV	Martinsburg
25404	WV	Martinsburg
25405	WV	Martinsburg
25410	WV	Bakerton
25411	WV	Berkeley Springs|Bath (Berkeley Springs)
25413	WV	Bunker Hill|Inwood
25414	WV	Charles Town
25419	WV	Falling Waters
25420	WV	Gerrardstown|Inwood
25421	WV	Glengary
25422	WV	Great Cacapon
25423	WV	Halltown
25425	WV	Harpers Ferry|Bolivar|Shannondale
25427	WV	Hedgesville
25428	WV	Inwood
25430	WV	Kearneysville|Ranson corporation|Middleway
25431	WV	Levels
25432	WV	Millville
25434	WV	Paw Paw
25437	WV	Points
25438	WV	Ranson corporation|Ranson
25440	WV	Ridgeway
25441	WV	Rippon
25442	WV	Shenandoah Junction
25443	WV	Shepherdstown
25444	WV	Slanesville
25446	WV	Summit Point
25501	WV	Alkol
25502	WV	Apple Grove
25503	WV	Ashton
25504	WV	Barboursville|Pea Ridge
25505	WV	Big Creek
25506	WV	Branchland|West Hamlin
25507	WV	Ceredo
25508	WV	Chapmanville
25510	WV	Culloden|Milton
25511	WV	Dunlow
25512	WV	East Lynn
25514	WV	Fort Gay
25515	WV	Gallipolis Ferry
25517	WV	Genoa
25520	WV	Glenwood
25521	WV	Griffithsville
25523	WV	Hamlin
25524	WV	Harts
25526	WV	Hurricane|Teays Valley
25529	WV	Julian
25530	WV	Kenova
25534	WV	Kiahsville
25535	WV	Lavalette
25537	WV	Lesage
25540	WV	Midkiff
25541	WV	Milton
25544	WV	Myra
25545	WV	Ona
25547	WV	Pecks Mill
25550	WV	Point Pleasant
25555	WV	Prichard
25557	WV	Ranger
25559	WV	Salt Rock
25560	WV	Scott Depot|Teays Valley
25562	WV	Shoals
25564	WV	Sod
25565	WV	Spurlockville
25567	WV	Sumerco
25569	WV	Teays
25570	WV	Wayne
25571	WV	West Hamlin
25572	WV	Woodville
25573	WV	Yawkey
25601	WV	Logan|West Logan|Mitchell Heights|Mount Gay-Shamrock|Rossmore|Monaville|Stollings|Justice Addition
25606	WV	Accoville|Amherstdale
25607	WV	Amherstdale|Robinette
25608	WV	Baisden|Gilbert Creek
25611	WV	Bruno
25612	WV	Chauncey
25614	WV	Cora
25617	WV	Davin|Man
25621	WV	Gilbert
25624	WV	Henlawson
25625	WV	Holden
25628	WV	Kistler
25630	WV	Lorado
25632	WV	Lyburn|Man|Neibert|Earling
25634	WV	Mallory
25635	WV	Man|Greenville
25637	WV	Mount Gay|Mount Gay-Shamrock
25638	WV	Omar
25639	WV	Peach Creek|Crooked Creek
25644	WV	Sarah Ann
25646	WV	Stollings|McConnell
25647	WV	Switzer|Chauncey
25649	WV	Verdunville|Mount Gay-Shamrock
25650	WV	Verner
25651	WV	Wharncliffe
25652	WV	Whitman
25653	WV	Wilkinson
25654	WV	Yolyn
25661	WV	Williamson
25665	WV	Borderland
25666	WV	Breeden
25667	WV	Chattaroy
25669	WV	Crum
25670	WV	Delbarton
25671	WV	Dingess
25672	WV	Edgarton
25674	WV	Kermit
25676	WV	Lenore
25678	WV	Matewan
25685	WV	Naugatuck
25686	WV	Newtown
25688	WV	North Matewan|Matewan|Red Jacket
25690	WV	Ragland
25691	WV	Rawl
25692	WV	Red Jacket
25696	WV	Varney
25699	WV	Wilsondale
25701	WV	Huntington
25702	WV	Huntington|Lesage
25703	WV	Huntington
25704	WV	Huntington|Ceredo
25705	WV	Huntington|Barboursville|Pea Ridge
25706	WV	Huntington
25707	WV	Huntington
25708	WV	Huntington
25709	WV	Huntington
25710	WV	Huntington
25711	WV	Huntington
25712	WV	Huntington
25713	WV	Huntington
25714	WV	Huntington
25715	WV	Huntington
25716	WV	Huntington
25717	WV	Huntington
25718	WV	Huntington
25719	WV	Huntington
25720	WV	Huntington
25721	WV	Huntington
25722	WV	Huntington
25723	WV	Huntington
25724	WV	Huntington
25725	WV	Huntington
25726	WV	Huntington
25727	WV	Huntington
25728	WV	Huntington
25729	WV	Huntington
25755	WV	Huntington
25770	WV	Huntington
25771	WV	Huntington
25772	WV	Huntington
25773	WV	Huntington
25774	WV	Huntington
25775	WV	Huntington
25776	WV	Huntington
25777	WV	Huntington
25778	WV	Huntington
25779	WV	Huntington
25801	WV	Beckley|Mabscott|Piney View|MacArthur|Stanaford|Crab Orchard|Sprague|Prosperity|Raleigh
25802	WV	Beckley
25810	WV	Allen Junction|Corinne
25811	WV	Amigo
25812	WV	Ansted
25813	WV	Beaver|Coal City
25817	WV	Bolt
25818	WV	Bradley
25820	WV	Camp Creek
25823	WV	Coal City
25825	WV	Cool Ridge
25826	WV	Corinne|Mullens
25827	WV	Crab Orchard|Sophia
25831	WV	Danese
25832	WV	Daniels|Shady Spring|Beaver
25833	WV	Dothan
25836	WV	Eccles
25837	WV	Edmond
25839	WV	Fairdale|Bolt
25840	WV	Fayetteville|Oak Hill|Gatewood|Garten|Cunard
25841	WV	Flat Top
25843	WV	Ghent
25844	WV	Glen Daniel
25845	WV	Glen Fork
25846	WV	Glen Jean
25848	WV	Glen Rogers
25849	WV	Glen White
25851	WV	Harper
25853	WV	Helen
25854	WV	Hico
25855	WV	Hilltop
25857	WV	Josephine
25860	WV	Lanark
25862	WV	Lansing
25864	WV	Layland
25865	WV	Lester
25866	WV	Lochgelly
25868	WV	Lookout
25870	WV	Maben
25871	WV	Mabscott
25873	WV	Mac Arthur|MacArthur
25875	WV	Mc Graws
25876	WV	Saulsville
25878	WV	Midway|Sophia
25879	WV	Oak Hill|Minden
25880	WV	Mount Hope|Bradley|Prosperity
25882	WV	Mullens
25888	WV	Mount Hope
25901	WV	Oak Hill|Hilltop|Glen Jean
25902	WV	Odd
25904	WV	Pax
25906	WV	Piney View
25907	WV	Prince
25908	WV	Princewick
25909	WV	Prosperity
25911	WV	Raleigh
25913	WV	Ravencliff
25915	WV	Rhodell
25916	WV	Sabine
25917	WV	Scarbro
25918	WV	Shady Spring
25919	WV	Skelton
25920	WV	Slab Fork
25921	WV	Sophia|Coal City
25922	WV	Spanishburg
25927	WV	Stanaford
25928	WV	Stephenson|Mullens
25932	WV	Surveyor
25936	WV	Thurmond
25938	WV	Victor|Hico
25942	WV	Winona
25943	WV	Wyco
25951	WV	Hinton
25958	WV	Charmco
25962	WV	Rainelle
25966	WV	Green Sulphur Springs
25969	WV	Jumping Branch
25971	WV	Lerona
25972	WV	Leslie
25976	WV	Meadow Bridge
25977	WV	Meadow Creek
25978	WV	Nimitz
25979	WV	Pipestem
25981	WV	Quinwood
25984	WV	Rupert
25985	WV	Sandstone
25986	WV	Spring Dale
25989	WV	White Oak
26003	WV	Wheeling|Bethlehem|West Liberty|Clearview
26030	WV	Beech Bottom
26031	WV	Benwood
26032	WV	Bethany
26033	WV	Cameron
26034	WV	Chester
26035	WV	Colliers
26036	WV	Dallas
26037	WV	Follansbee|Hooverson Heights
26038	WV	Glen Dale
26039	WV	Glen Easton
26040	WV	McMechen
26041	WV	Moundsville
26047	WV	New Cumberland
26050	WV	Newell
26055	WV	Proctor
26056	WV	New Manchester
26058	WV	Short Creek
26059	WV	Triadelphia|Valley Grove
26060	WV	Valley Grove
26062	WV	Weirton
26070	WV	Wellsburg|Bethany
26074	WV	West Liberty
26075	WV	Windsor Heights
26101	WV	Parkersburg|Lubeck|Blennerhassett
26102	WV	Parkersburg
26103	WV	Parkersburg
26104	WV	Parkersburg|North Hills
26105	WV	Vienna
26106	WV	Parkersburg
26120	WV	Mineral Wells
26121	WV	Mineral Wells
26133	WV	Belleville
26134	WV	Belmont
26136	WV	Big Bend
26137	WV	Big Springs
26138	WV	Brohard
26141	WV	Creston
26142	WV	Davisville|Kanawha
26143	WV	Elizabeth|Newark
26146	WV	Friendly
26147	WV	Grantsville
26148	WV	Macfarlan
26149	WV	Middlebourne
26150	WV	Mineral Wells|Mineralwells
26151	WV	Mount Zion
26152	WV	Munday
26155	WV	New Martinsville
26159	WV	Paden City
26160	WV	Palestine
26161	WV	Petroleum
26162	WV	Porters Falls
26164	WV	Ravenswood
26167	WV	Reader
26169	WV	Rockport
26170	WV	Saint Marys|St. Marys|Belmont
26175	WV	Sistersville|Friendly
26178	WV	Smithville
26180	WV	Walker
26181	WV	Washington|Blennerhassett|Lubeck
26184	WV	Waverly
26187	WV	Williamstown|Boaz
26201	WV	Buckhannon|Hinkleville|Adrian
26202	WV	Fenwick
26203	WV	Erbacon
26205	WV	Craigsville
26206	WV	Cowen
26208	WV	Camden On Gauley|Camden-on-Gauley
26209	WV	Snowshoe
26210	WV	Adrian
26215	WV	Cleveland
26217	WV	Diana
26218	WV	French Creek|Rock Cave
26219	WV	Frenchton
26222	WV	Hacker Valley
26224	WV	Helvetia
26228	WV	Kanawha Head
26229	WV	Lorentz
26230	WV	Pickens
26234	WV	Rock Cave
26236	WV	Selbyville
26237	WV	Tallmansville
26238	WV	Volga|Century
26241	WV	Elkins|Bowden
26250	WV	Belington
26253	WV	Beverly|East Dailey|Dailey
26254	WV	Bowden
26257	WV	Coalton|Womelsdorf (Coalton)|Norton
26259	WV	Dailey
26260	WV	Davis|Thomas
26261	WV	Richwood|Fenwick
26263	WV	Dryfork
26264	WV	Durbin
26266	WV	Upperglade
26267	WV	Ellamore
26268	WV	Glady
26269	WV	Hambleton|Hendricks
26270	WV	Harman
26271	WV	Hendricks
26273	WV	Huttonsville
26275	WV	Junior
26276	WV	Kerens
26278	WV	Mabie
26280	WV	Mill Creek
26282	WV	Monterville
26283	WV	Montrose
26285	WV	Norton
26287	WV	Parsons|St. George
26288	WV	Webster Springs|Addison (Webster Springs)|Parcoal
26289	WV	Red Creek
26291	WV	Slatyfork
26292	WV	Thomas
26293	WV	Valley Bend
26294	WV	Valley Head
26296	WV	Whitmer
26298	WV	Bergoo
26301	WV	Clarksburg|Nutter Fort|Stonewood|Despard|East View
26302	WV	Clarksburg
26306	WV	Clarksburg
26320	WV	Alma
26321	WV	Alum Bridge
26323	WV	Anmoore
26325	WV	Auburn
26327	WV	Berea
26330	WV	Bridgeport|Clarksburg|Anmoore
26335	WV	Burnsville
26337	WV	Cairo
26338	WV	Camden
26339	WV	Center Point
26342	WV	Coxs Mills
26343	WV	Crawford
26346	WV	Ellenboro
26347	WV	Flemington|Galloway
26348	WV	Folsom
26349	WV	Galloway
26351	WV	Glenville
26354	WV	Grafton
26361	WV	Gypsy
26362	WV	Harrisville
26366	WV	Haywood
26369	WV	Hepzibah
26372	WV	Horner
26374	WV	Independence
26376	WV	Ireland
26377	WV	Jacksonburg
26378	WV	Jane Lew
26384	WV	Linn
26385	WV	Lost Creek
26386	WV	Lumberport
26404	WV	Meadowbrook
26405	WV	Moatsville
26408	WV	Mount Clare
26410	WV	Newburg
26411	WV	New Milton
26412	WV	Orlando|Burnsville
26415	WV	Pennsboro
26416	WV	Philippi
26419	WV	Pine Grove
26421	WV	Pullman
26422	WV	Reynoldsville
26424	WV	Rosemont
26425	WV	Rowlesburg
26426	WV	Salem|Wolf Summit
26430	WV	Sand Fork
26431	WV	Shinnston|Enterprise|Gypsy
26434	WV	Shirley
26435	WV	Simpson
26436	WV	Smithburg
26437	WV	Smithfield
26438	WV	Spelter
26440	WV	Thornton
26443	WV	Troy
26444	WV	Tunnelton
26447	WV	Walkersville
26448	WV	Wallace
26451	WV	West Milford
26452	WV	Weston
26456	WV	West Union
26463	WV	Wyatt
26501	WV	Morgantown|Westover|Cassville|Booth
26502	WV	Morgantown
26504	WV	Morgantown
26505	WV	Morgantown|Star City
26506	WV	Morgantown
26507	WV	Morgantown
26508	WV	Morgantown|Cheat Lake|Brookhaven
26519	WV	Albright
26520	WV	Arthurdale
26521	WV	Blacksville
26524	WV	Bretz
26525	WV	Bruceton Mills|Brandonville
26527	WV	Cassville
26531	WV	Dellslow
26534	WV	Granville
26537	WV	Kingwood
26541	WV	Maidsville|Cassville
26542	WV	Masontown
26543	WV	Osage
26544	WV	Pentress
26546	WV	Pursglove
26547	WV	Reedsville|Arthurdale
26554	WV	Fairmont|Pleasant Valley|White Hall|Monongah|Barrackville
26555	WV	Fairmont
26559	WV	Barrackville
26560	WV	Baxter
26561	WV	Big Run
26562	WV	Burton
26563	WV	Carolina
26566	WV	Colfax
26568	WV	Enterprise
26570	WV	Fairview
26571	WV	Farmington
26572	WV	Four States
26574	WV	Grant Town
26575	WV	Hundred
26576	WV	Idamay
26578	WV	Kingmont
26581	WV	Littleton
26582	WV	Mannington
26585	WV	Metz
26586	WV	Montana Mines
26587	WV	Rachel
26588	WV	Rivesville|Grant Town|Baxter
26590	WV	Wana
26591	WV	Worthington|Carolina
26601	WV	Sutton|Flatwoods
26610	WV	Birch River
26611	WV	Cedarville
26615	WV	Copen
26617	WV	Dille
26619	WV	Exchange
26621	WV	Flatwoods
26623	WV	Frametown
26624	WV	Gassaway
26627	WV	Heaters
26629	WV	Little Birch
26631	WV	Napier
26636	WV	Rosedale
26638	WV	Shock
26651	WV	Summersville
26656	WV	Belva
26660	WV	Calvin
26662	WV	Canvas
26667	WV	Drennen
26671	WV	Gilboa
26675	WV	Keslers Cross Lanes
26676	WV	Leivasy
26678	WV	Mount Lookout
26679	WV	Mount Nebo
26680	WV	Nallen
26681	WV	Nettie
26684	WV	Pool
26690	WV	Swiss
26691	WV	Tioga
26704	WV	Augusta
26705	WV	Aurora
26707	WV	Bayard
26710	WV	Burlington
26711	WV	Capon Bridge
26714	WV	Delray
26716	WV	Eglon
26717	WV	Elk Garden
26719	WV	Fort Ashby
26720	WV	Gormania
26722	WV	Green Spring
26726	WV	Keyser
26731	WV	Lahmansville
26739	WV	Mount Storm
26743	WV	New Creek
26750	WV	Piedmont
26753	WV	Ridgeley|Carpendale|Wiley Ford
26755	WV	Rio
26757	WV	Romney
26761	WV	Shanks
26763	WV	Springfield
26764	WV	Terra Alta
26767	WV	Wiley Ford
26801	WV	Baker
26802	WV	Brandywine
26804	WV	Circleville
26807	WV	Franklin
26808	WV	High View
26810	WV	Lost City
26812	WV	Mathias
26814	WV	Riverton
26815	WV	Sugar Grove
26817	WV	Bloomery
26818	WV	Fisher
26823	WV	Capon Springs
26833	WV	Maysville
26836	WV	Moorefield
26838	WV	Milam
26845	WV	Old Fields
26847	WV	Petersburg
26851	WV	Wardensville
26852	WV	Purgitsville
26855	WV	Cabins
26865	WV	Yellow Spring
26866	WV	Upper Tract
26884	WV	Seneca Rocks
26886	WV	Onego
27006	NC	Advance|Bermuda Run
27007	NC	Ararat
27009	NC	Belews Creek
27010	NC	Bethania
27011	NC	Boonville
27012	NC	Clemmons|Lewisville
27013	NC	Cleveland
27014	NC	Cooleemee
27016	NC	Danbury
27017	NC	Dobson
27018	NC	East Bend|Smithtown
27019	NC	Germanton
27020	NC	Hamptonville
27021	NC	King
27022	NC	Lawsonville
27023	NC	Lewisville
27024	NC	Lowgap
27025	NC	Madison
27027	NC	Mayodan
27028	NC	Mocksville|Cooleemee|Farmington
27030	NC	Mount Airy|White Plains|Flat Rock|Toast
27031	NC	White Plains
27040	NC	Pfafftown|Winston-Salem|Lewisville|Tobaccoville|Bethania
27041	NC	Pilot Mountain
27042	NC	Pine Hall
27043	NC	Pinnacle
27045	NC	Rural Hall|Tobaccoville
27046	NC	Sandy Ridge
27047	NC	Siloam
27048	NC	Stoneville
27049	NC	Toast
27050	NC	Tobaccoville|King
27051	NC	Walkertown
27052	NC	Walnut Cove
27053	NC	Westfield
27054	NC	Woodleaf
27055	NC	Yadkinville
27094	NC	Rural Hall
27098	NC	Rural Hall
27099	NC	Rural Hall
27101	NC	Winston-Salem|Walkertown
27102	NC	Winston-Salem
27103	NC	Winston-Salem|Clemmons
27104	NC	Winston-Salem
27105	NC	Winston-Salem|Walkertown
27106	NC	Winston-Salem|Bethania
27107	NC	Winston-Salem|Midway|Wallburg
27108	NC	Winston-Salem
27109	NC	Winston-Salem
27110	NC	Winston-Salem
27111	NC	Winston-Salem
27113	NC	Winston-Salem
27114	NC	Winston-Salem
27115	NC	Winston-Salem
27116	NC	Winston-Salem
27117	NC	Winston-Salem
27120	NC	Winston-Salem
27127	NC	Winston-Salem|Midway
27130	NC	Winston-Salem
27150	NC	Winston-Salem
27152	NC	Winston-Salem
27155	NC	Winston-Salem
27157	NC	Winston-Salem
27198	NC	Winston-Salem
27199	NC	Winston-Salem
27201	NC	Alamance
27202	NC	Altamahaw
27203	NC	Asheboro
27204	NC	Asheboro
27205	NC	Asheboro|Seagrove
27207	NC	Bear Creek
27208	NC	Bennett
27209	NC	Biscoe|Candor
27212	NC	Blanch|Yanceyville
27213	NC	Bonlee
27214	NC	Browns Summit|Greensboro
27215	NC	Burlington|Alamance|Elon
27216	NC	Burlington
27217	NC	Burlington|Green Level|Haw River|Glen Raven
27228	NC	Bynum
27229	NC	Candor
27230	NC	Cedar Falls
27231	NC	Cedar Grove
27233	NC	Climax
27235	NC	Colfax|High Point|Greensboro
27237	NC	Cumnock
27239	NC	Denton
27242	NC	Eagle Springs
27243	NC	Efland
27244	NC	Elon|Ossipee|Gibsonville|Altamahaw|Glen Raven
27247	NC	Ether
27248	NC	Franklinville
27249	NC	Gibsonville|Sedalia|Whitsett|McLeansville
27252	NC	Goldston|Gulf
27253	NC	Graham|Swepsonville|Haw River|Saxapahaw
27256	NC	Gulf
27258	NC	Haw River|Graham|Swepsonville
27259	NC	Highfalls
27260	NC	High Point
27261	NC	High Point
27262	NC	High Point
27263	NC	High Point|Archdale|Trinity
27264	NC	High Point
27265	NC	High Point
27268	NC	High Point
27278	NC	Hillsborough
27281	NC	Jackson Springs|Foxfire
27282	NC	Jamestown|High Point
27283	NC	Julian
27284	NC	Kernersville|Stokesdale
27285	NC	Kernersville
27288	NC	Eden
27289	NC	Eden
27291	NC	Leasburg
27292	NC	Lexington|Southmont
27293	NC	Lexington
27294	NC	Lexington
27295	NC	Lexington|Midway|Tyro|Welcome|Yadkin College
27298	NC	Liberty
27299	NC	Linwood|Tyro
27301	NC	Mc Leansville|Greensboro|McLeansville
27302	NC	Mebane|Haw River|Woodlawn
27305	NC	Milton
27306	NC	Mount Gilead
27310	NC	Oak Ridge
27311	NC	Pelham
27312	NC	Pittsboro|Fearrington Village|Briar Chapel
27313	NC	Pleasant Garden
27314	NC	Prospect Hill
27315	NC	Providence
27316	NC	Ramseur|Franklinville
27317	NC	Randleman
27320	NC	Reidsville|Wentworth
27323	NC	Reidsville
27325	NC	Robbins
27326	NC	Ruffin
27330	NC	Sanford|Gulf
27331	NC	Sanford
27332	NC	Sanford|Spout Springs
27340	NC	Saxapahaw
27341	NC	Seagrove
27342	NC	Sedalia
27343	NC	Semora
27344	NC	Siler City
27349	NC	Snow Camp
27350	NC	Sophia
27351	NC	Southmont
27355	NC	Staley
27356	NC	Star
27357	NC	Stokesdale
27358	NC	Summerfield
27359	NC	Swepsonville
27360	NC	Thomasville|Trinity
27361	NC	Thomasville
27370	NC	Trinity|Archdale
27371	NC	Troy
27373	NC	Wallburg
27374	NC	Welcome
27375	NC	Wentworth
27376	NC	West End|Foxfire|Taylortown|Seven Lakes
27377	NC	Whitsett|Gibsonville
27379	NC	Yanceyville
27401	NC	Greensboro
27402	NC	Greensboro
27403	NC	Greensboro
27404	NC	Greensboro
27405	NC	Greensboro
27406	NC	Greensboro|Pleasant Garden|Forest Oaks
27407	NC	Greensboro
27408	NC	Greensboro
27409	NC	Greensboro
27410	NC	Greensboro
27411	NC	Greensboro
27412	NC	Greensboro
27413	NC	Greensboro
27415	NC	Greensboro
27416	NC	Greensboro
27417	NC	Greensboro
27419	NC	Greensboro
27420	NC	Greensboro
27425	NC	Greensboro
27427	NC	Greensboro
27429	NC	Greensboro
27435	NC	Greensboro
27438	NC	Greensboro
27455	NC	Greensboro
27495	NC	Greensboro
27497	NC	Greensboro
27498	NC	Greensboro
27499	NC	Greensboro
27501	NC	Angier
27502	NC	Apex
27503	NC	Bahama
27504	NC	Benson
27505	NC	Broadway
27506	NC	Buies Creek
27507	NC	Bullock
27508	NC	Bunn
27509	NC	Butner
27510	NC	Carrboro
27511	NC	Cary
27512	NC	Cary
27513	NC	Cary
27514	NC	Chapel Hill
27515	NC	Chapel Hill
27516	NC	Chapel Hill|Carrboro|Briar Chapel
27517	NC	Chapel Hill|Durham|Governors Club|Governors Village|Carolina Meadows
27518	NC	Cary
27519	NC	Cary
27520	NC	Clayton|Wilson's Mills
27521	NC	Coats
27522	NC	Creedmoor|Butner
27523	NC	Apex
27524	NC	Four Oaks
27525	NC	Franklinton
27526	NC	Fuquay Varina|Fuquay-Varina|Angier
27527	NC	Clayton|Archer Lodge|Wilson's Mills
27528	NC	Clayton
27529	NC	Garner
27530	NC	Goldsboro|Mar-Mac
27531	NC	Goldsboro
27532	NC	Goldsboro
27533	NC	Goldsboro
27534	NC	Goldsboro|Walnut Creek|Elroy|New Hope
27536	NC	Henderson|South Henderson
27537	NC	Henderson|South Henderson
27539	NC	Apex|Cary|Holly Springs
27540	NC	Holly Springs
27541	NC	Hurdle Mills
27542	NC	Kenly
27543	NC	Kipling
27544	NC	Kittrell
27545	NC	Knightdale
27546	NC	Lillington|Mamers|Buies Creek
27549	NC	Louisburg|Lake Royale|Centerville
27551	NC	Macon
27552	NC	Mamers
27553	NC	Manson
27555	NC	Micro
27556	NC	Middleburg
27557	NC	Middlesex
27559	NC	Moncure
27560	NC	Morrisville|Cary|Durham
27562	NC	New Hill|Apex
27563	NC	Norlina
27565	NC	Oxford
27568	NC	Pine Level
27569	NC	Princeton
27570	NC	Ridgeway
27571	NC	Rolesville
27572	NC	Rougemont
27573	NC	Roxboro
27574	NC	Roxboro
27576	NC	Selma|Pine Level
27577	NC	Smithfield|Wilson's Mills|Selma|Pine Level
27581	NC	Stem
27582	NC	Stovall
27583	NC	Timberlake
27584	NC	Townsville
27586	NC	Vaughan
27587	NC	Wake Forest|Rolesville
27588	NC	Wake Forest
27589	NC	Warrenton
27591	NC	Wendell|Archer Lodge
27592	NC	Willow Spring
27593	NC	Wilson's Mills|Wilsons Mills
27594	NC	Wise
27596	NC	Youngsville
27597	NC	Zebulon|Middlesex
27599	NC	Chapel Hill
27601	NC	Raleigh
27602	NC	Raleigh
27603	NC	Raleigh|Garner
27604	NC	Raleigh
27605	NC	Raleigh
27606	NC	Raleigh
27607	NC	Raleigh|Cary
27608	NC	Raleigh
27609	NC	Raleigh
27610	NC	Raleigh
27611	NC	Raleigh
27612	NC	Raleigh
27613	NC	Raleigh
27614	NC	Raleigh
27615	NC	Raleigh
27616	NC	Raleigh
27617	NC	Raleigh
27619	NC	Raleigh
27620	NC	Raleigh
27621	NC	Raleigh
27622	NC	Raleigh
27623	NC	Raleigh
27624	NC	Raleigh
27625	NC	Raleigh
27626	NC	Raleigh
27627	NC	Raleigh
27628	NC	Raleigh
27629	NC	Raleigh
27634	NC	Raleigh
27635	NC	Raleigh
27636	NC	Raleigh
27640	NC	Raleigh
27650	NC	Raleigh
27656	NC	Raleigh
27658	NC	Raleigh
27661	NC	Raleigh
27668	NC	Raleigh
27675	NC	Raleigh
27676	NC	Raleigh
27690	NC	Raleigh
27695	NC	Raleigh
27697	NC	Raleigh
27698	NC	Raleigh
27699	NC	Raleigh
27701	NC	Durham
27702	NC	Durham
27703	NC	Durham
27704	NC	Durham|Gorman
27705	NC	Durham
27706	NC	Durham
27707	NC	Durham
27708	NC	Durham
27709	NC	Durham
27710	NC	Durham
27711	NC	Durham
27712	NC	Durham
27713	NC	Durham
27715	NC	Durham
27717	NC	Durham
27722	NC	Durham
27801	NC	Rocky Mount
27802	NC	Rocky Mount
27803	NC	Rocky Mount|Sharpsburg
27804	NC	Rocky Mount|Dortches|Red Oak
27805	NC	Aulander
27806	NC	Aurora
27807	NC	Bailey
27808	NC	Bath|Bayview
27809	NC	Battleboro|Red Oak|Rocky Mount|Dortches
27810	NC	Belhaven
27811	NC	Bellarthur
27812	NC	Bethel
27813	NC	Black Creek
27814	NC	Blounts Creek
27815	NC	Rocky Mount
27816	NC	Castalia
27817	NC	Chocowinity|Washington|Cypress Landing
27818	NC	Como|Murfreesboro
27819	NC	Conetoe
27820	NC	Conway|Milwaukee
27821	NC	Edward
27822	NC	Elm City
27823	NC	Enfield
27824	NC	Engelhard
27825	NC	Everetts
27826	NC	Fairfield
27827	NC	Falkland
27828	NC	Farmville|Fountain|Bell Arthur
27829	NC	Fountain|Falkland
27830	NC	Fremont|Eureka
27831	NC	Garysburg|Gaston
27832	NC	Gaston
27833	NC	Greenville
27834	NC	Greenville|Belvoir|Bell Arthur
27835	NC	Greenville
27836	NC	Greenville
27837	NC	Grimesland
27839	NC	Halifax
27840	NC	Hamilton
27841	NC	Hassell
27842	NC	Henrico
27843	NC	Hobgood
27844	NC	Hollister
27845	NC	Jackson|Lasker
27846	NC	Jamesville
27847	NC	Kelford|Roxobel
27849	NC	Lewiston Woodville
27850	NC	Littleton
27851	NC	Lucama
27852	NC	Macclesfield
27853	NC	Margarettsville
27855	NC	Murfreesboro
27856	NC	Nashville|Red Oak|Momeyer
27857	NC	Oak City
27858	NC	Greenville|Simpson
27860	NC	Pantego
27861	NC	Parmele
27862	NC	Pendleton|Severn
27863	NC	Pikeville
27864	NC	Pinetops
27865	NC	Pinetown
27866	NC	Pleasant Hill
27867	NC	Potecasi
27868	NC	Red Oak
27869	NC	Rich Square|Woodland
27870	NC	Roanoke Rapids|South Rosemary
27871	NC	Robersonville|Parmele
27872	NC	Roxobel
27873	NC	Saratoga
27874	NC	Scotland Neck
27875	NC	Scranton
27876	NC	Seaboard
27877	NC	Severn
27878	NC	Sharpsburg
27879	NC	Simpson
27880	NC	Sims
27881	NC	Speed
27882	NC	Spring Hope|Lake Royale
27883	NC	Stantonsburg|Saratoga
27884	NC	Stokes
27885	NC	Swanquarter|Swan Quarter
27886	NC	Tarboro|Princeville|Leggett|Speed
27887	NC	Tillery
27888	NC	Walstonburg
27889	NC	Washington|Washington Park|River Road
27890	NC	Weldon|South Weldon
27891	NC	Whitakers
27892	NC	Williamston|Bear Grass|Everetts
27893	NC	Wilson|Black Creek
27894	NC	Wilson
27895	NC	Wilson
27896	NC	Wilson
27897	NC	Woodland
27906	NC	Elizabeth City
27907	NC	Elizabeth City
27909	NC	Elizabeth City
27910	NC	Ahoskie
27915	NC	Avon
27916	NC	Aydlett
27917	NC	Barco|Coinjock
27919	NC	Belvidere
27920	NC	Buxton
27921	NC	Camden
27922	NC	Cofield
27923	NC	Coinjock
27924	NC	Colerain
27925	NC	Columbia
27926	NC	Corapeake
27927	NC	Corolla
27928	NC	Creswell
27929	NC	Currituck
27930	NC	Hertford
27932	NC	Edenton|Cape Colony|Arrowhead Beach|Chowan Beach
27935	NC	Eure
27936	NC	Frisco
27937	NC	Gates
27938	NC	Gatesville
27939	NC	Grandy
27941	NC	Harbinger
27942	NC	Harrellsville
27943	NC	Hatteras
27944	NC	Hertford|Winfall
27946	NC	Hobbsville
27947	NC	Jarvisburg
27948	NC	Kill Devil Hills
27949	NC	Kitty Hawk|Southern Shores|Duck
27950	NC	Knotts Island
27953	NC	Manns Harbor
27954	NC	Manteo
27956	NC	Maple
27957	NC	Merry Hill
27958	NC	Moyock
27959	NC	Nags Head
27960	NC	Ocracoke
27962	NC	Plymouth
27964	NC	Point Harbor
27965	NC	Poplar Branch
27966	NC	Powells Point
27967	NC	Powellsville
27968	NC	Rodanthe
27969	NC	Roduco
27970	NC	Roper
27972	NC	Salvo|Waves
27973	NC	Shawboro
27974	NC	Shiloh
27976	NC	South Mills
27978	NC	Stumpy Point
27979	NC	Sunbury
27980	NC	Tyner
27981	NC	Wanchese
27982	NC	Waves|Salvo
27983	NC	Windsor|Askewville
27985	NC	Winfall
27986	NC	Winton
28001	NC	Albemarle|Millingport
28002	NC	Albemarle
28006	NC	Alexis
28007	NC	Ansonville
28009	NC	Badin
28010	NC	Barium Springs
28012	NC	Belmont|Cramerton|Mount Holly
28016	NC	Bessemer City
28017	NC	Boiling Springs
28018	NC	Bostic
28019	NC	Caroleen
28020	NC	Casar
28021	NC	Cherryville|Waco
28023	NC	China Grove|Landis|Enochville
28024	NC	Cliffside
28025	NC	Concord|Mount Pleasant
28026	NC	Concord
28027	NC	Concord|Kannapolis
28031	NC	Cornelius
28032	NC	Cramerton
28033	NC	Crouse
28034	NC	Dallas|High Shoals|Alexis
28035	NC	Davidson
28036	NC	Davidson|Kannapolis
28037	NC	Denver|Westport|Lake Norman of Catawba
28038	NC	Earl
28039	NC	East Spencer
28040	NC	Ellenboro|Caroleen
28041	NC	Faith
28042	NC	Fallston
28043	NC	Forest City
28052	NC	Gastonia
28053	NC	Gastonia
28054	NC	Gastonia|Ranlo|Springdale
28055	NC	Gastonia
28056	NC	Gastonia|Cramerton|Lowell|McAdenville
28070	NC	Huntersville
28071	NC	Gold Hill
28072	NC	Granite Quarry
28073	NC	Grover|Earl|Patterson Springs
28074	NC	Harris
28075	NC	Harrisburg
28076	NC	Henrietta
28077	NC	High Shoals
28078	NC	Huntersville
28079	NC	Indian Trail|Fairview|Hemby Bridge|Wesley Chapel|Lake Park|Stallings
28080	NC	Iron Station|Alexis
28081	NC	Kannapolis|Enochville
28082	NC	Kannapolis
28083	NC	Kannapolis|Landis
28086	NC	Kings Mountain|Gastonia
28088	NC	Landis
28089	NC	Lattimore
28090	NC	Lawndale|Belwood|Fallston
28091	NC	Lilesville
28092	NC	Lincolnton|High Shoals|Crouse
28093	NC	Lincolnton
28097	NC	Locust|Red Cross
28098	NC	Lowell|McAdenville
28101	NC	McAdenville|Mc Adenville
28102	NC	McFarlan|Mc Farlan
28103	NC	Marshville
28104	NC	Matthews|Weddington|Stallings|Indian Trail|Wesley Chapel
28105	NC	Matthews|Charlotte|Mint Hill
28106	NC	Matthews
28107	NC	Midland|Locust
28108	NC	Mineral Springs
28109	NC	Misenheimer
28110	NC	Monroe|Unionville|Fairview|Indian Trail|Wesley Chapel
28111	NC	Monroe
28112	NC	Monroe|Mineral Springs
28114	NC	Mooresboro|Cliffside|Caroleen|Henrietta
28115	NC	Mooresville|Davidson
28117	NC	Mooresville|Lake Norman of Iredell
28119	NC	Morven
28120	NC	Mount Holly|Stanley
28123	NC	Mount Mourne
28124	NC	Mount Pleasant
28125	NC	Mount Ulla
28126	NC	Newell
28127	NC	New London|Badin|Millingport
28128	NC	Norwood|Aquadale
28129	NC	Oakboro|Red Cross
28130	NC	Paw Creek
28133	NC	Peachland
28134	NC	Pineville|Charlotte
28135	NC	Polkton
28136	NC	Polkville
28137	NC	Richfield|Misenheimer
28138	NC	Rockwell
28139	NC	Rutherfordton|Ruth
28144	NC	Salisbury|East Spencer|Spencer
28145	NC	Salisbury
28146	NC	Salisbury|Granite Quarry|Faith|East Spencer
28147	NC	Salisbury
28150	NC	Shelby|Kingstown|Polkville|Lattimore|Light Oak
28151	NC	Shelby
28152	NC	Shelby|Boiling Springs|Patterson Springs|Mooresboro|Earl|Light Oak
28159	NC	Spencer
28160	NC	Spindale
28163	NC	Stanfield
28164	NC	Stanley|Lowesville
28166	NC	Troutman
28167	NC	Union Mills
28168	NC	Vale
28169	NC	Waco
28170	NC	Wadesboro
28173	NC	Waxhaw|Marvin|Mineral Springs|Weddington|Wesley Chapel|JAARS
28174	NC	Wingate
28201	NC	Charlotte
28202	NC	Charlotte
28203	NC	Charlotte
28204	NC	Charlotte
28205	NC	Charlotte
28206	NC	Charlotte
28207	NC	Charlotte
28208	NC	Charlotte
28209	NC	Charlotte
28210	NC	Charlotte|Pineville
28211	NC	Charlotte
28212	NC	Charlotte
28213	NC	Charlotte
28214	NC	Charlotte
28215	NC	Charlotte|Harrisburg
28216	NC	Charlotte
28217	NC	Charlotte
28218	NC	Charlotte
28219	NC	Charlotte
28220	NC	Charlotte
28221	NC	Charlotte
28222	NC	Charlotte
28223	NC	Charlotte
28224	NC	Charlotte
28226	NC	Charlotte
28227	NC	Mint Hill|Charlotte
28228	NC	Charlotte
28229	NC	Charlotte
28230	NC	Charlotte
28231	NC	Charlotte
28232	NC	Charlotte
28233	NC	Charlotte
28234	NC	Charlotte
28235	NC	Charlotte
28236	NC	Charlotte
28237	NC	Charlotte
28241	NC	Charlotte
28242	NC	Charlotte
28243	NC	Charlotte
28244	NC	Charlotte
28246	NC	Charlotte
28247	NC	Charlotte
28250	NC	Charlotte
28253	NC	Charlotte
28254	NC	Charlotte
28255	NC	Charlotte
28256	NC	Charlotte
28258	NC	Charlotte
28260	NC	Charlotte
28262	NC	Charlotte
28263	NC	Charlotte
28265	NC	Charlotte
28266	NC	Charlotte
28269	NC	Charlotte
28270	NC	Charlotte
28271	NC	Charlotte
28272	NC	Charlotte
28273	NC	Charlotte
28274	NC	Charlotte
28275	NC	Charlotte
28277	NC	Charlotte
28278	NC	Charlotte
28280	NC	Charlotte
28281	NC	Charlotte
28282	NC	Charlotte
28284	NC	Charlotte
28285	NC	Charlotte
28287	NC	Charlotte
28288	NC	Charlotte
28289	NC	Charlotte
28290	NC	Charlotte
28296	NC	Charlotte
28297	NC	Charlotte
28299	NC	Charlotte
28301	NC	Fayetteville
28302	NC	Fayetteville
28303	NC	Fayetteville
28304	NC	Fayetteville|Hope Mills
28305	NC	Fayetteville
28306	NC	Fayetteville|Hope Mills|Rockfish
28307	NC	Fayetteville|Fort Bragg|Spring Lake
28308	NC	Spring Lake|Pope Army Airfield|Fayetteville
28309	NC	Fayetteville
28310	NC	Fayetteville|Fort Bragg|Spring Lake
28311	NC	Fayetteville
28312	NC	Fayetteville|Eastover|Vander
28314	NC	Fayetteville
28315	NC	Aberdeen|Foxfire|Ashley Heights
28318	NC	Autryville
28319	NC	Barnesville
28320	NC	Bladenboro|Butters
28323	NC	Bunnlevel|Anderson Creek
28325	NC	Calypso
28326	NC	Cameron|Carthage|Spout Springs
28327	NC	Carthage|Whispering Pines|Southern Pines
28328	NC	Clinton|Keener|Bonnetsville|Ingold|Vann Crossroads
28329	NC	Clinton
28330	NC	Cordova
28331	NC	Falcon|Cumberland
28332	NC	Dublin
28333	NC	Dudley|Brogden|Mar-Mac
28334	NC	Dunn|Erwin|Plain View|Spivey's Corner
28335	NC	Dunn
28337	NC	Elizabethtown|White Lake
28338	NC	Ellerbe
28339	NC	Erwin
28340	NC	Fairmont|Marietta|McDonald
28341	NC	Faison
28342	NC	Falcon
28343	NC	Gibson
28344	NC	Godwin|Falcon
28345	NC	Hamlet|Dobbins Heights
28347	NC	Hoffman
28348	NC	Hope Mills
28349	NC	Kenansville
28350	NC	Lakeview
28351	NC	Laurel Hill|Old Hundred
28352	NC	Laurinburg|East Laurinburg|Scotch Meadows
28353	NC	Laurinburg
28355	NC	Lemon Springs
28356	NC	Linden
28357	NC	Lumber Bridge|Dundarrach
28358	NC	Lumberton|Barker Ten Mile
28359	NC	Lumberton
28360	NC	Lumberton
28362	NC	Marietta
28363	NC	Marston
28364	NC	Maxton|Raemon|Prospect|Wakulla
28365	NC	Mount Olive|Calypso
28366	NC	Newton Grove|Vann Crossroads|Spivey's Corner
28367	NC	Norman
28368	NC	Olivia
28369	NC	Orrum|Proctorville
28370	NC	Pinehurst
28371	NC	Parkton
28372	NC	Pembroke|Prospect
28373	NC	Pinebluff
28374	NC	Pinehurst|Southern Pines|Taylortown
28375	NC	Proctorville
28376	NC	Raeford|Five Points|Rockfish|Bowmore|Silver City
28377	NC	Red Springs|Wakulla
28378	NC	Rex
28379	NC	Rockingham|East Rockingham|Cordova|Roberdel
28380	NC	Rockingham
28382	NC	Roseboro
28383	NC	Rowland|Raynham|Elrod
28384	NC	Saint Pauls|St. Pauls|Rex
28385	NC	Salemburg
28386	NC	Shannon|Rennert|Dundarrach
28387	NC	Southern Pines
28388	NC	Southern Pines
28390	NC	Spring Lake|Fayetteville|Anderson Creek
28391	NC	Stedman
28392	NC	Tar Heel
28393	NC	Turkey
28394	NC	Vass
28395	NC	Wade|Eastover
28396	NC	Wagram|Deercroft
28398	NC	Warsaw|Bowdens
28399	NC	White Oak
28401	NC	Wilmington|Wrightsboro|Hightsville
28402	NC	Wilmington
28403	NC	Wilmington
28404	NC	Wilmington
28405	NC	Wilmington|Kings Grant|Wrightsboro|Blue Clay Farms|Northchase|Ogden
28406	NC	Wilmington
28407	NC	Wilmington
28408	NC	Wilmington
28409	NC	Wilmington|Myrtle Grove|Sea Breeze
28410	NC	Wilmington
28411	NC	Wilmington|Murraysville|Porters Neck|Ogden|Bayshore
28412	NC	Wilmington|Silver Lake|Sea Breeze|Myrtle Grove
28420	NC	Ash
28421	NC	Atkinson
28422	NC	Bolivia|Oak Island
28423	NC	Bolton
28424	NC	Brunswick
28425	NC	Burgaw|St. Helena|Rocky Point
28428	NC	Carolina Beach|Kure Beach
28429	NC	Castle Hayne|Skippers Corner|Wrightsboro|Blue Clay Farms
28430	NC	Cerro Gordo
28431	NC	Chadbourn
28432	NC	Clarendon
28433	NC	Clarkton
28434	NC	Council
28435	NC	Currie
28436	NC	Delco
28438	NC	Evergreen|Boardman
28439	NC	Fair Bluff
28441	NC	Garland|Ingold
28442	NC	Hallsboro
28443	NC	Hampstead|Surf City
28444	NC	Harrells
28445	NC	Holly Ridge|Surf City|Topsail Beach|North Topsail Beach
28447	NC	Ivanhoe
28448	NC	Kelly
28449	NC	Kure Beach
28450	NC	Lake Waccamaw
28451	NC	Leland|Navassa|Northwest|Belville|Sandy Creek
28452	NC	Longwood
28453	NC	Magnolia|Delway
28454	NC	Maple Hill
28455	NC	Nakina
28456	NC	Riegelwood|Sandyfield|East Arcadia|Northwest
28457	NC	Rocky Point|Long Creek
28458	NC	Rose Hill|Greenevers|Delway
28459	NC	Shallotte
28460	NC	Sneads Ferry|North Topsail Beach
28461	NC	Southport|Boiling Spring Lakes|St. James|Bald Head Island|Oak Island
28462	NC	Supply|Holden Beach|Shallotte|Varnamtown
28463	NC	Tabor City
28464	NC	Teachey
28465	NC	Oak Island|Caswell Beach
28466	NC	Wallace
28467	NC	Calabash|Carolina Shores
28468	NC	Sunset Beach|Calabash
28469	NC	Ocean Isle Beach
28470	NC	Shallotte
28472	NC	Whiteville|Brunswick
28478	NC	Willard|Watha
28479	NC	Winnabow|Leland
28480	NC	Wrightsville Beach
28501	NC	Kinston|Graingers
28502	NC	Kinston
28503	NC	Kinston
28504	NC	Kinston|Jackson Heights
28508	NC	Albertson
28509	NC	Alliance
28510	NC	Arapahoe|Minnesott Beach
28511	NC	Atlantic
28512	NC	Atlantic Beach|Pine Knoll Shores|Indian Beach
28513	NC	Ayden
28515	NC	Bayboro|Alliance|Mesic|Stonewall
28516	NC	Beaufort|Morehead City
28518	NC	Beulaville|Chinquapin
28519	NC	Bridgeton
28520	NC	Cedar Island
28521	NC	Chinquapin
28522	NC	Comfort
28523	NC	Cove City
28524	NC	Davis
28525	NC	Deep Run
28526	NC	Dover
28527	NC	Ernul
28528	NC	Gloucester
28529	NC	Grantsboro|Alliance|Arapahoe
28530	NC	Grifton|Graingers
28531	NC	Harkers Island
28532	NC	Havelock|Cherry Branch
28533	NC	Havelock|Cherry Point
28537	NC	Hobucken
28538	NC	Hookerton
28539	NC	Hubert
28540	NC	Jacksonville|Half Moon
28541	NC	Jacksonville
28542	NC	Jacksonville|Camp Lejeune
28543	NC	Jacksonville|Tarawa Terrace
28544	NC	Midway Park|Jacksonville|Piney Green
28545	NC	Mccutcheon Field
28546	NC	Jacksonville|Piney Green|Half Moon|Pumpkin Center
28547	NC	Camp Lejeune|Jacksonville
28551	NC	La Grange|New Hope
28552	NC	Lowland
28553	NC	Marshallberg
28554	NC	Maury
28555	NC	Maysville
28556	NC	Merritt|Stonewall
28557	NC	Morehead City|Brandywine Bay
28560	NC	New Bern|Bridgeton|James City|Neuse Forest|Fairfield Harbour
28561	NC	New Bern
28562	NC	New Bern|Trent Woods|River Bend|Brices Creek|James City
28563	NC	New Bern
28564	NC	New Bern
28570	NC	Newport|Bogue|Broad Creek
28571	NC	Oriental
28572	NC	Pink Hill|Potters Hill
28573	NC	Pollocksville
28574	NC	Richlands
28575	NC	Salter Path|Indian Beach
28577	NC	Sealevel
28578	NC	Seven Springs
28579	NC	Smyrna
28580	NC	Snow Hill|Maury
28581	NC	Stacy
28582	NC	Stella
28583	NC	Stonewall
28584	NC	Swansboro|Peletier|Cape Carteret|Cedar Point|Bogue
28585	NC	Trenton
28586	NC	Vanceboro
28587	NC	Vandemere
28589	NC	Williston
28590	NC	Winterville|Greenville
28594	NC	Emerald Isle
28601	NC	Hickory|Long View|Rhodhiss|St. Stephens|Bethlehem|Northlakes
28602	NC	Hickory|Long View|Brookford|Mountain View|Icard
28603	NC	Hickory
28604	NC	Banner Elk|Beech Mountain|Sugar Mountain|Seven Devils|Foscoe|Valle Crucis
28605	NC	Blowing Rock
28606	NC	Boomer
28607	NC	Boone|Foscoe
28608	NC	Boone
28609	NC	Catawba|Lake Norman of Catawba
28610	NC	Claremont
28611	NC	Collettsville
28612	NC	Connelly Springs|Rutherford College|Valdese|Hildebran|Icard
28613	NC	Conover|St. Stephens
28615	NC	Creston
28616	NC	Crossnore
28617	NC	Crumpler
28618	NC	Deep Gap
28619	NC	Drexel
28621	NC	Elkin|Pleasant Hill
28622	NC	Elk Park
28623	NC	Ennice
28624	NC	Ferguson
28625	NC	Statesville|Love Valley
28626	NC	Fleetwood
28627	NC	Glade Valley
28628	NC	Glen Alpine
28629	NC	Glendale Springs
28630	NC	Granite Falls|Sawmills|Northlakes
28631	NC	Grassy Creek
28633	NC	Lenoir
28634	NC	Harmony
28635	NC	Hays
28636	NC	Hiddenite
28637	NC	Hildebran
28638	NC	Hudson|Sawmills
28640	NC	Jefferson
28641	NC	Jonas Ridge
28642	NC	Jonesville
28643	NC	Lansing
28644	NC	Laurel Springs
28645	NC	Lenoir|Gamewell|Cajah's Mountain|Cedar Rock
28646	NC	Linville|Grandfather Village|Sugar Mountain
28647	NC	Linville Falls
28649	NC	Mc Grady
28650	NC	Maiden
28651	NC	Millers Creek
28652	NC	Minneapolis
28653	NC	Montezuma
28654	NC	Moravian Falls
28655	NC	Morganton|Glen Alpine|Valdese|Drexel|Salem
28656	NC	North Wilkesboro
28657	NC	Newland|Linville
28658	NC	Newton|Maiden
28659	NC	North Wilkesboro|Mulberry|Fairplains|Cricket|Hays
28660	NC	Olin
28661	NC	Patterson
28662	NC	Pineola
28663	NC	Piney Creek
28664	NC	Plumtree
28665	NC	Purlear
28666	NC	Icard
28667	NC	Rhodhiss
28668	NC	Roaring Gap
28669	NC	Roaring River
28670	NC	Ronda|Pleasant Hill
28671	NC	Rutherford College|Valdese
28672	NC	Scottville
28673	NC	Sherrills Ford|Lake Norman of Catawba
28675	NC	Sparta
28676	NC	State Road
28677	NC	Statesville|Troutman
28678	NC	Stony Point
28679	NC	Sugar Grove|Valle Crucis|Cove Creek
28680	NC	Morganton
28681	NC	Taylorsville|Bethlehem
28682	NC	Terrell|Lake Norman of Catawba
28683	NC	Thurmond
28684	NC	Todd
28685	NC	Traphill
28687	NC	Statesville
28688	NC	Turnersburg
28689	NC	Union Grove
28690	NC	Valdese|Rutherford College
28691	NC	Valle Crucis
28692	NC	Vilas|Cove Creek
28693	NC	Warrensville
28694	NC	West Jefferson
28697	NC	Wilkesboro|Moravian Falls
28698	NC	Zionville|Cove Creek
28699	NC	Scotts
28701	NC	Alexander
28702	NC	Almond
28704	NC	Arden|Asheville|Royal Pines|Avery Creek
28705	NC	Bakersville
28707	NC	Balsam
28708	NC	Balsam Grove
28709	NC	Barnardsville
28710	NC	Bat Cave
28711	NC	Black Mountain
28712	NC	Brevard|Rosman
28713	NC	Bryson City
28714	NC	Burnsville
28715	NC	Candler
28716	NC	Canton|West Canton
28717	NC	Cashiers
28718	NC	Cedar Mountain
28719	NC	Cherokee
28720	NC	Chimney Rock|Chimney Rock Village
28721	NC	Clyde|West Canton|Lake Junaluska
28722	NC	Columbus
28723	NC	Cullowhee|Forest Hills
28724	NC	Dana
28725	NC	Dillsboro
28726	NC	East Flat Rock
28727	NC	Edneyville
28728	NC	Enka
28729	NC	Etowah
28730	NC	Fairview
28731	NC	Flat Rock|Dana|East Flat Rock
28732	NC	Fletcher|Hoopers Creek
28733	NC	Fontana Dam
28734	NC	Franklin
28735	NC	Gerton
28736	NC	Glenville
28737	NC	Glenwood
28738	NC	Hazelwood
28739	NC	Hendersonville|Flat Rock|Laurel Park|Etowah|Valley Hill|Horse Shoe
28740	NC	Green Mountain
28741	NC	Highlands
28742	NC	Horse Shoe|Etowah
28743	NC	Hot Springs
28744	NC	Franklin
28745	NC	Lake Junaluska
28746	NC	Lake Lure
28747	NC	Lake Toxaway
28748	NC	Leicester
28749	NC	Little Switzerland
28750	NC	Lynn
28751	NC	Maggie Valley
28752	NC	Marion|Glenwood|West Marion
28753	NC	Marshall|Hot Springs
28754	NC	Mars Hill
28755	NC	Micaville
28756	NC	Mill Spring|Columbus
28757	NC	Montreat
28758	NC	Mountain Home
28759	NC	Mills River|Horse Shoe
28760	NC	Naples
28761	NC	Nebo
28762	NC	Old Fort
28763	NC	Otto
28765	NC	Penland
28766	NC	Penrose
28768	NC	Pisgah Forest
28770	NC	Ridgecrest
28771	NC	Robbinsville|Lake Santeetlah
28772	NC	Rosman
28773	NC	Saluda
28774	NC	Sapphire
28775	NC	Scaly Mountain
28776	NC	Skyland
28777	NC	Spruce Pine
28778	NC	Swannanoa
28779	NC	Sylva|Webster|Dillsboro
28781	NC	Topton
28782	NC	Tryon
28783	NC	Tuckasegee
28784	NC	Tuxedo
28785	NC	Waynesville|Maggie Valley|Lake Junaluska
28786	NC	Waynesville|Lake Junaluska
28787	NC	Weaverville
28788	NC	Webster
28789	NC	Whittier|Cherokee
28790	NC	Zirconia
28791	NC	Hendersonville|Laurel Park|Mountain Home|Balfour|Horse Shoe
28792	NC	Hendersonville|Edneyville|Fruitland|Dana|Barker Heights|East Flat Rock|Mountain Home|Balfour
28793	NC	Hendersonville
28801	NC	Asheville
28802	NC	Asheville
28803	NC	Asheville|Biltmore Forest|Royal Pines
28804	NC	Asheville|Woodfin|Weaverville
28805	NC	Asheville
28806	NC	Asheville|Woodfin|Bent Creek|Emma
28810	NC	Asheville
28813	NC	Asheville
28814	NC	Asheville
28815	NC	Asheville
28816	NC	Asheville
28901	NC	Andrews
28902	NC	Brasstown
28903	NC	Culberson
28904	NC	Hayesville
28905	NC	Marble
28906	NC	Murphy
28909	NC	Warne
29001	SC	Alcolu
29002	SC	Ballentine
29003	SC	Bamberg
29006	SC	Batesburg|Batesburg-Leesville
29009	SC	Bethune
29010	SC	Bishopville|Wisacky|Ashwood|Manville|Browntown|Elliott|St. Charles
29014	SC	Blackstock
29015	SC	Blair
29016	SC	Blythewood
29018	SC	Bowman
29020	SC	Camden|East Camden
29021	SC	Camden
29030	SC	Cameron
29031	SC	Carlisle
29032	SC	Cassatt
29033	SC	Cayce
29036	SC	Chapin|Lake Murray of Richland
29037	SC	Chappells
29038	SC	Cope
29039	SC	Cordova
29040	SC	Dalzell|Stateburg
29041	SC	Davis Station
29042	SC	Denmark
29044	SC	Eastover|Columbia
29045	SC	Elgin|Columbia
29046	SC	Elliott
29047	SC	Elloree
29048	SC	Eutawville
29051	SC	Gable
29052	SC	Gadsden
29053	SC	Gaston|Pine Ridge
29054	SC	Gilbert
29055	SC	Great Falls
29056	SC	Greeleyville
29058	SC	Heath Springs
29059	SC	Holly Hill
29061	SC	Hopkins|Gadsden
29062	SC	Horatio
29063	SC	Irmo|Lake Murray of Richland
29065	SC	Jenkinsville
29067	SC	Kershaw|Abney Crossroads
29069	SC	Lamar|Lydia
29070	SC	Leesville|Batesburg-Leesville|Summit|Fairview Crossroads
29071	SC	Lexington
29072	SC	Lexington
29073	SC	Lexington|Red Bank|Edmund|White Knoll|Oak Grove
29074	SC	Liberty Hill
29075	SC	Little Mountain|Peak
29078	SC	Lugoff
29079	SC	Lydia
29080	SC	Lynchburg|Shiloh|Elliott
29081	SC	Ehrhardt
29082	SC	Lodge
29101	SC	Mc Bee|McBee
29102	SC	Manning|Paxville|Wyboo|Foreston
29104	SC	Mayesville|St. Charles
29105	SC	Monetta
29107	SC	Neeses|Livingston
29108	SC	Newberry|Silverstreet|Helena
29111	SC	New Zion
29112	SC	North|Woodford
29113	SC	Norway
29114	SC	Olanta
29115	SC	Orangeburg|Edisto|Brookdale|Wilkinson Heights
29116	SC	Orangeburg
29117	SC	Orangeburg
29118	SC	Orangeburg
29122	SC	Peak
29123	SC	Pelion
29125	SC	Pinewood
29126	SC	Pomaria
29127	SC	Prosperity
29128	SC	Rembert|Boykin
29129	SC	Ridge Spring
29130	SC	Ridgeway
29132	SC	Rion
29133	SC	Rowesville
29135	SC	Saint Matthews|St. Matthews
29137	SC	Salley|Perry
29138	SC	Saluda
29142	SC	Santee
29143	SC	Sardinia
29145	SC	Silverstreet
29146	SC	Springfield
29147	SC	State Park
29148	SC	Summerton|North Santee|Wyboo
29150	SC	Sumter|Lakewood|South Sumter
29151	SC	Sumter
29152	SC	Sumter|Shaw Afb
29153	SC	Sumter|East Sumter|Mulberry|Oswego|Ashwood|Dalzell
29154	SC	Sumter|Privateer|Cane Savannah|Stateburg|Cherryvale|Oakland
29160	SC	Swansea
29161	SC	Timmonsville
29162	SC	Turbeville
29163	SC	Vance
29164	SC	Wagener
29166	SC	Ward
29168	SC	Wedgefield
29169	SC	West Columbia|Springdale
29170	SC	West Columbia|Springdale|South Congaree|Oak Grove
29171	SC	West Columbia
29172	SC	West Columbia|Pine Ridge|Cayce|South Congaree
29175	SC	Westville
29177	SC	White Rock|Lake Murray of Richland
29178	SC	Whitmire
29180	SC	Winnsboro|Winnsboro Mills
29201	SC	Columbia|Cayce|Arthurtown|Olympia
29202	SC	Columbia
29203	SC	Columbia|Dentsville
29204	SC	Columbia|Forest Acres
29205	SC	Columbia
29206	SC	Columbia|Forest Acres|Arcadia Lakes
29207	SC	Columbia
29208	SC	Columbia
29209	SC	Columbia|Cayce|Capitol View
29210	SC	Columbia|St. Andrews|Seven Oaks
29211	SC	Columbia
29212	SC	Columbia|Irmo|Seven Oaks|St. Andrews
29214	SC	Columbia
29215	SC	Columbia
29216	SC	Columbia
29217	SC	Columbia
29218	SC	Columbia
29219	SC	Columbia
29220	SC	Columbia
29221	SC	Columbia
29222	SC	Columbia
29223	SC	Columbia|Arcadia Lakes|Dentsville|Woodfield
29224	SC	Columbia
29225	SC	Columbia
29226	SC	Columbia
29227	SC	Columbia
29228	SC	Columbia
29229	SC	Columbia
29230	SC	Columbia
29240	SC	Columbia
29250	SC	Columbia
29260	SC	Columbia
29290	SC	Columbia
29292	SC	Columbia
29301	SC	Spartanburg|Wellford|Saxon|Fairforest|Arcadia
29302	SC	Spartanburg|Pacolet|Camp Croft|Ben Avon|Glenn Springs
29303	SC	Spartanburg|Southern Shops|Whitney|Valley Falls|Hilltop
29304	SC	Spartanburg
29305	SC	Spartanburg
29306	SC	Spartanburg|Arkwright
29307	SC	Spartanburg|Drayton|Clifton|Converse
29316	SC	Boiling Springs|Valley Falls
29319	SC	Spartanburg
29320	SC	Arcadia
29321	SC	Buffalo
29322	SC	Campobello|Gramling
29323	SC	Chesnee|Mayo
29324	SC	Clifton
29325	SC	Clinton
29329	SC	Converse
29330	SC	Cowpens|Mayo
29331	SC	Cross Anchor
29332	SC	Cross Hill
29333	SC	Drayton|Spartanburg
29334	SC	Duncan|Reidville|Lyman
29335	SC	Enoree|Cross Anchor
29336	SC	Fairforest
29338	SC	Fingerville
29340	SC	Gaffney|East Gaffney
29341	SC	Gaffney|East Gaffney
29342	SC	Gaffney
29346	SC	Glendale
29348	SC	Gramling
29349	SC	Inman|Inman Mills|Gramling|Fingerville
29351	SC	Joanna
29353	SC	Jonesville
29355	SC	Kinards
29356	SC	Landrum|Campobello
29360	SC	Laurens|Watts Mills
29364	SC	Lockhart
29365	SC	Lyman|Duncan
29368	SC	Mayo
29369	SC	Moore|Reidville|Roebuck
29370	SC	Mountville
29372	SC	Pacolet|Central Pacolet
29373	SC	Pacolet|Pacolet Mills
29374	SC	Pauline|Glenn Springs
29375	SC	Reidville
29376	SC	Roebuck|Arkwright
29377	SC	Startex|Duncan|Wellford
29378	SC	Una|Saxon
29379	SC	Union|Monarch Mill
29384	SC	Waterloo
29385	SC	Wellford|Lyman|Startex
29386	SC	White Stone
29388	SC	Woodruff|Reidville
29395	SC	Jonesville
29401	SC	Charleston
29402	SC	Charleston
29403	SC	Charleston
29404	SC	North Charleston|Charleston Afb
29405	SC	North Charleston|Charleston
29406	SC	North Charleston|Charleston
29407	SC	Charleston
29409	SC	Charleston
29410	SC	Hanahan
29412	SC	Charleston|Folly Beach|James Island
29413	SC	Charleston
29414	SC	Charleston|North Charleston
29415	SC	North Charleston
29416	SC	Charleston
29417	SC	Charleston
29418	SC	North Charleston
29419	SC	North Charleston
29420	SC	North Charleston
29422	SC	Charleston
29423	SC	Charleston
29424	SC	Charleston
29425	SC	Charleston
29426	SC	Adams Run
29429	SC	Awendaw|Mount Pleasant
29431	SC	Bonneau|Bonneau Beach
29432	SC	Branchville
29433	SC	Canadys
29434	SC	Cordesville
29435	SC	Cottageville
29436	SC	Cross
29437	SC	Dorchester
29438	SC	Edisto Island|Edisto Beach
29439	SC	Folly Beach
29440	SC	Georgetown|DeBordieu Colony|Dunbar
29442	SC	Georgetown
29445	SC	Goose Creek
29446	SC	Green Pond
29447	SC	Grover
29448	SC	Harleyville
29449	SC	Hollywood|Meggett|Adams Run
29450	SC	Huger
29451	SC	Isle Of Palms
29452	SC	Jacksonboro
29453	SC	Jamestown
29455	SC	Johns Island|Charleston|Kiawah Island|Seabrook Island
29456	SC	Ladson|North Charleston|Summerville|Sangaree
29457	SC	Johns Island
29458	SC	Mc Clellanville|McClellanville
29461	SC	Moncks Corner|Pimlico|Pinopolis
29464	SC	Mount Pleasant
29465	SC	Mount Pleasant
29466	SC	Mount Pleasant
29468	SC	Pineville
29469	SC	Pinopolis
29470	SC	Ravenel|Hollywood
29471	SC	Reevesville
29472	SC	Ridgeville
29474	SC	Round O|Jacksonboro
29475	SC	Ruffin|Williams
29476	SC	Russellville
29477	SC	Saint George|St. George|Grover
29479	SC	Saint Stephen|St. Stephen|Russellville
29481	SC	Smoaks
29482	SC	Sullivan's Island|Sullivans Island
29483	SC	Summerville
29484	SC	Summerville
29485	SC	Summerville|North Charleston|Lincolnville
29486	SC	Summerville|Goose Creek|Sangaree|Ladson
29487	SC	Wadmalaw Island|Rockville
29488	SC	Walterboro
29492	SC	Charleston
29493	SC	Williams
29501	SC	Florence
29502	SC	Florence
29503	SC	Florence
29504	SC	Florence
29505	SC	Florence|Danwood
29506	SC	Florence|Quinby
29510	SC	Andrews
29511	SC	Aynor
29512	SC	Bennettsville
29516	SC	Blenheim
29518	SC	Cades
29519	SC	Centenary
29520	SC	Cheraw|Cash
29525	SC	Clio
29526	SC	Conway|Red Hill|Homewood
29527	SC	Conway|Bucksport
29528	SC	Conway
29530	SC	Coward
29532	SC	Darlington
29536	SC	Dillon|Little Rock|Floydale|Newtown|Hamer
29540	SC	Darlington|Dovesville
29541	SC	Effingham|Florence|Danwood
29543	SC	Fork
29544	SC	Galivants Ferry|Aynor
29545	SC	Green Sea
29546	SC	Gresham|Daviston
29547	SC	Hamer
29550	SC	Hartsville|North Hartsville|Pine Ridge|Lydia
29551	SC	Hartsville
29554	SC	Hemingway|Stuckey
29555	SC	Johnsonville
29556	SC	Kingstree
29560	SC	Lake City
29563	SC	Lake View
29564	SC	Lane
29565	SC	Latta|Floydale
29566	SC	Little River|North Myrtle Beach
29567	SC	Little Rock
29568	SC	Longs|North Myrtle Beach
29569	SC	Loris|Finklea|Live Oak
29570	SC	Mc Coll|McColl
29571	SC	Marion|Centenary|Rains
29572	SC	Myrtle Beach|Briarcliffe Acres
29574	SC	Mullins|Rains|Zion
29575	SC	Myrtle Beach|Surfside Beach|Garden City
29576	SC	Murrells Inlet|Garden City
29577	SC	Myrtle Beach
29578	SC	Myrtle Beach
29579	SC	Myrtle Beach|Carolina Forest|Forestbrook|Red Hill
29580	SC	Nesmith
29581	SC	Nichols|Ketchuptown
29582	SC	North Myrtle Beach|Atlantic Beach
29583	SC	Pamplico
29584	SC	Patrick
29585	SC	Pawleys Island|Litchfield Beach
29587	SC	Myrtle Beach
29588	SC	Myrtle Beach|Socastee|Red Hill|Forestbrook
29589	SC	Rains
29590	SC	Salters
29591	SC	Scranton|Coward
29592	SC	Sellers
29593	SC	Society Hill
29594	SC	Tatum
29596	SC	Wallace
29597	SC	North Myrtle Beach
29598	SC	North Myrtle Beach
29601	SC	Greenville|Judson|City View
29602	SC	Greenville
29603	SC	Greenville
29604	SC	Greenville
29605	SC	Greenville|Mauldin|Gantt|Dunean|Conestee
29606	SC	Greenville
29607	SC	Greenville|Mauldin
29608	SC	Greenville
29609	SC	Greenville|Sans Souci|Wade Hampton
29610	SC	Greenville
29611	SC	Greenville|Parker|Welcome|Berea|Powdersville|Judson|City View|Dunean
29612	SC	Greenville
29613	SC	Travelers Rest|Greenville
29614	SC	Greenville
29615	SC	Greenville|Wade Hampton
29616	SC	Greenville
29617	SC	Greenville|Travelers Rest|Berea|Sans Souci|Parker
29620	SC	Abbeville|Lake Secession|Antreville
29621	SC	Anderson|Northlake
29622	SC	Anderson
29623	SC	Anderson
29624	SC	Anderson|Homeland Park
29625	SC	Anderson|Centerville|Northlake|Sandy Springs|La France
29626	SC	Anderson|Homeland Park
29627	SC	Belton
29628	SC	Calhoun Falls
29630	SC	Central|Norris|Clemson|Six Mile|Cateechee
29631	SC	Clemson|Clemson University
29632	SC	Clemson
29633	SC	Clemson
29634	SC	Clemson|Clemson University
29635	SC	Cleveland|Caesars Head
29636	SC	Conestee
29638	SC	Donalds
29639	SC	Due West
29640	SC	Easley|Arial|Dacusville
29641	SC	Easley
29642	SC	Easley|Powdersville
29643	SC	Fair Play|South Union|Chickasaw Point
29644	SC	Fountain Inn
29645	SC	Gray Court
29646	SC	Greenwood|Promised Land
29647	SC	Greenwood
29648	SC	Greenwood
29649	SC	Greenwood|Coronaca
29650	SC	Greer
29651	SC	Greer|Duncan
29652	SC	Greer
29653	SC	Hodges|Cokesbury
29654	SC	Honea Path|Princeton
29655	SC	Iva|Lowndesville|Lake Secession|Antreville
29656	SC	La France
29657	SC	Liberty|Norris
29658	SC	Long Creek|Longcreek
29659	SC	Lowndesville
29661	SC	Marietta|Slater-Marietta
29662	SC	Mauldin
29664	SC	Mountain Rest
29665	SC	Newry
29666	SC	Ninety Six
29667	SC	Norris
29669	SC	Pelzer|West Pelzer|Ware Place
29670	SC	Pendleton|Sandy Springs|La France
29671	SC	Pickens
29672	SC	Seneca
29673	SC	Piedmont|Golden Grove|Powdersville|Gantt
29675	SC	Richland
29676	SC	Salem|Keowee Key|Tamassee
29677	SC	Sandy Springs
29678	SC	Seneca|Utica
29679	SC	Seneca
29680	SC	Simpsonville
29681	SC	Simpsonville|Mauldin|Fountain Inn|Five Forks
29682	SC	Six Mile
29683	SC	Slater|Slater-Marietta
29684	SC	Starr
29685	SC	Sunset
29686	SC	Tamassee
29687	SC	Taylors|Wade Hampton|Tigerville
29688	SC	Tigerville
29689	SC	Townville
29690	SC	Travelers Rest|The Cliffs Valley|Tigerville
29691	SC	Walhalla|West Union
29692	SC	Ware Shoals
29693	SC	Westminster|Chickasaw Point|South Union|Longcreek
29695	SC	Hodges
29696	SC	West Union|Walhalla
29697	SC	Williamston
29702	SC	Blacksburg|Cherokee Falls
29703	SC	Bowling Green
29704	SC	Catawba|Lesslie
29706	SC	Chester|Lowrys|Eureka Mill|Gayle Mill
29707	SC	Fort Mill
29708	SC	Fort Mill|Tega Cay|Baxter Village|Riverview
29709	SC	Chesterfield
29710	SC	Clover|Lake Wylie
29712	SC	Edgemoor
29714	SC	Fort Lawn
29715	SC	Fort Mill
29716	SC	Fort Mill
29717	SC	Hickory Grove
29718	SC	Jefferson
29720	SC	Lancaster|Van Wyck|Elgin|Springdale|Irwin|Buford|Unity|Tradesville
29721	SC	Lancaster
29722	SC	Lancaster
29724	SC	Lando
29726	SC	Mc Connells|McConnells
29727	SC	Mount Croghan
29728	SC	Pageland
29729	SC	Richburg
29730	SC	Rock Hill|Lesslie
29731	SC	Rock Hill
29732	SC	Rock Hill|Newport|India Hook
29733	SC	Rock Hill
29734	SC	Rock Hill
29741	SC	Ruby
29742	SC	Sharon
29743	SC	Smyrna
29744	SC	Van Wyck
29745	SC	York|Lake Wylie
29801	SC	Aiken
29802	SC	Aiken
29803	SC	Aiken|New Ellenton
29804	SC	Aiken
29805	SC	Aiken
29808	SC	Aiken
29809	SC	New Ellenton
29810	SC	Allendale
29812	SC	Barnwell|Snelling|Kline|Hilda
29813	SC	Hilda
29816	SC	Bath|Burnettown
29817	SC	Blackville
29819	SC	Bradley|Promised Land
29821	SC	Clarks Hill
29822	SC	Clearwater
29824	SC	Edgefield
29826	SC	Elko
29827	SC	Fairfax|Sycamore
29828	SC	Gloverville
29829	SC	Graniteville|Burnettown
29831	SC	Jackson
29832	SC	Johnston
29834	SC	Langley
29835	SC	Mc Cormick|McCormick|Willington
29836	SC	Martin
29838	SC	Modoc
29839	SC	Montmorenci
29840	SC	Mount Carmel|Willington
29841	SC	North Augusta|Burnettown|Belvedere|Clearwater
29842	SC	Beech Island|North Augusta|Clearwater
29843	SC	Olar|Govan
29844	SC	Parksville
29845	SC	Plum Branch|Parksville
29846	SC	Sycamore
29847	SC	Trenton
29848	SC	Troy
29849	SC	Ulmer
29850	SC	Vaucluse
29851	SC	Warrenville|Burnettown|Gloverville|Langley|Graniteville
29853	SC	Williston|Elko
29856	SC	Windsor
29860	SC	North Augusta|Murphys Estates
29861	SC	North Augusta
29899	SC	McCormick|Mc Cormick
29901	SC	Beaufort
29902	SC	Beaufort|Port Royal|Burton
29903	SC	Beaufort
29904	SC	Beaufort
29905	SC	Port Royal|Parris Island
29906	SC	Beaufort|Port Royal|Burton|Laurel Bay|Shell Point
29907	SC	Beaufort
29909	SC	Okatie|Ridgeland|Bluffton
29910	SC	Bluffton
29911	SC	Brunson
29912	SC	Coosawhatchie
29913	SC	Crocketville
29914	SC	Dale
29915	SC	Daufuskie Island
29916	SC	Early Branch
29918	SC	Estill|Furman|Scotia
29920	SC	Saint Helena Island|Fripp Island|Harbor Island
29921	SC	Furman
29922	SC	Garnett
29923	SC	Gifford
29924	SC	Hampton
29925	SC	Hilton Head Island
29926	SC	Hilton Head Island
29927	SC	Hardeeville
29928	SC	Hilton Head Island
29929	SC	Islandton
29931	SC	Lobeco
29932	SC	Luray
29933	SC	Miley
29934	SC	Pineland
29935	SC	Port Royal
29936	SC	Ridgeland|Hardeeville|Gillisonville|Coosawhatchie
29938	SC	Hilton Head Island
29939	SC	Scotia
29940	SC	Seabrook|Sheldon|Lobeco|Dale
29941	SC	Sheldon|Beaufort
29943	SC	Tillman
29944	SC	Varnville
29945	SC	Yemassee
30002	GA	Avondale Estates|Scottdale
30003	GA	Norcross
30004	GA	Milton|Alpharetta
30005	GA	Alpharetta|Johns Creek
30006	GA	Marietta
30007	GA	Marietta
30008	GA	Marietta|Fair Oaks
30009	GA	Alpharetta|Milton
30010	GA	Norcross
30011	GA	Auburn|Carl
30012	GA	Conyers|Lakeview Estates|Milstead
30013	GA	Conyers
30014	GA	Covington|Porterdale|Walnut Grove|Jersey
30015	GA	Covington
30016	GA	Covington|Porterdale
30017	GA	Grayson
30018	GA	Jersey
30019	GA	Dacula
30021	GA	Clarkston|Scottdale
30022	GA	Johns Creek|Alpharetta|Roswell
30023	GA	Alpharetta
30024	GA	Suwanee|Sugar Hill
30025	GA	Social Circle
30026	GA	North Metro
30028	GA	Cumming
30029	GA	North Metro
30030	GA	Decatur|Belvedere Park|Scottdale|North Decatur
30031	GA	Decatur
30032	GA	Decatur|Candler-McAfee|Belvedere Park
30033	GA	Decatur|North Decatur|Scottdale|North Druid Hills
30034	GA	Decatur|Panthersville
30035	GA	Decatur|Stonecrest
30036	GA	Decatur
30037	GA	Decatur
30038	GA	Stonecrest|Lithonia
30039	GA	Snellville
30040	GA	Cumming
30041	GA	Cumming
30042	GA	Lawrenceville
30043	GA	Lawrenceville
30044	GA	Lawrenceville
30045	GA	Lawrenceville|Dacula
30046	GA	Lawrenceville
30047	GA	Lilburn|Mountain Park
30048	GA	Lilburn
30049	GA	Lawrenceville
30052	GA	Loganville|Walnut Grove
30054	GA	Oxford
30055	GA	Mansfield
30056	GA	Newborn
30058	GA	Lithonia|Stonecrest|Redan
30060	GA	Marietta|Fair Oaks
30061	GA	Marietta
30062	GA	Marietta
30063	GA	Marietta
30064	GA	Marietta
30065	GA	Marietta
30066	GA	Marietta
30067	GA	Marietta
30068	GA	Marietta
30069	GA	Marietta
30070	GA	Porterdale
30071	GA	Norcross|Peachtree Corners|Berkeley Lake
30072	GA	Pine Lake
30074	GA	Redan
30075	GA	Roswell|Milton|Mountain Park
30076	GA	Roswell
30077	GA	Roswell
30078	GA	Snellville
30079	GA	Scottdale
30080	GA	Smyrna|Fair Oaks
30081	GA	Smyrna
30082	GA	Smyrna|Mableton
30083	GA	Stone Mountain|Tucker|Pine Lake
30084	GA	Tucker
30085	GA	Tucker
30086	GA	Stone Mountain
30087	GA	Stone Mountain|Tucker|Mountain Park
30088	GA	Stone Mountain|Redan
30090	GA	Marietta
30091	GA	Norcross
30092	GA	Peachtree Corners|Berkeley Lake
30093	GA	Norcross
30094	GA	Conyers
30095	GA	Duluth
30096	GA	Duluth|Berkeley Lake|Peachtree Corners
30097	GA	Duluth|Johns Creek
30098	GA	Duluth
30099	GA	Duluth
30101	GA	Acworth
30102	GA	Acworth
30103	GA	Adairsville
30104	GA	Aragon
30105	GA	Armuchee
30106	GA	Austell
30107	GA	Ball Ground|Nelson
30108	GA	Bowdon|Ephesus
30109	GA	Bowdon Junction
30110	GA	Bremen|Waco
30111	GA	Austell|Clarkdale
30112	GA	Carrollton
30113	GA	Buchanan
30114	GA	Canton|Holly Springs
30115	GA	Canton|Holly Springs
30116	GA	Carrollton
30117	GA	Carrollton|Mount Zion
30118	GA	Carrollton
30119	GA	Carrollton
30120	GA	Cartersville|Euharlee|Emerson
30121	GA	Cartersville|Emerson
30122	GA	Lithia Springs|Douglasville
30123	GA	Cassville
30124	GA	Cave Spring
30125	GA	Cedartown
30126	GA	Mableton|Smyrna
30127	GA	Powder Springs|Austell
30129	GA	Coosa
30132	GA	Dallas
30133	GA	Douglasville
30134	GA	Douglasville
30135	GA	Douglasville|Fairplay
30137	GA	Emerson
30138	GA	Esom Hill
30139	GA	Fairmount
30140	GA	Felton
30141	GA	Hiram
30142	GA	Holly Springs
30143	GA	Jasper|Nelson
30144	GA	Kennesaw|Acworth|Kennesaw State University
30145	GA	Kingston|Euharlee
30146	GA	Lebanon
30147	GA	Lindale
30148	GA	Marble Hill
30149	GA	Mount Berry|Berry College
30150	GA	Mount Zion
30151	GA	Nelson
30152	GA	Kennesaw
30153	GA	Rockmart|Braswell|Aragon
30154	GA	Douglasville
30156	GA	Kennesaw
30157	GA	Dallas|Hiram
30160	GA	Kennesaw
30161	GA	Rome|Shannon|Lindale
30162	GA	Rome
30163	GA	Rome
30164	GA	Rome
30165	GA	Rome|Berry College
30168	GA	Austell|Mableton|Lithia Springs
30169	GA	Canton
30170	GA	Roopville|Ephesus
30171	GA	Rydal
30172	GA	Shannon
30173	GA	Silver Creek|Lindale
30175	GA	Talking Rock|Jasper
30176	GA	Tallapoosa
30177	GA	Tate
30178	GA	Taylorsville
30179	GA	Temple
30180	GA	Villa Rica|Fairfield Plantation
30182	GA	Waco|Mount Zion|Bremen
30183	GA	Waleska
30184	GA	White|Cartersville
30185	GA	Whitesburg
30187	GA	Winston|Fairplay
30188	GA	Woodstock|Holly Springs|Mountain Park
30189	GA	Woodstock
30204	GA	Barnesville|Aldora
30205	GA	Brooks
30206	GA	Concord|Hilltop
30212	GA	Experiment
30213	GA	Fairburn|South Fulton|Chattahoochee Hills|Union City
30214	GA	Fayetteville
30215	GA	Fayetteville|Woolsey
30216	GA	Flovilla
30217	GA	Franklin|Centralhatchee|Ephesus|Glenn
30218	GA	Gay
30220	GA	Grantville|Lone Oak
30222	GA	Greenville
30223	GA	Griffin|Experiment|East Griffin
30224	GA	Griffin|Orchard Hill
30228	GA	Hampton|Lovejoy|Sunny Side|Bonanza
30229	GA	Haralson
30230	GA	Hogansville|Lone Oak
30233	GA	Jackson
30234	GA	Jenkinsburg
30236	GA	Jonesboro|Lovejoy
30237	GA	Jonesboro
30238	GA	Jonesboro|Irondale|Bonanza
30240	GA	Lagrange|West Point|Glenn
30241	GA	Lagrange
30248	GA	Locust Grove|Heron Bay
30250	GA	Lovejoy
30251	GA	Luthersville
30252	GA	Mcdonough
30253	GA	Mcdonough|Stockbridge
30256	GA	Meansville
30257	GA	Milner
30258	GA	Molena
30259	GA	Moreland
30260	GA	Morrow|Lake City
30261	GA	Lagrange
30263	GA	Newnan|East Newnan
30264	GA	Newnan
30265	GA	Newnan
30266	GA	Orchard Hill
30268	GA	Chattahoochee Hills|Palmetto|Fairburn
30269	GA	Peachtree City
30270	GA	Peachtree City
30271	GA	Newnan
30272	GA	South Fulton|Red Oak
30273	GA	Rex
30274	GA	Riverdale
30275	GA	Sargent
30276	GA	Senoia|Turin|Haralson
30277	GA	Sharpsburg|Turin
30281	GA	Stockbridge
30284	GA	Sunny Side
30285	GA	The Rock
30286	GA	Thomaston|Sunset Village|Hannahs Mill|Lincoln Park
30287	GA	Morrow
30288	GA	Conley
30289	GA	Turin
30290	GA	Tyrone
30291	GA	Union City|South Fulton
30292	GA	Williamson|Zebulon
30293	GA	Woodbury
30294	GA	Ellenwood|Forest Park|Conley
30295	GA	Zebulon
30296	GA	Riverdale|South Fulton
30297	GA	Forest Park|Conley
30298	GA	Forest Park
30301	GA	Atlanta
30302	GA	Atlanta
30303	GA	Atlanta
30304	GA	Atlanta
30305	GA	Atlanta
30306	GA	Atlanta|Druid Hills
30307	GA	Atlanta|Druid Hills
30308	GA	Atlanta
30309	GA	Atlanta
30310	GA	Atlanta
30311	GA	Atlanta
30312	GA	Atlanta
30313	GA	Atlanta
30314	GA	Atlanta
30315	GA	Atlanta
30316	GA	Atlanta|Gresham Park
30317	GA	Atlanta
30318	GA	Atlanta
30319	GA	Brookhaven|Atlanta
30320	GA	Atlanta
30321	GA	Atlanta
30322	GA	Atlanta
30324	GA	Atlanta|Brookhaven|North Druid Hills
30325	GA	Atlanta
30326	GA	Atlanta
30327	GA	Atlanta|Sandy Springs
30328	GA	Sandy Springs|Atlanta
30329	GA	Atlanta|Brookhaven|North Druid Hills
30331	GA	Atlanta|South Fulton
30332	GA	Atlanta
30333	GA	Atlanta
30334	GA	Atlanta
30336	GA	Atlanta|South Fulton
30337	GA	College Park|Atlanta
30338	GA	Dunwoody|Atlanta
30339	GA	Atlanta|Vinings
30340	GA	Atlanta|Doraville
30341	GA	Chamblee|Atlanta|Brookhaven
30342	GA	Sandy Springs|Atlanta
30343	GA	Atlanta
30344	GA	East Point|Atlanta
30345	GA	Atlanta|Chamblee
30346	GA	Dunwoody|Atlanta
30348	GA	Atlanta
30349	GA	South Fulton|Atlanta|Union City|East Point|College Park
30350	GA	Sandy Springs|Atlanta
30353	GA	Atlanta
30354	GA	Atlanta|Hapeville
30355	GA	Atlanta
30356	GA	Atlanta
30357	GA	Atlanta
30358	GA	Atlanta
30359	GA	Atlanta
30360	GA	Atlanta|Dunwoody|Doraville|Peachtree Corners
30361	GA	Atlanta
30362	GA	Atlanta
30363	GA	Atlanta
30364	GA	Atlanta
30366	GA	Atlanta
30368	GA	Atlanta
30369	GA	Atlanta
30370	GA	Atlanta
30371	GA	Atlanta
30374	GA	Atlanta
30375	GA	Atlanta
30377	GA	Atlanta
30378	GA	Atlanta
30380	GA	Atlanta
30384	GA	Atlanta
30385	GA	Atlanta
30388	GA	Atlanta
30392	GA	Atlanta
30394	GA	Atlanta
30396	GA	Atlanta
30398	GA	Atlanta
30401	GA	Swainsboro|Nunez
30410	GA	Ailey|Higgston|Alston
30411	GA	Alamo|Scotland
30412	GA	Alston
30413	GA	Bartow
30414	GA	Bellville
30415	GA	Brooklet
30417	GA	Claxton|Hagan|Bellville|Daisy|Manassas
30420	GA	Cobbtown
30421	GA	Collins|Manassas
30423	GA	Daisy
30424	GA	Dover
30425	GA	Garfield
30426	GA	Girard
30427	GA	Glennville|Mendes
30428	GA	Glenwood
30429	GA	Hagan
30434	GA	Louisville|Vidette
30436	GA	Lyons|Oak Park|Santa Claus|Ohoopee
30438	GA	Manassas
30439	GA	Metter|Pulaski
30441	GA	Midville|Summertown
30442	GA	Millen|Perkins
30445	GA	Mount Vernon|Ailey
30446	GA	Newington|Oliver
30447	GA	Norristown
30448	GA	Nunez
30449	GA	Oliver
30450	GA	Portal
30451	GA	Pulaski
30452	GA	Register
30453	GA	Reidsville
30454	GA	Rockledge
30455	GA	Rocky Ford
30456	GA	Sardis
30457	GA	Soperton
30458	GA	Statesboro
30459	GA	Statesboro
30460	GA	Statesboro
30461	GA	Statesboro
30464	GA	Stillmore
30467	GA	Sylvania|Hiltonia|Newington
30470	GA	Tarrytown
30471	GA	Twin City|Oak Park|Stillmore|Canoochee
30473	GA	Uvalda|Alston
30474	GA	Vidalia|Higgston
30475	GA	Vidalia
30477	GA	Wadley
30499	GA	Reidsville
30501	GA	Gainesville
30502	GA	Chestnut Mountain
30503	GA	Gainesville
30504	GA	Gainesville|Oakwood
30506	GA	Gainesville
30507	GA	Gainesville
30510	GA	Alto|Baldwin|Raoul
30511	GA	Baldwin
30512	GA	Blairsville
30513	GA	Blue Ridge|McCaysville|Epworth
30514	GA	Blairsville
30515	GA	Buford
30516	GA	Bowersville
30517	GA	Braselton
30518	GA	Buford|Sugar Hill|Rest Haven
30519	GA	Buford|Braselton
30520	GA	Canon|Eagle Grove
30521	GA	Carnesville
30522	GA	Cherry Log
30523	GA	Clarkesville|Tallulah Falls
30525	GA	Clayton|Mountain City|Tate City
30527	GA	Clermont
30528	GA	Cleveland|Yonah
30529	GA	Commerce|Nicholson
30530	GA	Commerce|Ila
30531	GA	Cornelia|Baldwin|Mount Airy
30533	GA	Dahlonega
30534	GA	Dawsonville
30535	GA	Demorest
30536	GA	Ellijay|East Ellijay
30537	GA	Dillard|Sky Valley
30538	GA	Eastanollee
30539	GA	East Ellijay
30540	GA	Ellijay|East Ellijay
30541	GA	Epworth
30542	GA	Flowery Branch|Oakwood
30543	GA	Gillsville
30545	GA	Helen
30546	GA	Hiawassee|Tate City
30547	GA	Homer
30548	GA	Hoschton|Braselton
30549	GA	Jefferson|Arcade
30552	GA	Lakemont|Tallulah Falls
30553	GA	Lavonia|Gumlog
30554	GA	Lula
30555	GA	Mc Caysville|McCaysville
30557	GA	Martin|Avalon|Gumlog
30558	GA	Maysville
30559	GA	Mineral Bluff
30560	GA	Morganton
30562	GA	Mountain City
30563	GA	Mount Airy
30564	GA	Murrayville
30565	GA	Nicholson
30566	GA	Oakwood
30567	GA	Pendergrass|Talmo
30568	GA	Rabun Gap|Mountain City
30571	GA	Sautee Nacoochee|Sautee-Nacoochee|Yonah
30572	GA	Suches
30573	GA	Tallulah Falls
30575	GA	Talmo|Pendergrass
30576	GA	Tiger
30577	GA	Toccoa|Avalon
30580	GA	Turnerville
30581	GA	Wiley
30582	GA	Young Harris
30597	GA	Dahlonega
30598	GA	Toccoa Falls
30599	GA	Commerce
30601	GA	Athens
30602	GA	Athens
30603	GA	Athens
30604	GA	Athens
30605	GA	Athens
30606	GA	Athens
30607	GA	Athens
30608	GA	Athens
30609	GA	Athens
30612	GA	Athens
30619	GA	Arnoldsville
30620	GA	Bethlehem
30621	GA	Bishop|North High Shoals|Bostwick
30622	GA	Bogart
30623	GA	Bostwick
30624	GA	Bowman
30625	GA	Buckhead
30627	GA	Carlton
30628	GA	Colbert
30629	GA	Comer
30630	GA	Crawford
30631	GA	Crawfordville|Sharon
30633	GA	Danielsville|Ila
30634	GA	Dewy Rose
30635	GA	Elberton
30638	GA	Farmington
30639	GA	Franklin Springs
30641	GA	Good Hope
30642	GA	Greensboro|Siloam|White Plains
30643	GA	Hartwell|Reed Creek
30645	GA	High Shoals
30646	GA	Hull
30647	GA	Ila
30648	GA	Lexington
30650	GA	Madison|Godfrey
30655	GA	Monroe|Between
30656	GA	Monroe|Between
30660	GA	Rayle
30662	GA	Royston|Franklin Springs
30663	GA	Rutledge
30664	GA	Sharon
30665	GA	Siloam
30666	GA	Statham
30667	GA	Stephens|Maxeys
30668	GA	Tignall
30669	GA	Union Point|Woodville|Maxeys
30671	GA	Maxeys
30673	GA	Washington|Rayle
30677	GA	Watkinsville
30678	GA	White Plains
30680	GA	Winder|Bethlehem|Carl|Russell
30683	GA	Winterville
30701	GA	Calhoun|Resaca
30703	GA	Calhoun
30705	GA	Chatsworth|Eton
30707	GA	Chickamauga|Fort Oglethorpe|Fairview
30708	GA	Cisco
30710	GA	Cohutta|Varnell
30711	GA	Crandall
30719	GA	Dalton
30720	GA	Dalton|Varnell
30721	GA	Dalton|Varnell
30722	GA	Dalton
30724	GA	Eton
30725	GA	Flintstone|Chattanooga Valley
30726	GA	Graysville
30728	GA	La Fayette|LaFayette
30730	GA	Lyerly
30731	GA	Menlo
30732	GA	Oakman
30733	GA	Plainville
30734	GA	Ranger
30735	GA	Resaca
30736	GA	Ringgold|Fort Oglethorpe|Indian Springs
30738	GA	Rising Fawn|West Brow
30739	GA	Rock Spring
30740	GA	Rocky Face|Dalton
30741	GA	Rossville|Fort Oglethorpe|Fairview|Chattanooga Valley|Lakeview
30742	GA	Fort Oglethorpe
30746	GA	Sugar Valley
30747	GA	Summerville
30750	GA	Lookout Mountain|West Brow
30751	GA	Tennga
30752	GA	Trenton|New England
30753	GA	Trion
30755	GA	Tunnel Hill
30756	GA	Varnell
30757	GA	Wildwood|New England
30802	GA	Appling
30803	GA	Avera
30805	GA	Blythe
30806	GA	Boneville
30807	GA	Camak
30808	GA	Dearing
30809	GA	Evans|Martinez
30810	GA	Gibson|Edge Hill
30811	GA	Gough
30812	GA	Gracewood
30813	GA	Grovetown
30814	GA	Harlem
30815	GA	Hephzibah
30816	GA	Keysville|Gough
30817	GA	Lincolnton
30818	GA	Matthews
30819	GA	Mesena
30820	GA	Mitchell|Edge Hill
30821	GA	Norwood
30822	GA	Perkins
30823	GA	Stapleton
30824	GA	Thomson
30828	GA	Warrenton|Camak
30830	GA	Waynesboro|Vidette
30833	GA	Wrens|Matthews
30901	GA	Augusta
30903	GA	Augusta
30904	GA	Augusta
30905	GA	Augusta
30906	GA	Augusta
30907	GA	Augusta|Martinez|Evans
30909	GA	Augusta
30912	GA	Augusta
30914	GA	Augusta
30916	GA	Augusta
30917	GA	Augusta
30919	GA	Augusta
30999	GA	Augusta
31001	GA	Abbeville
31002	GA	Adrian|Norristown
31003	GA	Allentown
31004	GA	Bolingbroke
31005	GA	Bonaire|Warner Robins
31006	GA	Butler|Howard
31007	GA	Byromville|Dooling
31008	GA	Byron|Warner Robins
31009	GA	Cadwell
31010	GA	Cordele
31011	GA	Chauncey
31012	GA	Chester
31013	GA	Clinchfield
31014	GA	Cochran|Empire
31015	GA	Cordele|Wenona
31016	GA	Culloden|Salem
31017	GA	Danville|Allentown
31018	GA	Davisboro|Riddleville
31019	GA	Dexter
31020	GA	Dry Branch
31021	GA	Dublin
31022	GA	Dudley
31023	GA	Eastman
31024	GA	Eatonton|Crooked Creek
31025	GA	Elko
31026	GA	Eatonton
31027	GA	East Dublin
31028	GA	Centerville
31029	GA	Forsyth|Smarr
31030	GA	Fort Valley
31031	GA	Gordon|Ivey
31032	GA	Gray
31033	GA	Haddock
31034	GA	Hardwick|Milledgeville
31035	GA	Harrison|Riddleville
31036	GA	Hawkinsville
31037	GA	Mc Rae Helena|McRae-Helena
31038	GA	Hillsboro
31039	GA	Howard
31040	GA	Dublin
31041	GA	Ideal
31042	GA	Irwinton
31044	GA	Jeffersonville
31045	GA	Jewell
31046	GA	Juliette
31047	GA	Kathleen|Perry|Warner Robins
31049	GA	Kite
31050	GA	Knoxville
31051	GA	Lilly
31052	GA	Macon-Bibb County|Lizella
31054	GA	Mc Intyre|McIntyre
31055	GA	Mc Rae Helena|McRae-Helena|Scotland
31057	GA	Marshallville
31058	GA	Mauk
31059	GA	Milledgeville
31060	GA	Milan
31061	GA	Milledgeville|Hardwick
31062	GA	Milledgeville
31063	GA	Montezuma|Dooling
31064	GA	Monticello
31065	GA	Montrose|Allentown
31066	GA	Musella|Knoxville
31067	GA	Oconee
31068	GA	Oglethorpe|Ideal
31069	GA	Perry
31070	GA	Pinehurst
31071	GA	Pineview
31072	GA	Pitts|Seville
31075	GA	Rentz
31076	GA	Reynolds
31077	GA	Rhine
31078	GA	Roberta|Knoxville
31079	GA	Rochelle
31081	GA	Rupert
31082	GA	Sandersville|Deepstep
31083	GA	Scotland
31084	GA	Seville
31085	GA	Shady Dale
31086	GA	Smarr
31087	GA	Sparta
31088	GA	Warner Robins
31089	GA	Tennille
31090	GA	Toomsboro
31091	GA	Unadilla
31092	GA	Vienna|Lilly
31093	GA	Warner Robins|Centerville
31094	GA	Warthen
31095	GA	Warner Robins
31096	GA	Wrightsville
31097	GA	Yatesville
31098	GA	Warner Robins|Robins AFB
31099	GA	Warner Robins
31106	GA	Atlanta
31107	GA	Atlanta
31119	GA	Atlanta
31126	GA	Atlanta
31131	GA	Atlanta
31136	GA	Atlanta
31139	GA	Atlanta
31141	GA	Atlanta
31144	GA	Kennesaw
31145	GA	Atlanta
31146	GA	Atlanta
31150	GA	Atlanta
31156	GA	Atlanta
31169	GA	Peachtree City
31192	GA	Atlanta
31193	GA	Atlanta
31195	GA	Atlanta
31196	GA	Atlanta
31201	GA	Macon-Bibb County|Macon
31202	GA	Macon
31203	GA	Macon
31204	GA	Macon-Bibb County|Macon
31205	GA	Macon
31206	GA	Macon-Bibb County|Macon
31207	GA	Macon-Bibb County|Macon
31208	GA	Macon
31209	GA	Macon
31210	GA	Macon-Bibb County|Macon|Bolingbroke
31211	GA	Macon|Macon-Bibb County
31213	GA	Macon-Bibb County|Macon
31216	GA	Macon-Bibb County|Macon
31217	GA	Macon|Macon-Bibb County
31220	GA	Macon-Bibb County|Macon
31221	GA	Macon
31294	GA	Macon
31295	GA	Macon
31296	GA	Macon
31297	GA	Macon
31301	GA	Allenhurst|Walthourville
31302	GA	Bloomingdale|Savannah
31303	GA	Clyo
31304	GA	Crescent
31305	GA	Darien
31307	GA	Eden
31308	GA	Ellabell
31309	GA	Fleming
31310	GA	Hinesville
31312	GA	Guyton
31313	GA	Hinesville|Flemington|Walthourville|Gumbranch|Allenhurst
31314	GA	Fort Stewart
31315	GA	Fort Stewart
31316	GA	Ludowici
31318	GA	Meldrim
31319	GA	Meridian
31320	GA	Midway
31321	GA	Pembroke
31322	GA	Pooler|Bloomingdale
31323	GA	Riceboro
31324	GA	Richmond Hill|Buckhead
31326	GA	Rincon
31327	GA	Sapelo Island
31328	GA	Tybee Island
31329	GA	Springfield
31331	GA	Townsend|Darien|Crescent|Eulonia
31333	GA	Walthourville
31401	GA	Savannah
31402	GA	Savannah
31403	GA	Savannah
31404	GA	Savannah|Thunderbolt
31405	GA	Savannah|Garden City
31406	GA	Savannah|Montgomery|Dutch Island|Isle of Hope
31407	GA	Port Wentworth|Savannah
31408	GA	Savannah|Garden City|Pooler
31409	GA	Savannah
31410	GA	Savannah|Thunderbolt|Wilmington Island|Whitemarsh Island|Talahi Island
31411	GA	Savannah|Skidaway Island
31412	GA	Savannah
31414	GA	Savannah
31415	GA	Savannah|Garden City
31416	GA	Savannah
31418	GA	Savannah
31419	GA	Savannah|Vernonburg|Georgetown|Henderson
31420	GA	Savannah
31421	GA	Savannah
31501	GA	Waycross|Deenwood|Sunnyside
31502	GA	Waycross
31503	GA	Waycross|Waresboro|Deenwood|Dixie Union
31510	GA	Alma|Rockingham
31512	GA	Ambrose
31513	GA	Baxley|Graham
31515	GA	Baxley
31516	GA	Blackshear
31518	GA	Bristol
31519	GA	Broxton
31520	GA	Brunswick|Dock Junction
31521	GA	Brunswick
31522	GA	Saint Simons Island|St. Simons
31523	GA	Brunswick|Sterling|Dock Junction|Everett
31524	GA	Brunswick
31525	GA	Brunswick|Country Club Estates|Sterling|Everett
31527	GA	Jekyll Island
31532	GA	Denton
31533	GA	Douglas
31534	GA	Douglas
31535	GA	Douglas
31537	GA	Folkston|Homeland
31539	GA	Hazlehurst|Graham|Denton|Satilla
31542	GA	Hoboken
31543	GA	Hortense
31544	GA	Jacksonville
31545	GA	Jesup
31546	GA	Jesup|Gardi
31547	GA	Kings Bay|Kings Bay Base
31548	GA	Kingsland
31549	GA	Lumber City
31550	GA	Manor
31551	GA	Mershon|Bristol
31552	GA	Millwood
31553	GA	Nahunta|Hickox
31554	GA	Nicholls
31555	GA	Odum
31556	GA	Offerman
31557	GA	Patterson|Offerman
31558	GA	Saint Marys|St. Marys|Kings Bay Base
31560	GA	Screven
31561	GA	Sea Island
31562	GA	Saint George
31563	GA	Surrency
31564	GA	Waresboro
31565	GA	Waverly
31566	GA	Waynesville
31567	GA	West Green
31568	GA	White Oak
31569	GA	Woodbine|Kingsland
31598	GA	Jesup
31599	GA	Jesup
31601	GA	Valdosta|Dasher|Remerton|Clyattville
31602	GA	Valdosta|Remerton
31603	GA	Valdosta
31604	GA	Valdosta
31605	GA	Valdosta|Bemiss|Moody AFB
31606	GA	Valdosta|Echols County|Dasher
31620	GA	Adel|Cecil
31622	GA	Alapaha
31623	GA	Argyle
31624	GA	Axson
31625	GA	Barney
31626	GA	Boston
31627	GA	Cecil
31629	GA	Dixie
31630	GA	Du Pont|Echols County
31631	GA	Echols County|Fargo
31632	GA	Hahira|Cecil
31634	GA	Homerville|Argyle|Cogdell
31635	GA	Lakeland
31636	GA	Echols County|Lake Park|Dasher
31637	GA	Lenox
31638	GA	Morven
31639	GA	Nashville
31641	GA	Naylor
31642	GA	Pearson
31643	GA	Quitman
31645	GA	Ray City
31647	GA	Sparks
31648	GA	Echols County|Statenville
31649	GA	Stockton
31650	GA	Willacoochee
31698	GA	Valdosta
31699	GA	Moody Afb
31701	GA	Albany
31702	GA	Albany
31703	GA	Albany
31704	GA	Albany
31705	GA	Albany|Putney
31706	GA	Albany
31707	GA	Albany
31708	GA	Albany
31709	GA	Americus
31711	GA	Andersonville
31712	GA	Arabi
31714	GA	Ashburn
31716	GA	Baconton
31719	GA	Americus
31720	GA	Barwick
31721	GA	Albany
31722	GA	Berlin
31727	GA	Brookfield
31730	GA	Camilla
31733	GA	Chula
31735	GA	Cobb
31738	GA	Coolidge
31739	GA	Cotton
31743	GA	De Soto
31744	GA	Doerun
31747	GA	Ellenton
31749	GA	Enigma
31750	GA	Fitzgerald
31753	GA	Funston
31756	GA	Hartsfield
31757	GA	Thomasville
31758	GA	Thomasville
31760	GA	Irwinville
31763	GA	Leesburg
31764	GA	Leslie|De Soto
31765	GA	Meigs
31768	GA	Moultrie|Funston
31769	GA	Mystic
31771	GA	Norman Park|Ellenton
31772	GA	Oakfield
31773	GA	Ochlocknee
31774	GA	Ocilla
31775	GA	Omega
31776	GA	Moultrie
31778	GA	Pavo
31779	GA	Pelham
31780	GA	Plains|Webster County
31781	GA	Poulan
31782	GA	Putney
31783	GA	Rebecca
31784	GA	Sale City
31787	GA	Smithville
31788	GA	Moultrie|Berlin
31789	GA	Sumner
31790	GA	Sycamore
31791	GA	Sylvester
31792	GA	Thomasville
31793	GA	Tifton
31794	GA	Tifton|Unionville|Phillipsburg
31795	GA	Ty Ty
31796	GA	Warwick
31798	GA	Wray
31799	GA	Thomasville
31801	GA	Box Springs
31803	GA	Buena Vista|Tazewell
31804	GA	Cataula
31805	GA	Cusseta-Chattahoochee County|Cusseta
31806	GA	Ellaville
31807	GA	Ellerslie
31808	GA	Fortson|Columbus|Piney Grove|Antioch
31810	GA	Geneva
31811	GA	Hamilton|Antioch
31812	GA	Junction City|Howard
31814	GA	Louvale
31815	GA	Lumpkin
31816	GA	Manchester
31820	GA	Columbus|Midland
31821	GA	Omaha
31822	GA	Pine Mountain
31823	GA	Pine Mountain Valley
31824	GA	Webster County|Preston
31825	GA	Richland|Webster County
31826	GA	Shiloh
31827	GA	Talbotton
31829	GA	Columbus|Upatoi
31830	GA	Warm Springs|Manchester
31831	GA	Waverly Hall
31832	GA	Webster County|Weston
31833	GA	West Point
31836	GA	Woodland
31901	GA	Columbus
31902	GA	Columbus
31903	GA	Columbus
31904	GA	Columbus
31905	GA	Cusseta-Chattahoochee County|Fort Benning|Columbus
31906	GA	Columbus
31907	GA	Columbus
31908	GA	Columbus
31909	GA	Columbus
31914	GA	Columbus
31917	GA	Columbus
31993	GA	Columbus
31995	GA	Fort Benning
31997	GA	Columbus
31998	GA	Columbus
31999	GA	Columbus
32003	FL	Fleming Island
32004	FL	Ponte Vedra Beach
32006	FL	Fleming Island
32007	FL	Bostwick
32008	FL	Branford
32009	FL	Bryceville
32011	FL	Callahan|Nassau Village-Ratliff
32013	FL	Day
32024	FL	Lake City
32025	FL	Lake City|Watertown
32026	FL	Raiford
32030	FL	Doctors Inlet
32033	FL	Elkton
32034	FL	Fernandina Beach
32035	FL	Fernandina Beach
32038	FL	Fort White
32040	FL	Glen Saint Mary|Glen St. Mary
32041	FL	Yulee
32042	FL	Graham
32043	FL	Green Cove Springs|Penney Farms|Asbury Lake
32044	FL	Hampton
32046	FL	Hilliard
32050	FL	Middleburg
32052	FL	Jasper
32053	FL	Jennings
32054	FL	Lake Butler|Worthington Springs
32055	FL	Lake City|Five Points|Watertown
32056	FL	Lake City
32058	FL	Lawtey
32059	FL	Lee
32060	FL	Live Oak
32061	FL	Lulu
32062	FL	Mc Alpin
32063	FL	Macclenny
32064	FL	Live Oak
32065	FL	Orange Park|Oakleaf Plantation|Lakeside
32066	FL	Mayo|Day
32067	FL	Orange Park
32068	FL	Middleburg|Lakeside|Oakleaf Plantation|Asbury Lake
32071	FL	O Brien
32072	FL	Olustee
32073	FL	Orange Park|Bellair-Meadowbrook Terrace|Lakeside|Oakleaf Plantation
32079	FL	Penney Farms
32080	FL	Saint Augustine|St. Augustine|St. Augustine Beach|Marineland|Butler Beach|Crescent Beach
32081	FL	Ponte Vedra|Jacksonville|Nocatee
32082	FL	Ponte Vedra Beach|Palm Valley|Sawgrass
32083	FL	Raiford
32084	FL	Saint Augustine|St. Augustine|Vilano Beach
32085	FL	Saint Augustine
32086	FL	Saint Augustine|St. Augustine Shores|St. Augustine South
32087	FL	Sanderson
32091	FL	Starke
32092	FL	Saint Augustine|World Golf Village
32094	FL	Wellborn
32095	FL	Saint Augustine|St. Augustine|Nocatee|World Golf Village
32096	FL	White Springs
32097	FL	Yulee
32099	FL	Jacksonville
32102	FL	Astor
32105	FL	Barberville
32110	FL	Bunnell|Palm Coast
32111	FL	Candler
32112	FL	Crescent City|Pomona Park
32113	FL	Citra
32114	FL	Daytona Beach
32115	FL	Daytona Beach
32116	FL	Daytona Beach
32117	FL	Daytona Beach|Holly Hill
32118	FL	Daytona Beach|Daytona Beach Shores
32119	FL	Daytona Beach|South Daytona
32120	FL	Daytona Beach
32121	FL	Daytona Beach
32122	FL	Daytona Beach
32123	FL	Port Orange
32124	FL	Daytona Beach
32125	FL	Daytona Beach
32126	FL	Daytona Beach
32127	FL	Port Orange|Ponce Inlet
32128	FL	Port Orange|Samsula-Spruce Creek
32129	FL	Port Orange
32130	FL	De Leon Springs
32131	FL	East Palatka
32132	FL	Edgewater
32133	FL	Eastlake Weir
32134	FL	Fort Mc Coy|Lake Kerr
32135	FL	Palm Coast
32136	FL	Flagler Beach|Palm Coast|Beverly Beach
32137	FL	Palm Coast|Marineland
32138	FL	Grandin
32139	FL	Georgetown
32140	FL	Florahome
32141	FL	Edgewater
32142	FL	Palm Coast
32143	FL	Palm Coast
32145	FL	Hastings|Flagler Estates
32147	FL	Hollister
32148	FL	Interlachen
32149	FL	Interlachen
32157	FL	Lake Como
32158	FL	Lady Lake
32159	FL	Lady Lake|The Villages
32160	FL	Lake Geneva
32162	FL	The Villages
32163	FL	Wildwood|The Villages|Fruitland Park
32164	FL	Palm Coast
32168	FL	New Smyrna Beach|Edgewater|Port Orange|Ponce Inlet|Samsula-Spruce Creek|Glencoe
32169	FL	New Smyrna Beach|Ponce Inlet|Oak Hill
32170	FL	New Smyrna Beach
32173	FL	Ormond Beach
32174	FL	Ormond Beach|Bunnell|Daytona Beach
32175	FL	Ormond Beach
32176	FL	Ormond Beach|Ormond-by-the-Sea
32177	FL	Palatka
32178	FL	Palatka
32179	FL	Ocklawaha|Silver Springs Shores East
32180	FL	Pierson
32181	FL	Pomona Park
32182	FL	Orange Springs
32183	FL	Ocklawaha
32185	FL	Putnam Hall
32187	FL	San Mateo
32189	FL	Satsuma
32190	FL	Seville
32192	FL	Sparr
32193	FL	Welaka
32195	FL	Weirsdale
32198	FL	Daytona Beach
32201	FL	Jacksonville
32202	FL	Jacksonville
32203	FL	Jacksonville
32204	FL	Jacksonville
32205	FL	Jacksonville
32206	FL	Jacksonville
32207	FL	Jacksonville
32208	FL	Jacksonville
32209	FL	Jacksonville
32210	FL	Jacksonville
32211	FL	Jacksonville
32212	FL	Jacksonville
32214	FL	Jacksonville
32216	FL	Jacksonville
32217	FL	Jacksonville
32218	FL	Jacksonville
32219	FL	Jacksonville
32220	FL	Jacksonville
32221	FL	Jacksonville
32222	FL	Jacksonville
32223	FL	Jacksonville
32224	FL	Jacksonville
32225	FL	Jacksonville
32226	FL	Jacksonville
32227	FL	Jacksonville
32228	FL	Jacksonville
32229	FL	Jacksonville
32231	FL	Jacksonville
32232	FL	Jacksonville
32233	FL	Jacksonville|Atlantic Beach
32234	FL	Jacksonville|Baldwin
32235	FL	Jacksonville
32236	FL	Jacksonville
32237	FL	Jacksonville
32238	FL	Jacksonville
32239	FL	Jacksonville
32240	FL	Jacksonville Beach
32241	FL	Jacksonville
32244	FL	Jacksonville
32245	FL	Jacksonville
32246	FL	Jacksonville
32247	FL	Jacksonville
32250	FL	Jacksonville Beach|Jacksonville
32254	FL	Jacksonville
32255	FL	Jacksonville
32256	FL	Jacksonville
32257	FL	Jacksonville
32258	FL	Jacksonville
32259	FL	Saint Johns|Fruit Cove
32260	FL	Jacksonville
32266	FL	Neptune Beach
32277	FL	Jacksonville
32301	FL	Tallahassee
32302	FL	Tallahassee
32303	FL	Tallahassee
32304	FL	Tallahassee
32305	FL	Tallahassee|Woodville
32306	FL	Tallahassee
32307	FL	Tallahassee
32308	FL	Tallahassee
32309	FL	Tallahassee|Bradfordville|Miccosukee
32310	FL	Tallahassee|Fort Braden
32311	FL	Tallahassee
32312	FL	Tallahassee|Bradfordville
32313	FL	Tallahassee
32314	FL	Tallahassee
32315	FL	Tallahassee
32316	FL	Tallahassee
32317	FL	Tallahassee|Capitola|Chaires
32318	FL	Tallahassee
32320	FL	Apalachicola
32321	FL	Bristol|Lake Mystic|Sumatra
32322	FL	Carrabelle
32323	FL	Lanark Village
32324	FL	Chattahoochee|Gretna
32326	FL	Crawfordville
32327	FL	Crawfordville
32328	FL	Eastpoint|St. George Island
32329	FL	Apalachicola
32330	FL	Greensboro
32331	FL	Greenville
32332	FL	Gretna
32333	FL	Havana
32334	FL	Hosford
32335	FL	Sumatra
32336	FL	Lamont
32337	FL	Lloyd
32340	FL	Madison
32341	FL	Madison
32343	FL	Midway
32344	FL	Monticello|Waukeenah|Wacissa|Aucilla|Lloyd
32345	FL	Monticello
32346	FL	Panacea
32347	FL	Perry
32348	FL	Perry
32350	FL	Pinetta
32351	FL	Quincy|Gretna|Greensboro
32352	FL	Quincy
32353	FL	Quincy
32355	FL	St. Marks|Saint Marks
32356	FL	Salem
32357	FL	Shady Grove
32358	FL	Sopchoppy
32359	FL	Steinhatchee
32360	FL	Telogia
32361	FL	Wacissa
32362	FL	Woodville
32395	FL	Tallahassee
32399	FL	Tallahassee
32401	FL	Panama City|Springfield|Cedar Grove
32402	FL	Panama City
32403	FL	Panama City|Tyndall AFB
32404	FL	Panama City|Callaway|Parker|Springfield|Lynn Haven
32405	FL	Panama City|Lynn Haven|Springfield|Cedar Grove|Pretty Bayou
32406	FL	Panama City
32407	FL	Panama City Beach|Upper Grand Lagoon
32408	FL	Panama City|Upper Grand Lagoon|Lower Grand Lagoon
32409	FL	Panama City
32410	FL	Mexico Beach
32411	FL	Panama City
32412	FL	Panama City
32413	FL	Panama City Beach|Laguna Beach
32417	FL	Panama City
32420	FL	Alford
32421	FL	Altha
32422	FL	Argyle
32423	FL	Bascom
32424	FL	Blountstown
32425	FL	Bonifay|Esto|Noma
32426	FL	Campbellton
32427	FL	Caryville
32428	FL	Chipley|Wausau
32430	FL	Clarksville
32431	FL	Cottondale|Jacob City
32432	FL	Cypress
32433	FL	Defuniak Springs
32434	FL	Mossy Head
32435	FL	Defuniak Springs|Freeport
32437	FL	Ebro
32438	FL	Fountain
32439	FL	Freeport
32440	FL	Graceville|Campbellton
32442	FL	Grand Ridge
32443	FL	Greenwood
32444	FL	Lynn Haven
32445	FL	Malone
32446	FL	Marianna|Cottondale
32447	FL	Marianna
32448	FL	Marianna
32449	FL	Wewahitchka
32452	FL	Noma
32455	FL	Ponce De Leon
32456	FL	Port Saint Joe|Port St. Joe|Mexico Beach
32457	FL	Port Saint Joe
32459	FL	Santa Rosa Beach
32460	FL	Sneads
32461	FL	Rosemary Beach
32462	FL	Vernon
32463	FL	Wausau
32464	FL	Westville
32465	FL	Wewahitchka
32466	FL	Youngstown
32501	FL	Pensacola|Goulding
32502	FL	Pensacola
32503	FL	Pensacola|Brent|Goulding
32504	FL	Pensacola|Ferry Pass
32505	FL	Pensacola|Brent|West Pensacola|Goulding
32506	FL	Pensacola|Myrtle Grove|West Pensacola
32507	FL	Pensacola|Warrington|Pensacola Station|Myrtle Grove|West Pensacola
32508	FL	Pensacola|Pensacola Station
32509	FL	Pensacola
32511	FL	Pensacola|Myrtle Grove
32512	FL	Pensacola|Myrtle Grove
32513	FL	Pensacola
32514	FL	Pensacola|Ferry Pass|Ensley
32516	FL	Pensacola
32520	FL	Pensacola
32521	FL	Pensacola
32522	FL	Pensacola
32523	FL	Pensacola
32524	FL	Pensacola
32526	FL	Pensacola|Bellview
32530	FL	Bagdad
32531	FL	Baker
32533	FL	Cantonment|Gonzalez|Ensley
32534	FL	Pensacola|Ensley|Gonzalez
32535	FL	Century
32536	FL	Crestview
32537	FL	Milligan
32538	FL	Paxton
32539	FL	Crestview
32540	FL	Destin
32541	FL	Destin
32542	FL	Eglin Afb|Valparaiso
32544	FL	Hurlburt Field
32547	FL	Fort Walton Beach|Wright|Hurlburt Field|Ocean City
32548	FL	Fort Walton Beach|Cinco Bayou|Wright
32549	FL	Fort Walton Beach
32550	FL	Miramar Beach
32559	FL	Pensacola
32560	FL	Gonzalez
32561	FL	Gulf Breeze
32562	FL	Gulf Breeze
32563	FL	Gulf Breeze|Midway|Woodlawn Beach|Tiger Point|Oriole Beach
32564	FL	Holt|Harold
32565	FL	Jay|Chumuckla|Brownsdale|Allentown|Pine Level|Mount Carmel|Dixonville|Berrydale|Fidelis|Cobbtown
32566	FL	Navarre|Holley|Navarre Beach
32567	FL	Laurel Hill|Paxton
32568	FL	Mc David
32569	FL	Mary Esther
32570	FL	Milton|Munson|Allentown|Springhill|Point Baker|Roeville|Whitfield|Berrydale
32571	FL	Milton|Pace|Wallace|Chumuckla|Pea Ridge|Floridatown
32572	FL	Milton
32577	FL	Molino
32578	FL	Niceville
32579	FL	Shalimar|Lake Lorraine
32580	FL	Valparaiso
32583	FL	Milton|East Milton|Harold|Bagdad|Avalon|Garcon Point|Mulat|Dickerson City|Pea Ridge
32588	FL	Niceville
32591	FL	Pensacola
32601	FL	Gainesville
32602	FL	Gainesville
32603	FL	Gainesville
32604	FL	Gainesville
32605	FL	Gainesville
32606	FL	Gainesville
32607	FL	Gainesville
32608	FL	Gainesville
32609	FL	Gainesville|La Crosse
32610	FL	Gainesville
32611	FL	Gainesville
32612	FL	Gainesville
32614	FL	Gainesville
32615	FL	Alachua|La Crosse
32616	FL	Alachua
32617	FL	Anthony
32618	FL	Archer|Newberry|East Bronson
32619	FL	Bell
32621	FL	Bronson|East Bronson
32622	FL	Brooker|La Crosse
32625	FL	Cedar Key
32626	FL	Chiefland|Otter Creek|Manatee Road|Andrews
32627	FL	Gainesville
32628	FL	Cross City
32631	FL	Earleton
32633	FL	Evinston
32634	FL	Fairfield
32635	FL	Gainesville
32639	FL	Gulf Hammock
32640	FL	Hawthorne
32641	FL	Gainesville
32643	FL	High Springs|Newberry|Spring Ridge
32644	FL	Chiefland
32648	FL	Horseshoe Beach
32653	FL	Gainesville|Alachua|La Crosse
32654	FL	Island Grove
32655	FL	High Springs
32656	FL	Keystone Heights
32658	FL	La Crosse
32662	FL	Lochloosa
32663	FL	Lowell
32664	FL	McIntosh|Mc Intosh
32666	FL	Melrose
32667	FL	Micanopy
32668	FL	Morriston|Williston Highlands
32669	FL	Newberry
32680	FL	Old Town
32681	FL	Orange Lake
32683	FL	Otter Creek
32686	FL	Reddick
32692	FL	Suwannee
32693	FL	Trenton|Fanning Springs|Manatee Road|Andrews
32694	FL	Waldo
32696	FL	Williston|Williston Highlands|East Williston|Raleigh
32697	FL	Worthington Springs
32701	FL	Altamonte Springs
32702	FL	Altoona|Umatilla|Pittman
32703	FL	Apopka|Forest City|Clarcona|South Apopka|Lockhart|Paradise Heights
32704	FL	Apopka
32706	FL	Cassadaga
32707	FL	Casselberry
32708	FL	Winter Springs
32709	FL	Christmas
32710	FL	Clarcona
32712	FL	Apopka|Zellwood
32713	FL	DeBary
32714	FL	Altamonte Springs|Forest City
32715	FL	Altamonte Springs
32716	FL	Altamonte Springs
32718	FL	Casselberry
32719	FL	Winter Springs
32720	FL	Deland|Lake Mack-Forest Hills|West DeLand|De Leon Springs|DeLand Southwest
32721	FL	Deland
32722	FL	Glenwood
32723	FL	DeLand
32724	FL	Deland|Lake Helen|North DeLand
32725	FL	Deltona
32726	FL	Eustis
32727	FL	Eustis
32728	FL	Deltona
32730	FL	Casselberry|Fern Park
32732	FL	Geneva
32733	FL	Goldenrod
32735	FL	Grand Island|Eustis
32736	FL	Eustis|Pine Lakes
32738	FL	Deltona
32739	FL	Deltona
32744	FL	Lake Helen
32745	FL	Mid Florida
32746	FL	Lake Mary|Heathrow
32747	FL	Lake Monroe
32750	FL	Longwood
32751	FL	Maitland|Eatonville|Fern Park
32752	FL	Longwood
32753	FL	Debary
32754	FL	Mims|Scottsmoor
32756	FL	Mount Dora
32757	FL	Mount Dora|Tangerine|Zellwood
32759	FL	Oak Hill
32762	FL	Oviedo
32763	FL	Orange City
32764	FL	Osteen|Deltona
32765	FL	Oviedo|Black Hammock
32766	FL	Oviedo|Chuluota
32767	FL	Paisley|Lake Kathryn
32768	FL	Apopka|Plymouth
32771	FL	Sanford|Midway
32772	FL	Sanford
32773	FL	Sanford
32774	FL	Orange City
32775	FL	Scottsmoor
32776	FL	Sorrento|Mount Plymouth
32777	FL	Tangerine
32778	FL	Tavares
32779	FL	Longwood|Wekiwa Springs|Forest City
32780	FL	Titusville
32781	FL	Titusville
32783	FL	Titusville
32784	FL	Umatilla
32789	FL	Winter Park|Fairview Shores
32790	FL	Winter Park
32791	FL	Longwood
32792	FL	Winter Park|Casselberry|Goldenrod
32793	FL	Winter Park
32794	FL	Maitland
32795	FL	Lake Mary
32796	FL	Titusville|Mims
32798	FL	Zellwood
32799	FL	Mid Florida
32801	FL	Orlando
32802	FL	Orlando
32803	FL	Orlando
32804	FL	Orlando|Fairview Shores
32805	FL	Orlando|Holden Heights
32806	FL	Orlando|Edgewood|Conway|Holden Heights
32807	FL	Orlando|Azalea Park
32808	FL	Orlando|Pine Hills|Orlovista
32809	FL	Orlando|Belle Isle|Edgewood|Pine Castle|Oak Ridge|Sky Lake
32810	FL	Orlando|Eatonville|Maitland|Lockhart|Fairview Shores
32811	FL	Orlando|Orlovista
32812	FL	Orlando|Belle Isle|Conway
32814	FL	Orlando
32815	FL	Orlando
32816	FL	Orlando|University
32817	FL	Orlando|University|Union Park|Goldenrod
32818	FL	Orlando|Pine Hills|Clarcona|Orlovista
32819	FL	Orlando|Doctor Phillips|Bay Hill|Tangelo Park
32820	FL	Orlando|Bithlo
32821	FL	Orlando|Williamsburg
32822	FL	Orlando|Azalea Park
32824	FL	Orlando|Meadow Woods|Southchase|Taft
32825	FL	Orlando|Alafaya|Rio Pinar|Union Park
32826	FL	Orlando|University
32827	FL	Orlando
32828	FL	Orlando|Alafaya
32829	FL	Orlando|Alafaya
32830	FL	Bay Lake|Orlando|Lake Buena Vista
32831	FL	Orlando
32832	FL	Orlando|Lake Mary Jane|Lake Hart
32833	FL	Orlando|Wedgefield|Bithlo
32834	FL	Orlando
32835	FL	Orlando|Orlovista
32836	FL	Orlando|Doctor Phillips|Horizon West|Bay Hill
32837	FL	Orlando|Hunters Creek|Southchase
32839	FL	Orlando|Edgewood|Oak Ridge|Holden Heights|Pine Castle
32853	FL	Orlando
32854	FL	Orlando
32855	FL	Orlando
32856	FL	Orlando
32857	FL	Orlando
32858	FL	Orlando
32859	FL	Orlando
32860	FL	Orlando
32861	FL	Orlando
32862	FL	Orlando
32867	FL	Orlando
32868	FL	Orlando
32869	FL	Orlando
32872	FL	Orlando
32877	FL	Orlando
32878	FL	Orlando
32885	FL	Orlando
32886	FL	Orlando
32887	FL	Orlando
32891	FL	Orlando
32896	FL	Orlando
32897	FL	Orlando
32899	FL	Orlando
32901	FL	Melbourne
32902	FL	Melbourne
32903	FL	Indialantic|Melbourne
32904	FL	Melbourne|West Melbourne|Melbourne Village|June Park
32905	FL	Palm Bay
32906	FL	Palm Bay
32907	FL	Palm Bay
32908	FL	Palm Bay
32909	FL	Palm Bay|Grant-Valkaria
32910	FL	Palm Bay
32911	FL	Palm Bay
32912	FL	Melbourne
32919	FL	Melbourne
32920	FL	Cape Canaveral
32922	FL	Cocoa|Cocoa West
32923	FL	Cocoa
32924	FL	Cocoa
32925	FL	Patrick Afb
32926	FL	Cocoa|Rockledge|West Canaveral Groves|Cocoa West|Sharpes
32927	FL	Cocoa|Titusville|Port St. John|Sharpes
32931	FL	Cocoa Beach
32932	FL	Cocoa Beach
32934	FL	Melbourne
32935	FL	Melbourne|Palm Shores
32936	FL	Melbourne
32937	FL	Satellite Beach|Indian Harbour Beach|South Patrick Shores
32940	FL	Melbourne|Palm Shores|Viera West|Viera East
32941	FL	Melbourne
32948	FL	Fellsmere
32949	FL	Grant-Valkaria|Grant|Palm Bay
32950	FL	Malabar|Grant-Valkaria
32951	FL	Melbourne Beach
32952	FL	Merritt Island
32953	FL	Merritt Island|North Merritt Island|Tropical Park
32954	FL	Merritt Island
32955	FL	Rockledge|Viera East|Viera West
32956	FL	Rockledge
32957	FL	Roseland
32958	FL	Sebastian|Roseland|Wabasso
32959	FL	Sharpes
32960	FL	Vero Beach|Vero Beach South
32961	FL	Vero Beach
32962	FL	Vero Beach|Florida Ridge|Vero Beach South
32963	FL	Vero Beach|Indian River Shores|Orchid|South Beach|Wabasso Beach|Windsor
32964	FL	Vero Beach
32965	FL	Vero Beach
32966	FL	Vero Beach|Fellsmere|West Vero Corridor|Vero Beach South
32967	FL	Vero Beach|Sebastian|Winter Beach|Vero Lake Estates|Gifford|Wabasso
32968	FL	Vero Beach|Vero Beach South|Florida Ridge
32969	FL	Vero Beach
32970	FL	Wabasso
32971	FL	Winter Beach
32976	FL	Sebastian|Palm Bay|Micco
32978	FL	Sebastian
33001	FL	Long Key|Layton
33002	FL	Hialeah
33004	FL	Dania Beach|Dania|Hollywood
33008	FL	Hallandale
33009	FL	Hallandale Beach|Hallandale|Pembroke Park
33010	FL	Hialeah
33011	FL	Hialeah
33012	FL	Hialeah
33013	FL	Hialeah
33014	FL	Hialeah|Miami Lakes|Miami Gardens
33015	FL	Hialeah|Country Club|Palm Springs North
33016	FL	Hialeah|Miami Lakes|Hialeah Gardens
33017	FL	Hialeah
33018	FL	Hialeah|Hialeah Gardens|Miami Lakes
33019	FL	Hollywood
33020	FL	Hollywood
33021	FL	Hollywood|Pembroke Park
33022	FL	Hollywood
33023	FL	Hollywood|Miramar|West Park|Pembroke Pines|Pembroke Park
33024	FL	Hollywood|Pembroke Pines|Cooper City|Davie
33025	FL	Miramar|Hollywood|Pembroke Pines
33026	FL	Pembroke Pines|Hollywood|Cooper City
33027	FL	Miramar|Hollywood|Pembroke Pines
33028	FL	Pembroke Pines
33029	FL	Miramar|Hollywood|Pembroke Pines
33030	FL	Homestead
33031	FL	Homestead
33032	FL	Homestead|Princeton|Naranja
33033	FL	Homestead|Homestead Base|Leisure City
33034	FL	Homestead|Florida City
33035	FL	Homestead|Florida City
33036	FL	Islamorada, Village of Islands|Islamorada
33037	FL	Key Largo|North Key Largo
33039	FL	Homestead|Homestead Base
33040	FL	Key West|Big Coppitt Key|Stock Island
33041	FL	Key West
33042	FL	Summerland Key|Cudjoe Key
33043	FL	Big Pine Key
33045	FL	Key West
33050	FL	Marathon|Duck Key
33051	FL	Key Colony Beach
33052	FL	Marathon Shores
33054	FL	Opa Locka|Opa-locka|Miami Gardens
33055	FL	Miami Gardens|Opa Locka
33056	FL	Miami Gardens
33060	FL	Pompano Beach
33061	FL	Pompano Beach
33062	FL	Pompano Beach|Hillsboro Beach|Lauderdale-by-the-Sea
33063	FL	Margate|Pompano Beach|Coconut Creek
33064	FL	Pompano Beach|Deerfield Beach|Lighthouse Point
33065	FL	Coral Springs|Pompano Beach
33066	FL	Coconut Creek|Pompano Beach
33067	FL	Parkland|Pompano Beach|Coral Springs
33068	FL	North Lauderdale|Pompano Beach|Margate|Coconut Creek
33069	FL	Pompano Beach
33070	FL	Tavernier|Islamorada, Village of Islands
33071	FL	Coral Springs|Pompano Beach
33072	FL	Pompano Beach
33073	FL	Coconut Creek|Pompano Beach|Hillsboro Pines
33074	FL	Pompano Beach
33075	FL	Coral Springs
33076	FL	Parkland|Pompano Beach|Coral Springs
33077	FL	Pompano Beach
33081	FL	Hollywood
33082	FL	Pembroke Pines
33083	FL	Hollywood
33084	FL	Hollywood
33090	FL	Homestead
33092	FL	Homestead
33093	FL	Margate
33097	FL	Coconut Creek
33101	FL	Miami
33102	FL	Miami
33106	FL	Miami
33109	FL	Miami Beach|Fisher Island
33111	FL	Miami
33112	FL	Miami
33114	FL	Coral Gables
33116	FL	Miami
33119	FL	Miami Beach
33122	FL	Miami|Doral
33124	FL	Miami
33125	FL	Miami
33126	FL	Miami|Doral|Fountainebleau
33127	FL	Miami
33128	FL	Miami
33129	FL	Miami
33130	FL	Miami
33131	FL	Miami
33132	FL	Miami
33133	FL	Miami|Coral Gables
33134	FL	Coral Gables|Miami
33135	FL	Miami
33136	FL	Miami
33137	FL	Miami
33138	FL	Miami|Miami Shores|El Portal
33139	FL	Miami Beach|Miami
33140	FL	Miami Beach
33141	FL	Miami Beach|North Bay Village
33142	FL	Miami|Brownsville
33143	FL	Miami|South Miami|Coral Gables|Glenvar Heights|Olympia Heights
33144	FL	Miami|West Miami|Fountainebleau|Coral Terrace|Westchester
33145	FL	Miami
33146	FL	Coral Gables|Miami
33147	FL	Miami|West Little River|Gladeview|Pinewood
33149	FL	Key Biscayne|Miami
33150	FL	Miami|Miami Shores|El Portal|Pinewood|West Little River|Gladeview
33151	FL	Miami
33152	FL	Miami
33153	FL	Miami
33154	FL	Miami Beach|Surfside|Indian Creek|Bay Harbor Islands|Bal Harbour
33155	FL	Miami|South Miami|West Miami|Coral Terrace|Westchester|Glenvar Heights|Olympia Heights
33156	FL	Pinecrest|Miami|Coral Gables|Kendall
33157	FL	Miami|Palmetto Bay|Cutler Bay|Palmetto Estates|West Perrine|South Miami Heights|Richmond Heights
33158	FL	Palmetto Bay|Miami|Coral Gables
33160	FL	North Miami Beach|North Miami|Sunny Isles Beach|Aventura|Golden Beach|Ojus
33161	FL	North Miami|Miami|Biscayne Park|Miami Shores|Golden Glades
33162	FL	North Miami Beach|Miami|Golden Glades
33163	FL	Miami
33164	FL	Miami
33165	FL	Miami|Westchester|Olympia Heights|Westwood Lakes
33166	FL	Miami|Miami Springs|Doral|Medley|Virginia Gardens
33167	FL	Miami|North Miami|Westview|Pinewood|Golden Glades
33168	FL	Miami|North Miami|Miami Shores|Golden Glades|Pinewood
33169	FL	Miami Gardens|Miami|Golden Glades
33170	FL	Miami|Goulds|Princeton
33172	FL	Miami|Doral|Sweetwater|Fountainebleau
33173	FL	Miami|Sunset|Kendall
33174	FL	Miami|Sweetwater|Westchester|Fountainebleau
33175	FL	Miami|Tamiami|Kendale Lakes|Westchester|Westwood Lakes
33176	FL	Miami|Kendall|Richmond Heights
33177	FL	Miami|South Miami Heights|Richmond West|Goulds
33178	FL	Miami|Doral|Medley
33179	FL	Miami|North Miami Beach|Ives Estates|Ojus
33180	FL	Aventura|Miami|Ojus
33181	FL	North Miami|Miami|North Miami Beach
33182	FL	Miami|Tamiami
33183	FL	Miami|Kendale Lakes|Kendall
33184	FL	Miami|Tamiami
33185	FL	Miami|Kendall West
33186	FL	Miami|The Crossings|Three Lakes|The Hammocks|Country Walk|Richmond Heights
33187	FL	Miami|Richmond West
33188	FL	Miami
33189	FL	Cutler Bay|Miami|South Miami Heights
33190	FL	Cutler Bay|Miami
33191	FL	Miami
33192	FL	Miami
33193	FL	Miami|Kendall West
33194	FL	Miami
33195	FL	Miami
33196	FL	Miami|The Hammocks|Country Walk
33197	FL	Miami
33198	FL	Miami
33199	FL	Miami
33206	FL	Miami
33222	FL	Miami
33231	FL	Miami
33233	FL	Miami
33234	FL	Miami
33238	FL	Miami
33239	FL	Miami Beach
33242	FL	Miami
33243	FL	Miami
33245	FL	Miami
33247	FL	Miami
33255	FL	Miami
33256	FL	Miami
33257	FL	Miami
33261	FL	Miami
33265	FL	Miami
33266	FL	Miami
33269	FL	Miami
33280	FL	Miami
33283	FL	Miami
33296	FL	Miami
33299	FL	Miami
33301	FL	Fort Lauderdale
33302	FL	Fort Lauderdale
33303	FL	Fort Lauderdale
33304	FL	Fort Lauderdale
33305	FL	Fort Lauderdale|Wilton Manors|Lazy Lake
33306	FL	Fort Lauderdale|Oakland Park|Wilton Manors
33307	FL	Fort Lauderdale
33308	FL	Fort Lauderdale|Lauderdale-by-the-Sea|Sea Ranch Lakes
33309	FL	Fort Lauderdale|Oakland Park|Lauderdale Lakes|Tamarac
33310	FL	Fort Lauderdale
33311	FL	Fort Lauderdale|Lauderhill|Lauderdale Lakes|Oakland Park|Wilton Manors|Boulevard Gardens|Roosevelt Gardens|Washington Park|Franklin Park
33312	FL	Fort Lauderdale|Dania Beach|Hollywood
33313	FL	Fort Lauderdale|Lauderhill|Sunrise|Plantation|Lauderdale Lakes
33314	FL	Davie|Fort Lauderdale|Dania Beach
33315	FL	Fort Lauderdale
33316	FL	Fort Lauderdale|Hollywood|Dania Beach
33317	FL	Plantation|Fort Lauderdale|Davie|Broadview Park
33318	FL	Fort Lauderdale
33319	FL	Fort Lauderdale|Tamarac|Lauderhill|Lauderdale Lakes
33320	FL	Fort Lauderdale
33321	FL	Tamarac|Fort Lauderdale
33322	FL	Plantation|Fort Lauderdale|Sunrise
33323	FL	Sunrise|Fort Lauderdale|Plantation
33324	FL	Plantation|Fort Lauderdale|Davie
33325	FL	Davie|Fort Lauderdale|Plantation|Sunrise
33326	FL	Weston|Fort Lauderdale|Sunrise|Davie
33327	FL	Fort Lauderdale|Weston
33328	FL	Davie|Fort Lauderdale|Cooper City
33329	FL	Fort Lauderdale
33330	FL	Fort Lauderdale|Davie|Southwest Ranches|Cooper City
33331	FL	Fort Lauderdale|Southwest Ranches|Davie|Weston
33332	FL	Fort Lauderdale|Weston|Southwest Ranches|Pembroke Pines
33334	FL	Oakland Park|Fort Lauderdale|Wilton Manors
33335	FL	Fort Lauderdale
33336	FL	Fort Lauderdale
33337	FL	Fort Lauderdale
33338	FL	Fort Lauderdale
33339	FL	Fort Lauderdale
33340	FL	Fort Lauderdale
33345	FL	Fort Lauderdale
33346	FL	Fort Lauderdale
33348	FL	Fort Lauderdale
33349	FL	Fort Lauderdale
33351	FL	Sunrise|Fort Lauderdale|Lauderhill
33355	FL	Fort Lauderdale
33359	FL	Fort Lauderdale
33388	FL	Plantation
33394	FL	Fort Lauderdale
33401	FL	West Palm Beach
33402	FL	West Palm Beach
33403	FL	Lake Park|West Palm Beach|Palm Beach Gardens
33404	FL	Riviera Beach|West Palm Beach|Palm Beach Shores
33405	FL	West Palm Beach
33406	FL	West Palm Beach|Palm Springs|Lake Clarke Shores|Glen Ridge|Cloud Lake|Pine Air|Gun Club Estates|Acacia Villas
33407	FL	West Palm Beach|Riviera Beach|Mangonia Park
33408	FL	North Palm Beach|Juno Beach|Juno Ridge
33409	FL	West Palm Beach|Westgate|Schall Circle
33410	FL	Palm Beach Gardens|North Palm Beach|Cabana Colony
33411	FL	West Palm Beach|Royal Palm Beach|The Acreage
33412	FL	West Palm Beach|Palm Beach Gardens|The Acreage
33413	FL	West Palm Beach|Greenacres|Lake Belvedere Estates|Royal Palm Estates
33414	FL	Wellington|Royal Palm Beach
33415	FL	West Palm Beach|Greenacres|Haverhill|Acacia Villas
33416	FL	West Palm Beach
33417	FL	West Palm Beach|Haverhill|Plantation Mobile Home Park|Schall Circle|Stacey Street
33418	FL	Palm Beach Gardens
33419	FL	West Palm Beach
33420	FL	West Palm Beach
33421	FL	Royal Palm Beach
33422	FL	West Palm Beach
33424	FL	Boynton Beach
33425	FL	Boynton Beach
33426	FL	Boynton Beach
33427	FL	Boca Raton
33428	FL	Boca Raton|Watergate
33429	FL	Boca Raton
33430	FL	Belle Glade|South Bay
33431	FL	Boca Raton
33432	FL	Boca Raton
33433	FL	Boca Raton
33434	FL	Boca Raton
33435	FL	Boynton Beach|Ocean Ridge|Briny Breezes
33436	FL	Boynton Beach|Golf
33437	FL	Boynton Beach
33438	FL	Canal Point
33440	FL	Clewiston|Montura|Pioneer|Lake Harbor|Harlem
33441	FL	Deerfield Beach
33442	FL	Deerfield Beach
33443	FL	Deerfield Beach
33444	FL	Delray Beach
33445	FL	Delray Beach
33446	FL	Delray Beach
33448	FL	Delray Beach
33449	FL	Lake Worth|Wellington
33454	FL	Greenacres
33455	FL	Hobe Sound|Jupiter Island
33458	FL	Jupiter|Limestone Creek
33459	FL	Lake Harbor
33460	FL	Lake Worth Beach|Lake Worth
33461	FL	Lake Worth|Palm Springs|Lake Worth Beach|Kenwood Estates
33462	FL	Lake Worth|Lantana|Atlantis|Hypoluxo|Manalapan|San Castle|Seminole Manor
33463	FL	Lake Worth|Greenacres|Kenwood Estates
33464	FL	Boca Raton
33465	FL	Lake Worth
33466	FL	Lake Worth
33467	FL	Lake Worth|Greenacres
33468	FL	Jupiter
33469	FL	Jupiter|Tequesta|Jupiter Inlet Colony
33470	FL	Loxahatchee|Loxahatchee Groves|Wellington|Westlake|The Acreage
33471	FL	Moore Haven
33472	FL	Boynton Beach
33473	FL	Boynton Beach
33474	FL	Boynton Beach
33475	FL	Hobe Sound
33476	FL	Pahokee
33477	FL	Jupiter
33478	FL	Jupiter|Jupiter Farms
33480	FL	Palm Beach|South Palm Beach
33481	FL	Boca Raton
33482	FL	Delray Beach
33483	FL	Delray Beach|Gulf Stream
33484	FL	Delray Beach
33486	FL	Boca Raton
33487	FL	Boca Raton|Highland Beach
33488	FL	Boca Raton
33493	FL	South Bay
33496	FL	Boca Raton
33497	FL	Boca Raton
33498	FL	Boca Raton
33499	FL	Boca Raton
33503	FL	Balm
33508	FL	Brandon
33509	FL	Brandon
33510	FL	Brandon
33511	FL	Brandon|Bloomingdale
33513	FL	Bushnell
33514	FL	Center Hill|Wildwood
33521	FL	Coleman
33523	FL	Dade City|Ridge Manor|Lacoochee|Dade City North|Trilby
33524	FL	Crystal Springs
33525	FL	Dade City|San Antonio|Pasadena Hills|Dade City North
33526	FL	Dade City
33527	FL	Dover|Thonotosassa
33530	FL	Durant
33534	FL	Gibsonton|Riverview
33537	FL	Lacoochee
33538	FL	Lake Panasoffkee|Bushnell
33539	FL	Zephyrhills
33540	FL	Zephyrhills|Crystal Springs|Zephyrhills North
33541	FL	Zephyrhills|Pasadena Hills|Zephyrhills West|Zephyrhills South
33542	FL	Zephyrhills|Zephyrhills West|Zephyrhills North|Zephyrhills South
33543	FL	Wesley Chapel
33544	FL	Wesley Chapel
33545	FL	Wesley Chapel|Pasadena Hills
33547	FL	Lithia|Fish Hawk
33548	FL	Lutz|Northdale|Lake Magdalene
33549	FL	Lutz|Land O' Lakes|University
33550	FL	Mango
33556	FL	Odessa|Keystone|Citrus Park
33558	FL	Lutz|Cheval|Keystone|Northdale|Odessa|Land O' Lakes
33559	FL	Lutz|Wesley Chapel|Land O' Lakes|University
33563	FL	Plant City
33564	FL	Plant City
33565	FL	Plant City
33566	FL	Plant City
33567	FL	Plant City
33568	FL	Riverview
33569	FL	Riverview|Fish Hawk
33570	FL	Ruskin|Apollo Beach
33571	FL	Sun City Center
33572	FL	Apollo Beach
33573	FL	Sun City Center|Apollo Beach
33574	FL	St. Leo|Saint Leo
33575	FL	Ruskin
33576	FL	San Antonio|St. Leo|Pasadena Hills
33578	FL	Riverview|Progress Village|Brandon|Palm River-Clair Mel|Gibsonton
33579	FL	Riverview
33583	FL	Seffner
33584	FL	Seffner|Thonotosassa|Mango|Brandon
33585	FL	Sumterville|Wildwood
33586	FL	Sun City
33587	FL	Sydney
33592	FL	Thonotosassa
33593	FL	Trilby
33594	FL	Valrico|Brandon
33595	FL	Valrico
33596	FL	Valrico|Bloomingdale|Brandon
33597	FL	Webster|Center Hill|Ridge Manor
33598	FL	Wimauma|Balm|Sun City Center
33601	FL	Tampa
33602	FL	Tampa
33603	FL	Tampa
33604	FL	Tampa
33605	FL	Tampa
33606	FL	Tampa
33607	FL	Tampa
33608	FL	Tampa
33609	FL	Tampa
33610	FL	Tampa|East Lake-Orient Park|Mango
33611	FL	Tampa
33612	FL	Tampa|University|Lake Magdalene
33613	FL	Tampa|Lake Magdalene|University
33614	FL	Tampa|Egypt Lake-Leto
33615	FL	Tampa|Town 'n' Country
33616	FL	Tampa
33617	FL	Tampa|Temple Terrace|East Lake-Orient Park
33618	FL	Tampa|Carrollwood|Lake Magdalene
33619	FL	Tampa|Palm River-Clair Mel|Brandon|East Lake-Orient Park|Progress Village
33620	FL	Tampa
33621	FL	Tampa
33622	FL	Tampa
33623	FL	Tampa
33624	FL	Tampa|Carrollwood|Northdale
33625	FL	Tampa|Citrus Park|Northdale
33626	FL	Tampa|Westchase|Keystone
33629	FL	Tampa
33630	FL	Tampa
33631	FL	Tampa
33633	FL	Tampa
33634	FL	Tampa|Town 'n' Country
33635	FL	Tampa|Town 'n' Country
33637	FL	Tampa|Temple Terrace|East Lake-Orient Park
33646	FL	Tampa
33647	FL	Tampa|Pebble Creek|Lutz
33650	FL	Tampa
33655	FL	Tampa
33660	FL	Tampa
33661	FL	Tampa
33662	FL	Tampa
33663	FL	Tampa
33664	FL	Tampa
33672	FL	Tampa
33673	FL	Tampa
33674	FL	Tampa
33675	FL	Tampa
33677	FL	Tampa
33679	FL	Tampa
33680	FL	Tampa
33681	FL	Tampa
33682	FL	Tampa
33684	FL	Tampa
33685	FL	Tampa
33686	FL	Tampa
33687	FL	Tampa
33688	FL	Tampa
33689	FL	Tampa
33694	FL	Tampa
33701	FL	St. Petersburg|Saint Petersburg
33702	FL	St. Petersburg|Saint Petersburg|Lealman
33703	FL	St. Petersburg|Saint Petersburg
33704	FL	St. Petersburg|Saint Petersburg
33705	FL	St. Petersburg|Saint Petersburg
33706	FL	St. Pete Beach|Saint Petersburg|Treasure Island
33707	FL	Saint Petersburg|Gulfport|St. Petersburg|South Pasadena|Bear Creek
33708	FL	Saint Petersburg|Madeira Beach|Seminole|Redington Beach|Redington Shores|North Redington Beach|Bay Pines
33709	FL	Saint Petersburg|Kenneth City|St. Petersburg|West Lealman|Lealman
33710	FL	St. Petersburg|Saint Petersburg
33711	FL	St. Petersburg|Saint Petersburg|Gulfport
33712	FL	St. Petersburg|Saint Petersburg
33713	FL	St. Petersburg|Saint Petersburg
33714	FL	Saint Petersburg|St. Petersburg|Lealman
33715	FL	Saint Petersburg|St. Petersburg|Tierra Verde
33716	FL	St. Petersburg|Saint Petersburg|Pinellas Park
33729	FL	Saint Petersburg
33730	FL	Saint Petersburg
33731	FL	Saint Petersburg
33732	FL	Saint Petersburg
33733	FL	Saint Petersburg
33734	FL	Saint Petersburg
33736	FL	Saint Petersburg
33737	FL	Saint Petersburg
33738	FL	Saint Petersburg
33740	FL	Saint Petersburg
33741	FL	Saint Petersburg
33742	FL	Saint Petersburg
33743	FL	Saint Petersburg
33744	FL	Bay Pines
33747	FL	Saint Petersburg
33755	FL	Clearwater
33756	FL	Clearwater|Belleair|Largo
33757	FL	Clearwater
33758	FL	Clearwater
33759	FL	Clearwater
33760	FL	Clearwater|Largo|Pinellas Park|South Highpoint
33761	FL	Clearwater
33762	FL	Clearwater|Pinellas Park|St. Petersburg|Feather Sound
33763	FL	Clearwater|Greenbriar
33764	FL	Clearwater|Largo
33765	FL	Clearwater
33766	FL	Clearwater
33767	FL	Clearwater|Clearwater Beach
33769	FL	Clearwater
33770	FL	Largo|Belleair Bluffs|Harbor Bluffs
33771	FL	Largo
33772	FL	Seminole
33773	FL	Largo|Pinellas Park
33774	FL	Largo|Ridgecrest
33775	FL	Seminole
33776	FL	Seminole
33777	FL	Seminole|Pinellas Park|Bardmoor
33778	FL	Largo|Seminole|Ridgecrest
33779	FL	Largo
33780	FL	Pinellas Park
33781	FL	Pinellas Park|West Lealman
33782	FL	Pinellas Park
33784	FL	Saint Petersburg
33785	FL	Indian Rocks Beach|Indian Shores
33786	FL	Belleair Beach|Belleair Shore
33801	FL	Lakeland|Fussels Corner|Crystal Lake|Combee Settlement
33802	FL	Lakeland
33803	FL	Lakeland
33804	FL	Lakeland
33805	FL	Lakeland
33806	FL	Lakeland
33807	FL	Lakeland
33809	FL	Lakeland
33810	FL	Lakeland|Kathleen
33811	FL	Lakeland|Medulla|Willow Oak
33812	FL	Lakeland|Highland City
33813	FL	Lakeland|Lakeland Highlands|Highland City|Medulla
33815	FL	Lakeland
33820	FL	Alturas
33823	FL	Auburndale|Fussels Corner
33825	FL	Avon Park
33826	FL	Avon Park
33827	FL	Babson Park|Frostproof|Hillcrest Heights
33830	FL	Bartow|Winter Haven|Alturas|Highland City|Homeland
33831	FL	Bartow
33834	FL	Bowling Green|Fort Green Springs|Fort Green
33835	FL	Bradley|Bradley Junction
33836	FL	Davenport
33837	FL	Davenport|Haines City|Loughman
33838	FL	Dundee|Lake Hamilton
33839	FL	Eagle Lake|Winter Haven
33840	FL	Eaton Park
33841	FL	Fort Meade|Alturas
33843	FL	Frostproof
33844	FL	Haines City|Lake Hamilton|Dundee|Lake Alfred|Davenport|Grenelefe
33845	FL	Haines City
33846	FL	Highland City
33847	FL	Homeland
33848	FL	Intercession City
33849	FL	Kathleen
33850	FL	Lake Alfred
33851	FL	Lake Hamilton
33852	FL	Lake Placid
33853	FL	Lake Wales
33854	FL	Lakeshore
33855	FL	Indian Lake Estates
33856	FL	Nalcrest
33857	FL	Lorida
33858	FL	Loughman
33859	FL	Lake Wales|Alturas|Crooked Lake Park
33860	FL	Mulberry|Fuller Heights|Willow Oak|Bradley Junction
33862	FL	Lake Placid
33863	FL	Nichols
33865	FL	Ona|Limestone
33867	FL	River Ranch
33868	FL	Polk City|Auburndale
33870	FL	Sebring|Avon Park
33871	FL	Sebring
33872	FL	Sebring
33873	FL	Wauchula|Lemon Grove|Ona
33875	FL	Sebring
33876	FL	Sebring
33877	FL	Waverly
33880	FL	Winter Haven|Eagle Lake|Jan Phyl Village|Wahneta|Inwood|Cypress Gardens
33881	FL	Winter Haven|Inwood
33882	FL	Winter Haven
33883	FL	Winter Haven
33884	FL	Winter Haven|Cypress Gardens
33885	FL	Winter Haven
33888	FL	Winter Haven
33890	FL	Zolfo Springs|Lemon Grove|Gardner
33896	FL	Davenport|Poinciana|Four Corners|Loughman
33897	FL	Davenport|Four Corners
33898	FL	Lake Wales|Dundee|Highland Park|Indian Lake Estates
33901	FL	Fort Myers
33902	FL	Fort Myers
33903	FL	North Fort Myers|Lochmoor Waterway Estates|Palmona Park
33904	FL	Cape Coral
33905	FL	Fort Myers|Buckingham|Verandah|Fort Myers Shores|Tice|Olga
33906	FL	Fort Myers
33907	FL	Fort Myers|Villas|Pine Manor|Page Park
33908	FL	Fort Myers|Iona|Punta Rassa|Harlem Heights
33909	FL	Cape Coral
33910	FL	Cape Coral
33911	FL	Fort Myers
33912	FL	Fort Myers|Villas
33913	FL	Fort Myers|Gateway
33914	FL	Cape Coral
33915	FL	Cape Coral
33916	FL	Fort Myers
33917	FL	North Fort Myers|Suncoast Estates
33918	FL	North Fort Myers
33919	FL	Fort Myers|Cypress Lake|McGregor|Whiskey Creek
33920	FL	Alva|Olga|Charleston Park
33921	FL	Boca Grande
33922	FL	Bokeelia|Pine Island Center|Pineland
33924	FL	Captiva
33927	FL	El Jobean
33928	FL	Estero
33929	FL	Estero
33930	FL	Felda
33931	FL	Fort Myers Beach|Bonita Springs
33932	FL	Fort Myers Beach
33935	FL	Labelle|Fort Denaud|Port LaBelle
33936	FL	Lehigh Acres
33938	FL	Murdock
33944	FL	Palmdale
33945	FL	Pineland
33946	FL	Placida|Rotonda
33947	FL	Rotonda West|Rotonda
33948	FL	Port Charlotte
33949	FL	Port Charlotte
33950	FL	Punta Gorda|Solana|Charlotte Park|Cleveland
33951	FL	Punta Gorda
33952	FL	Port Charlotte|Charlotte Harbor
33953	FL	Port Charlotte
33954	FL	Port Charlotte
33955	FL	Punta Gorda|Burnt Store Marina
33956	FL	Saint James City|St. James City
33957	FL	Sanibel
33960	FL	Venus
33965	FL	Fort Myers|Florida Gulf Coast University
33966	FL	Fort Myers
33967	FL	Fort Myers|Estero|San Carlos Park|Three Oaks
33970	FL	Lehigh Acres
33971	FL	Lehigh Acres|Fort Myers
33972	FL	Lehigh Acres
33973	FL	Lehigh Acres
33974	FL	Lehigh Acres
33975	FL	Labelle
33976	FL	Lehigh Acres
33980	FL	Punta Gorda|Port Charlotte|Charlotte Harbor
33981	FL	Port Charlotte
33982	FL	Punta Gorda|Cleveland
33983	FL	Punta Gorda|Harbour Heights
33990	FL	Cape Coral
33991	FL	Cape Coral|Matlacha Isles-Matlacha Shores
33993	FL	Cape Coral|Matlacha|Matlacha Isles-Matlacha Shores
33994	FL	Fort Myers
34101	FL	Naples
34102	FL	Naples
34103	FL	Naples
34104	FL	Naples|Berkshire Lakes
34105	FL	Naples
34106	FL	Naples
34107	FL	Naples
34108	FL	Naples|Pelican Bay|Pine Ridge|Naples Park|Pelican Marsh
34109	FL	Naples|Pelican Marsh
34110	FL	Naples|Bonita Springs
34112	FL	Naples
34113	FL	Naples|Lely Resort|Lely|Naples Manor
34114	FL	Naples|Winding Cypress|Verona Walk|Marco Shores-Hammock Bay
34116	FL	Naples|Golden Gate
34117	FL	Naples
34119	FL	Naples|Vineyards|Island Walk
34120	FL	Naples|Orangetree|Heritage Bay
34133	FL	Bonita Springs
34134	FL	Bonita Springs|Estero
34135	FL	Bonita Springs|Estero
34136	FL	Bonita Springs
34137	FL	Copeland
34138	FL	Chokoloskee
34139	FL	Everglades|Everglades City|Plantation Island
34140	FL	Marco Island|Goodland
34141	FL	Ochopee|Everglades
34142	FL	Immokalee|Ave Maria
34143	FL	Immokalee
34145	FL	Marco Island
34146	FL	Marco Island
34201	FL	Bradenton
34202	FL	Bradenton|Lakewood Ranch
34203	FL	Bradenton|West Samoset
34204	FL	Bradenton
34205	FL	Bradenton|South Bradenton
34206	FL	Bradenton
34207	FL	Bradenton|Bayshore Gardens|South Bradenton
34208	FL	Bradenton|Samoset|West Samoset
34209	FL	Bradenton|West Bradenton
34210	FL	Bradenton|Cortez|South Bradenton
34211	FL	Bradenton|Lakewood Ranch
34212	FL	Bradenton|Lakewood Ranch
34215	FL	Cortez
34216	FL	Anna Maria|Holmes Beach
34217	FL	Holmes Beach|Bradenton Beach
34218	FL	Holmes Beach
34219	FL	Parrish
34220	FL	Palmetto
34221	FL	Palmetto|Memphis|Ellenton
34222	FL	Ellenton
34223	FL	Englewood|North Port|Manasota Key|South Venice
34224	FL	Englewood|Grove City|Rotonda
34228	FL	Longboat Key
34229	FL	Osprey|Vamo
34230	FL	Sarasota
34231	FL	Sarasota|Gulf Gate|South Sarasota|Ridge Wood Heights|South Gate Ridge|Vamo
34232	FL	Sarasota|Fruitville|Sarasota Springs|Pinecraft
34233	FL	Sarasota|Bee Ridge|South Gate Ridge
34234	FL	Sarasota|North Sarasota|Desoto Acres|Desoto Lakes
34235	FL	Sarasota|The Meadows|Kensington Park|Desoto Lakes
34236	FL	Sarasota
34237	FL	Sarasota|Pinecraft
34238	FL	Sarasota|Palmer Ranch|Vamo
34239	FL	Sarasota|Southgate|Pinecraft
34240	FL	Sarasota|Lakewood Ranch|Old Miakka|Fruitville
34241	FL	Sarasota|Lake Sarasota
34242	FL	Sarasota|Siesta Key
34243	FL	Sarasota|Whitfield|Desoto Acres
34249	FL	Sarasota
34250	FL	Terra Ceia
34251	FL	Myakka City|Old Miakka
34260	FL	Manasota
34264	FL	Oneco
34265	FL	Arcadia
34266	FL	Arcadia|Southeast Arcadia
34267	FL	Fort Ogden
34268	FL	Nocatee
34269	FL	Arcadia
34270	FL	Tallevast
34272	FL	Laurel
34274	FL	Nokomis
34275	FL	Nokomis|Venice|Laurel
34276	FL	Sarasota
34277	FL	Sarasota
34278	FL	Sarasota
34280	FL	Bradenton
34281	FL	Bradenton
34282	FL	Bradenton
34284	FL	Venice
34285	FL	Venice
34286	FL	North Port
34287	FL	North Port|Warm Mineral Springs
34288	FL	North Port
34289	FL	North Port
34290	FL	North Port
34291	FL	North Port
34292	FL	Venice
34293	FL	Venice|North Port|South Venice|Plantation|Venice Gardens
34295	FL	Englewood
34420	FL	Belleview
34421	FL	Belleview
34423	FL	Crystal River
34428	FL	Crystal River
34429	FL	Crystal River
34430	FL	Dunnellon
34431	FL	Dunnellon|Rainbow Lakes Estates|Rainbow Springs
34432	FL	Dunnellon|Rainbow Springs|On Top of the World
34433	FL	Dunnellon|Citrus Springs
34434	FL	Dunnellon|Citrus Springs|Hernando|Pine Ridge
34436	FL	Floral City
34441	FL	Hernando
34442	FL	Hernando|Citrus Hills|Pine Ridge
34445	FL	Holder|Citrus Springs|Pine Ridge
34446	FL	Homosassa|Sugarmill Woods|Homosassa Springs
34447	FL	Homosassa Springs
34448	FL	Homosassa|Crystal River|Homosassa Springs
34449	FL	Inglis|Yankeetown
34450	FL	Inverness
34451	FL	Inverness
34452	FL	Inverness|Inverness Highlands South
34453	FL	Inverness|Hernando|Inverness Highlands North|Citrus Hills
34460	FL	Lecanto
34461	FL	Lecanto|Sugarmill Woods|Black Diamond|Homosassa Springs|Pine Ridge|Citrus Hills
34464	FL	Beverly Hills
34465	FL	Beverly Hills|Pine Ridge|Black Diamond
34470	FL	Ocala|Silver Springs
34471	FL	Ocala
34472	FL	Ocala|Silver Springs Shores
34473	FL	Ocala|Marion Oaks
34474	FL	Ocala
34475	FL	Ocala
34476	FL	Ocala|Liberty Triangle
34477	FL	Ocala
34478	FL	Ocala
34479	FL	Ocala|Silver Springs
34480	FL	Ocala
34481	FL	Ocala|On Top of the World|Rainbow Park|Liberty Triangle
34482	FL	Ocala|Ocala Estates
34483	FL	Ocala
34484	FL	Oxford|Wildwood
34487	FL	Homosassa
34488	FL	Silver Springs
34489	FL	Silver Springs
34491	FL	Summerfield
34492	FL	Summerfield
34498	FL	Yankeetown
34601	FL	Brooksville|South Brooksville|North Brooksville|Spring Lake|Istachatta|Wiscon|Lake Lindsey
34602	FL	Brooksville|Spring Lake|Hill 'n Dale
34603	FL	Brooksville
34604	FL	Brooksville|Spring Hill|South Brooksville|Masaryktown|Garden Grove
34605	FL	Brooksville
34606	FL	Spring Hill|Weeki Wachee|Timber Pines
34607	FL	Spring Hill|Weeki Wachee|Hernando Beach|Weeki Wachee Gardens|Bayport|Aripeka|Pine Island
34608	FL	Spring Hill
34609	FL	Spring Hill
34610	FL	Spring Hill|Shady Hills|Quail Ridge
34611	FL	Spring Hill
34613	FL	Brooksville|Weeki Wachee|North Weeki Wachee|High Point|Brookridge|Wiscon
34614	FL	Brooksville
34636	FL	Istachatta
34637	FL	Land O Lakes|Connerton
34638	FL	Land O Lakes|Land O' Lakes
34639	FL	Land O Lakes|Land O' Lakes|Connerton
34652	FL	New Port Richey|Elfers|Beacon Square
34653	FL	New Port Richey|New Port Richey East|Elfers
34654	FL	New Port Richey|Moon Lake|River Ridge
34655	FL	New Port Richey|Trinity|River Ridge
34656	FL	New Port Richey
34660	FL	Ozona
34661	FL	Nobleton
34667	FL	Hudson|Shady Hills|Bayonet Point|Heritage Pines
34668	FL	Port Richey|Bayonet Point|Jasmine Estates|New Port Richey East
34669	FL	Hudson|Shady Hills|Meadow Oaks|Quail Ridge
34673	FL	Port Richey
34674	FL	Hudson
34677	FL	Oldsmar|East Lake
34679	FL	Aripeka
34680	FL	Elfers
34681	FL	Crystal Beach|Palm Harbor
34682	FL	Palm Harbor
34683	FL	Palm Harbor
34684	FL	Palm Harbor
34685	FL	Palm Harbor|East Lake
34688	FL	Tarpon Springs|East Lake
34689	FL	Tarpon Springs
34690	FL	Holiday|Elfers
34691	FL	Holiday|Beacon Square|Key Vista
34692	FL	Holiday
34695	FL	Safety Harbor
34697	FL	Dunedin
34698	FL	Dunedin|Greenbriar
34705	FL	Astatula
34711	FL	Clermont
34712	FL	Clermont
34713	FL	Clermont
34714	FL	Clermont|Four Corners
34715	FL	Clermont|Minneola|Groveland|Ferndale
34729	FL	Ferndale
34731	FL	Fruitland Park
34734	FL	Gotha
34736	FL	Groveland|Leesburg|Mascotte
34737	FL	Howey In The Hills|Groveland|Howey-in-the-Hills|Yalaha
34739	FL	Kenansville
34740	FL	Killarney
34741	FL	Kissimmee
34742	FL	Kissimmee
34743	FL	Kissimmee|Buenaventura Lakes
34744	FL	Kissimmee|St. Cloud
34745	FL	Kissimmee
34746	FL	Kissimmee|Campbell
34747	FL	Kissimmee|Four Corners|Celebration
34748	FL	Leesburg
34749	FL	Leesburg
34753	FL	Mascotte
34755	FL	Minneola
34756	FL	Montverde|Minneola
34758	FL	Kissimmee|Poinciana
34759	FL	Kissimmee|Poinciana
34760	FL	Oakland
34761	FL	Ocoee
34762	FL	Leesburg|Okahumpka|Yalaha
34769	FL	St. Cloud|Saint Cloud
34770	FL	Saint Cloud
34771	FL	Saint Cloud|St. Cloud
34772	FL	Saint Cloud|St. Cloud
34773	FL	Saint Cloud
34777	FL	Winter Garden
34778	FL	Winter Garden
34785	FL	Wildwood|Coleman
34786	FL	Windermere|Lake Butler|Horizon West|Gotha
34787	FL	Winter Garden|Oakland|Clermont|Horizon West|Four Corners|Lake Butler|Tildenville
34788	FL	Leesburg|Silver Lake|Lisbon
34789	FL	Leesburg
34797	FL	Yalaha
34945	FL	Fort Pierce
34946	FL	Fort Pierce|St. Lucie Village|Fort Pierce North|Lakewood Park
34947	FL	Fort Pierce|Fort Pierce North
34948	FL	Fort Pierce
34949	FL	Fort Pierce
34950	FL	Fort Pierce
34951	FL	Fort Pierce|Lakewood Park
34952	FL	Port St. Lucie|Port Saint Lucie|River Park|Indian River Estates|White City
34953	FL	Port St. Lucie|Port Saint Lucie
34954	FL	Fort Pierce
34956	FL	Indiantown
34957	FL	Jensen Beach|Stuart|Port St. Lucie|Ocean Breeze|Hutchinson Island South|Rio
34958	FL	Jensen Beach
34972	FL	Okeechobee|Yeehaw Junction|Cypress Quarters
34973	FL	Okeechobee
34974	FL	Okeechobee|Taylor Creek|Buckhead Ridge|Cypress Quarters
34979	FL	Fort Pierce
34981	FL	Fort Pierce|Fort Pierce South|White City
34982	FL	Fort Pierce|Indian River Estates|White City|Fort Pierce South
34983	FL	Port St. Lucie|Port Saint Lucie|River Park
34984	FL	Port St. Lucie|Port Saint Lucie
34985	FL	Port Saint Lucie
34986	FL	Port St. Lucie|Port Saint Lucie
34987	FL	Port Saint Lucie|Port St. Lucie
34988	FL	Port Saint Lucie
34990	FL	Palm City
34991	FL	Palm City
34992	FL	Port Salerno
34994	FL	Stuart|North River Shores
34995	FL	Stuart
34996	FL	Stuart|Sewall's Point
34997	FL	Stuart|Port Salerno
35004	AL	Moody|Margaret
35005	AL	Adamsville|Maytown|Mulga|Forestdale
35006	AL	Adger|North Johns
35007	AL	Alabaster
35010	AL	Alexander City|Our Town|Ray|Hackneyville|Nixburg
35011	AL	Alexander City
35013	AL	Allgood
35014	AL	Alpine
35015	AL	Alton
35016	AL	Arab|Joppa
35019	AL	Baileyton
35020	AL	Bessemer|Brighton|Lipscomb
35021	AL	Bessemer
35022	AL	Bessemer|Helena|McCalla
35023	AL	Bessemer|Hueytown|Concord|Rock Creek
35031	AL	Blountsville|Susan Moore|Rosa
35032	AL	Bon Air
35033	AL	Bremen
35034	AL	Brent
35035	AL	Brierfield
35036	AL	Brookside
35038	AL	Burnwell
35040	AL	Calera
35042	AL	Centreville|Brent
35043	AL	Chelsea|Pelham
35044	AL	Childersburg|Bon Air|Fayetteville
35045	AL	Clanton
35046	AL	Clanton
35048	AL	Clay
35049	AL	Cleveland|Nectar|Locust Fork
35051	AL	Columbiana|Chelsea|Shelby
35052	AL	Cook Springs
35053	AL	Crane Hill
35054	AL	Cropwell|Pell City
35055	AL	Cullman|Good Hope|Holly Pond|Berlin|East Point
35056	AL	Cullman
35057	AL	Cullman|Good Hope|West Point|Dodge City
35058	AL	Cullman|Fairview|Berlin|South Vinemont
35060	AL	Docena|Adamsville
35061	AL	Dolomite|Birmingham|Hueytown
35062	AL	Dora|Sumiton|West Jefferson
35063	AL	Empire|Sipsey
35064	AL	Fairfield
35068	AL	Fultondale|Birmingham
35070	AL	Garden City
35071	AL	Gardendale|Kimberly|Morris|Mount Olive
35072	AL	Goodwater|Hollins|Mount Olive|Hackneyville|Millerville|Hanover
35073	AL	Graysville|Adamsville|Brookside|Cardiff
35074	AL	Green Pond
35077	AL	Hanceville|Colony|Dodge City|Garden City|Good Hope
35078	AL	Harpersville|Westover
35079	AL	Hayden|Nectar
35080	AL	Helena|Hoover
35082	AL	Hollins
35083	AL	Holly Pond
35085	AL	Jemison
35087	AL	Joppa
35089	AL	Kellyton|Hissop|Nixburg
35091	AL	Kimberly
35094	AL	Leeds|Birmingham|Moody|Dunnavant|Shoal Creek
35096	AL	Lincoln
35097	AL	Locust Fork
35098	AL	Logan
35111	AL	Mc Calla|Bessemer|Woodstock|Lake View|McCalla
35112	AL	Margaret
35114	AL	Maylene|Alabaster|Brantleyville
35115	AL	Montevallo|Wilton|Pea Ridge
35116	AL	Morris|Kimberly
35117	AL	Mount Olive|Brookside|Graysville
35118	AL	Mulga|Sylvan Springs|Maytown|Pleasant Grove
35119	AL	New Castle|Gardendale|Fultondale
35120	AL	Odenville|Margaret|Argo|Moody
35121	AL	Oneonta|Rosa|Highland Lake|Cleveland|Allgood|Susan Moore
35123	AL	Palmerdale
35124	AL	Pelham|Indian Springs Village
35125	AL	Pell City|Riverside
35126	AL	Pinson|Clay|Remlap
35127	AL	Pleasant Grove
35128	AL	Pell City
35130	AL	Quinton|Birmingham|Dora|West Jefferson
35131	AL	Ragland
35133	AL	Remlap|Locust Fork
35135	AL	Riverside
35136	AL	Rockford|Hissop|Hanover|Stewartville
35137	AL	Saginaw
35139	AL	Sayre
35142	AL	Shannon
35143	AL	Shelby
35144	AL	Siluria
35146	AL	Springville|Odenville
35147	AL	Sterrett|Westover|Chelsea|Vandiver
35148	AL	Sumiton
35149	AL	Sycamore
35150	AL	Sylacauga|Oak Grove|Bon Air|Mignon|Stewartville
35151	AL	Sylacauga|Talladega Springs|Oak Grove|Stewartville|Fayetteville|Weogufka
35160	AL	Talladega|Lincoln|Waldo
35161	AL	Talladega
35171	AL	Thorsby
35172	AL	Trafford|County Line
35173	AL	Trussville|Argo|Moody|Leeds|Clay|Irondale
35175	AL	Union Grove
35176	AL	Vandiver
35178	AL	Vincent|Sterrett
35179	AL	Vinemont|West Point|South Vinemont
35180	AL	Warrior|Hayden|Trafford|Smoke Rise
35181	AL	Watson
35182	AL	Wattsville
35183	AL	Weogufka|Stewartville
35184	AL	West Blocton|Vance|Woodstock
35185	AL	Westover
35186	AL	Wilsonville|Chelsea|Westover
35187	AL	Wilton
35188	AL	Woodstock|Vance
35201	AL	Birmingham
35202	AL	Birmingham
35203	AL	Birmingham
35204	AL	Birmingham
35205	AL	Birmingham
35206	AL	Birmingham
35207	AL	Birmingham|Fultondale
35208	AL	Birmingham
35209	AL	Homewood|Birmingham
35210	AL	Irondale|Birmingham
35211	AL	Birmingham
35212	AL	Birmingham
35213	AL	Mountain Brook|Birmingham
35214	AL	Birmingham|Adamsville|Brookside|Forestdale
35215	AL	Birmingham|Center Point|Pinson
35216	AL	Vestavia Hills|Birmingham|Hoover
35217	AL	Birmingham|Tarrant|Fultondale
35218	AL	Birmingham
35219	AL	Birmingham
35220	AL	Birmingham
35221	AL	Birmingham|Midfield
35222	AL	Birmingham
35223	AL	Mountain Brook|Birmingham
35224	AL	Birmingham|Adamsville|Pleasant Grove|Maytown|Edgewater|McDonald Chapel|Minor
35226	AL	Hoover|Birmingham|Vestavia Hills|Homewood
35228	AL	Birmingham|Midfield
35229	AL	Homewood|Birmingham
35231	AL	Birmingham
35232	AL	Birmingham
35233	AL	Birmingham
35234	AL	Birmingham
35235	AL	Birmingham|Trussville|Grayson Valley
35236	AL	Birmingham
35237	AL	Birmingham
35238	AL	Birmingham
35242	AL	Birmingham|Hoover|Vestavia Hills|Indian Springs Village|Shoal Creek|Meadowbrook|Highland Lakes|Brook Highland|Eagle Point|Dunnavant
35243	AL	Birmingham|Vestavia Hills|Mountain Brook
35244	AL	Hoover|Birmingham
35246	AL	Birmingham
35249	AL	Birmingham
35253	AL	Birmingham
35254	AL	Birmingham
35255	AL	Birmingham
35259	AL	Birmingham
35260	AL	Birmingham
35261	AL	Birmingham
35266	AL	Birmingham
35270	AL	Birmingham
35282	AL	Birmingham
35283	AL	Birmingham
35285	AL	Birmingham
35287	AL	Birmingham
35288	AL	Birmingham
35290	AL	Birmingham
35291	AL	Birmingham
35292	AL	Birmingham
35293	AL	Birmingham
35294	AL	Birmingham
35295	AL	Birmingham
35296	AL	Birmingham
35297	AL	Birmingham
35298	AL	Birmingham
35401	AL	Tuscaloosa
35402	AL	Tuscaloosa
35403	AL	Tuscaloosa
35404	AL	Tuscaloosa|Holt|Cottondale
35405	AL	Tuscaloosa
35406	AL	Tuscaloosa
35407	AL	Tuscaloosa
35440	AL	Abernant
35441	AL	Akron
35442	AL	Aliceville|Memphis|McMullen
35443	AL	Boligee
35444	AL	Brookwood
35446	AL	Buhl
35447	AL	Carrollton|Pickensville
35448	AL	Clinton
35449	AL	Coaling
35452	AL	Coker|Northport
35453	AL	Cottondale|Coaling|Tuscaloosa
35456	AL	Duncanville
35457	AL	Echola
35458	AL	Elrod
35459	AL	Emelle|Geiger
35460	AL	Epes
35461	AL	Ethelsville|Macedonia
35462	AL	Eutaw|Union
35463	AL	Fosters
35464	AL	Gainesville
35466	AL	Gordo
35468	AL	Kellerman
35469	AL	Knoxville
35470	AL	Livingston|Epes|Bellamy
35471	AL	Mc Shan
35473	AL	Northport
35474	AL	Moundville
35475	AL	Northport
35476	AL	Northport|Tuscaloosa
35477	AL	Panola
35478	AL	Peterson
35480	AL	Ralph
35481	AL	Reform
35482	AL	Samantha
35486	AL	Tuscaloosa
35487	AL	Tuscaloosa
35490	AL	Vance
35491	AL	West Greene
35501	AL	Jasper
35502	AL	Jasper
35503	AL	Jasper
35504	AL	Jasper|Sipsey
35540	AL	Addison
35541	AL	Arley
35542	AL	Bankston
35543	AL	Bear Creek
35544	AL	Beaverton
35545	AL	Belk
35546	AL	Berry
35548	AL	Brilliant|Winfield
35549	AL	Carbon Hill|Kansas
35550	AL	Cordova
35551	AL	Delmar
35552	AL	Detroit
35553	AL	Double Springs
35554	AL	Eldridge|Glen Allen
35555	AL	Fayette|Belk
35559	AL	Glen Allen
35560	AL	Goodsprings
35563	AL	Guin|Twin|Gu-Win|Brilliant
35564	AL	Hackleburg
35565	AL	Haleyville|Lynn|Bear Creek
35570	AL	Hamilton
35571	AL	Hodges
35572	AL	Houston
35573	AL	Kansas
35574	AL	Kennedy
35575	AL	Lynn|Natural Bridge
35576	AL	Millport
35577	AL	Natural Bridge
35578	AL	Nauvoo
35579	AL	Oakman
35580	AL	Parrish
35581	AL	Phil Campbell|Bear Creek|Spruce Pine
35582	AL	Red Bay
35584	AL	Sipsey
35585	AL	Spruce Pine
35586	AL	Sulligent
35587	AL	Townley
35592	AL	Vernon
35593	AL	Vina
35594	AL	Winfield|Glen Allen|Brilliant|Gu-Win
35601	AL	Decatur|Trinity
35602	AL	Decatur
35603	AL	Decatur|Priceville
35609	AL	Decatur
35610	AL	Anderson
35611	AL	Athens
35612	AL	Athens
35613	AL	Athens
35614	AL	Athens
35615	AL	Belle Mina
35616	AL	Cherokee
35617	AL	Cloverdale
35618	AL	Courtland|North Courtland
35619	AL	Danville
35620	AL	Elkmont
35621	AL	Eva
35622	AL	Falkville
35630	AL	Florence|St. Florian
35631	AL	Florence
35632	AL	Florence
35633	AL	Florence|Underwood-Petersville
35634	AL	Florence|St. Florian
35640	AL	Hartselle|Falkville
35643	AL	Hillsboro
35645	AL	Killen
35646	AL	Leighton|Muscle Shoals
35647	AL	Lester
35648	AL	Lexington
35649	AL	Mooresville|Decatur
35650	AL	Moulton
35651	AL	Mount Hope
35652	AL	Rogersville
35653	AL	Russellville|Belgreen
35654	AL	Russellville|Littleville
35660	AL	Sheffield
35661	AL	Muscle Shoals|Sheffield
35662	AL	Muscle Shoals
35670	AL	Somerville
35671	AL	Tanner|Decatur|Huntsville
35672	AL	Town Creek|Hatton
35673	AL	Trinity|Decatur
35674	AL	Tuscumbia|Muscle Shoals|Littleville|Sheffield
35677	AL	Waterloo
35699	AL	Decatur
35739	AL	Ardmore
35740	AL	Bridgeport
35741	AL	Brownsboro|Huntsville
35742	AL	Capshaw
35744	AL	Dutton
35745	AL	Estillfork
35746	AL	Fackler
35747	AL	Grant
35748	AL	Gurley|Huntsville
35749	AL	Harvest|Huntsville
35750	AL	Hazel Green|Meridianville
35751	AL	Hollytree
35752	AL	Hollywood
35754	AL	Laceys Spring
35755	AL	Langston
35756	AL	Huntsville|Madison|Triana
35757	AL	Madison|Huntsville
35758	AL	Madison|Huntsville
35759	AL	Meridianville|Moores Mill
35760	AL	New Hope
35761	AL	New Market|Hazel Green
35762	AL	Normal
35763	AL	Owens Cross Roads|Huntsville
35764	AL	Paint Rock
35765	AL	Pisgah
35766	AL	Princeton
35767	AL	Ryland
35768	AL	Scottsboro|Hytop|Skyline
35769	AL	Scottsboro|Hollywood
35771	AL	Section
35772	AL	Stevenson
35773	AL	Toney|Meridianville
35774	AL	Trenton
35775	AL	Valhermoso Springs
35776	AL	Woodville|Pleasant Groves|Skyline|Paint Rock
35801	AL	Huntsville
35802	AL	Huntsville
35803	AL	Huntsville
35804	AL	Huntsville
35805	AL	Huntsville
35806	AL	Huntsville
35807	AL	Huntsville
35808	AL	Huntsville|Redstone Arsenal
35809	AL	Huntsville
35810	AL	Huntsville|Moores Mill
35811	AL	Huntsville|Moores Mill
35812	AL	Huntsville
35813	AL	Huntsville
35814	AL	Huntsville
35815	AL	Huntsville
35816	AL	Huntsville
35824	AL	Huntsville
35893	AL	Huntsville
35894	AL	Huntsville
35895	AL	Huntsville
35896	AL	Huntsville
35897	AL	Huntsville
35898	AL	Huntsville
35899	AL	Huntsville
35901	AL	Gadsden|Tidmore Bend|Coats Bend
35902	AL	Gadsden
35903	AL	Gadsden|Hokes Bluff|Glencoe|Ballplay
35904	AL	Gadsden|Lookout Mountain
35905	AL	Gadsden|Glencoe|Hokes Bluff
35906	AL	Rainbow City
35907	AL	Southside|Gadsden
35950	AL	Albertville
35951	AL	Albertville
35952	AL	Altoona|Snead|Walnut Grove|Susan Moore|Egypt
35953	AL	Ashville
35954	AL	Attalla|Reece City|Ridgeville|Ivalee|Carlisle-Rockledge|Egypt
35956	AL	Boaz|Sardis City|Whitesboro|New Union|Carlisle-Rockledge|Bristow Cove|Egypt
35957	AL	Boaz|Douglas
35958	AL	Bryant
35959	AL	Cedar Bluff
35960	AL	Centre
35961	AL	Collinsville
35962	AL	Crossville|Geraldine
35963	AL	Dawson
35964	AL	Douglas
35966	AL	Flat Rock
35967	AL	Fort Payne
35968	AL	Fort Payne|Henagar|Pine Ridge|Sylvania|Fyffe
35971	AL	Fyffe|Powell|Lakeview|Shiloh
35972	AL	Gallant|Ivalee
35973	AL	Gaylesville|Broomtown
35974	AL	Geraldine
35975	AL	Groveoak
35976	AL	Guntersville
35978	AL	Henagar|Ider|Sylvania
35979	AL	Higdon
35980	AL	Horton|Douglas
35981	AL	Ider
35983	AL	Leesburg|Sand Rock
35984	AL	Mentone
35986	AL	Rainsville|Shiloh|Powell|Sylvania
35987	AL	Steele|Ashville
35988	AL	Sylvania
35989	AL	Valley Head|Hammondville
35990	AL	Walnut Grove
36003	AL	Autaugaville
36005	AL	Banks
36006	AL	Billingsley
36008	AL	Booth
36009	AL	Brantley
36010	AL	Brundidge
36013	AL	Cecil|Pike Road
36015	AL	Chapman
36016	AL	Clayton
36017	AL	Clio|Blue Springs
36020	AL	Coosada
36022	AL	Deatsville|Millbrook|Elmore|Pine Level|Holtville|Marbury
36023	AL	East Tallassee
36024	AL	Eclectic
36025	AL	Elmore|Millbrook|Coosada
36026	AL	Equality
36027	AL	Eufaula|Bakerhill
36028	AL	Dozier
36029	AL	Fitzpatrick
36030	AL	Forest Home
36031	AL	Fort Davis
36032	AL	Fort Deposit
36033	AL	Georgiana
36034	AL	Glenwood
36035	AL	Goshen|Glenwood
36036	AL	Grady
36037	AL	Greenville
36038	AL	Gantt
36039	AL	Hardaway
36040	AL	Hayneville|White Hall|Gordonville|Mosses
36041	AL	Highland Home
36042	AL	Honoraville
36043	AL	Hope Hull
36045	AL	Kent
36046	AL	Lapine
36047	AL	Letohatchee
36048	AL	Louisville
36049	AL	Luverne|Rutledge|Petrey
36051	AL	Marbury
36052	AL	Mathews
36053	AL	Midway
36054	AL	Millbrook|Coosada
36057	AL	Montgomery|Mount Meigs
36061	AL	Perote
36062	AL	Petrey
36064	AL	Pike Road|Montgomery
36065	AL	Pine Level
36066	AL	Prattville|Pine Level
36067	AL	Prattville|Autaugaville|Pine Level
36068	AL	Prattville
36069	AL	Ramer
36071	AL	Rutledge
36072	AL	Eufaula
36075	AL	Shorter
36078	AL	Tallassee|Emerald Mountain|Reeltown
36079	AL	Troy
36080	AL	Titus
36081	AL	Troy
36082	AL	Troy
36083	AL	Tuskegee|Franklin
36087	AL	Tuskegee Institute
36088	AL	Tuskegee|Tuskegee Institute
36089	AL	Union Springs
36091	AL	Verbena
36092	AL	Wetumpka|Holtville
36093	AL	Wetumpka|Redland|Emerald Mountain|Blue Ridge
36101	AL	Montgomery
36102	AL	Montgomery
36103	AL	Montgomery
36104	AL	Montgomery
36105	AL	Montgomery
36106	AL	Montgomery
36107	AL	Montgomery
36108	AL	Montgomery
36109	AL	Montgomery
36110	AL	Montgomery
36111	AL	Montgomery
36112	AL	Montgomery
36113	AL	Montgomery
36114	AL	Montgomery
36115	AL	Montgomery
36116	AL	Montgomery|Pike Road
36117	AL	Montgomery
36118	AL	Montgomery
36119	AL	Montgomery
36120	AL	Montgomery
36121	AL	Montgomery
36123	AL	Montgomery
36124	AL	Montgomery
36125	AL	Montgomery
36130	AL	Montgomery
36131	AL	Montgomery
36132	AL	Montgomery
36135	AL	Montgomery
36140	AL	Montgomery
36141	AL	Montgomery
36142	AL	Montgomery
36177	AL	Montgomery
36191	AL	Montgomery
36201	AL	Anniston|Oxford|Hobson City|West End-Cobb Town|Saks
36202	AL	Anniston
36203	AL	Oxford|Hobson City
36204	AL	Anniston
36205	AL	Anniston
36206	AL	Anniston|Saks
36207	AL	Anniston|Oxford|White Plains|Choccolocco
36250	AL	Alexandria|Saks
36251	AL	Ashland|Millerville
36253	AL	Bynum
36254	AL	Choccolocco
36255	AL	Cragford|Goldville
36256	AL	Daviston|New Site|Goldville
36257	AL	De Armanville
36258	AL	Delta|Hollis Crossroads
36260	AL	Eastaboga|Oxford
36261	AL	Edwardsville
36262	AL	Fruithurst|Edwardsville
36263	AL	Graham
36264	AL	Heflin|Hollis Crossroads
36265	AL	Jacksonville|Nances Creek|Alexandria
36266	AL	Lineville|Delta
36267	AL	Millerville
36268	AL	Munford
36269	AL	Muscadine
36271	AL	Ohatchee
36272	AL	Piedmont|Edwardsville|Ballplay|Nances Creek|Spring Garden
36273	AL	Ranburne
36274	AL	Roanoke|Rock Mills
36275	AL	Spring Garden
36276	AL	Wadley|Abanda
36277	AL	Weaver
36278	AL	Wedowee
36279	AL	Wellington
36280	AL	Woodland|Morrison Crossroads
36301	AL	Dothan|Rehobeth|Taylor|Malvern|Cowarts
36302	AL	Dothan
36303	AL	Dothan|Kinsey|Cowarts|Grimes|Napier Field
36304	AL	Dothan
36305	AL	Dothan|Malvern|Taylor
36310	AL	Abbeville
36311	AL	Ariton
36312	AL	Ashford|Avon
36313	AL	Bellwood
36314	AL	Black
36316	AL	Chancellor
36317	AL	Clopton
36318	AL	Coffee Springs
36319	AL	Columbia|Haleburg
36320	AL	Cottonwood|Madrid
36321	AL	Cowarts|Dothan
36322	AL	Daleville|Clayhatchee|Level Plains
36323	AL	Elba
36330	AL	Enterprise|Level Plains
36331	AL	Enterprise
36340	AL	Geneva|Eunola
36343	AL	Gordon|Cottonwood
36344	AL	Hartford
36345	AL	Headland|Kinsey
36346	AL	Jack
36349	AL	Malvern
36350	AL	Midland City|Dothan|Newton|Pinckard|Grimes
36351	AL	New Brockton
36352	AL	Newton
36353	AL	Newville
36360	AL	Ozark|Newton
36361	AL	Ozark
36362	AL	Fort Rucker
36370	AL	Pansey
36371	AL	Pinckard
36373	AL	Shorterville
36374	AL	Skipperville|Blue Springs
36375	AL	Slocomb|Malvern|Madrid
36376	AL	Webb
36401	AL	Evergreen
36420	AL	Andalusia|Sanford|Carolina|Libertyville
36421	AL	Andalusia|Babbie|River Falls|Sanford|Heath|Gantt
36425	AL	Beatrice|Vredenburgh
36426	AL	Brewton|East Brewton|Riverview
36427	AL	Brewton
36429	AL	Brooklyn
36432	AL	Castleberry
36435	AL	Coy
36436	AL	Dickinson|Fulton
36439	AL	Excel
36441	AL	Flomaton|Pollard
36442	AL	Florala|Lockhart
36444	AL	Franklin
36445	AL	Frisco City|Excel|Megargel
36446	AL	Fulton
36449	AL	Goodway
36451	AL	Grove Hill|Fulton
36453	AL	Kinston
36454	AL	Lenox
36455	AL	Lockhart
36456	AL	Mc Kenzie|McKenzie
36457	AL	Megargel
36458	AL	Mexia
36460	AL	Monroeville|Excel
36461	AL	Monroeville
36467	AL	Opp|Horn Hill|Babbie|Onycha|Kinston
36470	AL	Perdue Hill
36471	AL	Peterman
36473	AL	Range
36474	AL	Red Level|River Falls
36475	AL	Repton
36476	AL	River Falls
36477	AL	Samson
36480	AL	Uriah
36481	AL	Vredenburgh
36482	AL	Whatley
36483	AL	Wing
36502	AL	Atmore
36503	AL	Atmore
36504	AL	Atmore
36505	AL	Axis|Creola
36507	AL	Bay Minette|Spanish Fort|Loxley|Stockton
36509	AL	Bayou La Batre
36511	AL	Bon Secour
36512	AL	Bucks
36513	AL	Calvert
36518	AL	Chatom|Hobson
36521	AL	Chunchula|Gulfcrest
36522	AL	Citronelle
36523	AL	Coden
36524	AL	Coffeeville
36525	AL	Creola|Saraland
36526	AL	Daphne
36527	AL	Spanish Fort|Loxley|Daphne|Stapleton
36528	AL	Dauphin Island
36529	AL	Deer Park|Tibbie
36530	AL	Elberta|Orange Beach|Foley|Perdido Beach
36532	AL	Fairhope|Point Clear
36533	AL	Fairhope
36535	AL	Foley|Summerdale|Magnolia Springs|Bon Secour
36536	AL	Foley
36538	AL	Frankville
36539	AL	Fruitdale
36540	AL	Gainestown
36541	AL	Grand Bay
36542	AL	Gulf Shores
36543	AL	Huxford
36544	AL	Irvington|Bayou La Batre
36545	AL	Jackson|Carlton|Rockville
36547	AL	Gulf Shores
36548	AL	Leroy
36549	AL	Lillian
36550	AL	Little River
36551	AL	Loxley
36553	AL	Mc Intosh|McIntosh|Sims Chapel|Fairford|Malcolm
36555	AL	Magnolia Springs
36556	AL	Malcolm
36558	AL	Millry|Cullomburg
36559	AL	Montrose|Fairhope
36560	AL	Mount Vernon|Movico|Calvert|Bucks
36561	AL	Orange Beach|Gulf Shores
36562	AL	Perdido
36564	AL	Point Clear
36567	AL	Robertsdale
36568	AL	Saint Elmo
36569	AL	Saint Stephens|St. Stephens
36571	AL	Saraland
36572	AL	Satsuma
36574	AL	Seminole
36575	AL	Semmes
36576	AL	Silverhill
36577	AL	Spanish Fort
36578	AL	Stapleton|Loxley
36579	AL	Stockton
36580	AL	Summerdale|Foley
36581	AL	Sunflower
36582	AL	Theodore|Mobile|Tillmans Corner|Belle Fontaine
36583	AL	Tibbie
36584	AL	Vinegar Bend
36585	AL	Wagarville
36587	AL	Wilmer
36590	AL	Theodore
36601	AL	Mobile
36602	AL	Mobile
36603	AL	Mobile
36604	AL	Mobile
36605	AL	Mobile
36606	AL	Mobile
36607	AL	Mobile
36608	AL	Mobile
36609	AL	Mobile
36610	AL	Prichard|Mobile
36611	AL	Chickasaw|Mobile
36612	AL	Prichard|Mobile
36613	AL	Eight Mile|Prichard|Semmes
36615	AL	Mobile
36616	AL	Mobile
36617	AL	Mobile
36618	AL	Mobile|Semmes
36619	AL	Mobile|Tillmans Corner
36628	AL	Mobile
36633	AL	Mobile
36640	AL	Mobile
36641	AL	Mobile
36644	AL	Mobile
36652	AL	Mobile
36660	AL	Mobile
36663	AL	Prichard|Mobile
36670	AL	Mobile
36671	AL	Mobile
36675	AL	Mobile
36685	AL	Mobile
36688	AL	Mobile
36689	AL	Mobile
36691	AL	Mobile
36693	AL	Mobile
36695	AL	Mobile
36701	AL	Selma|Valley Grande|Selmont-West Selmont
36702	AL	Selma
36703	AL	Selma|Valley Grande|Selmont-West Selmont
36720	AL	Alberta
36722	AL	Arlington
36723	AL	Boykin
36726	AL	Camden
36727	AL	Campbell
36728	AL	Catherine
36732	AL	Demopolis
36736	AL	Dixons Mills
36738	AL	Faunsdale|Dayton
36740	AL	Forkland
36741	AL	Furman
36742	AL	Gallion|Demopolis|Providence
36744	AL	Greensboro
36745	AL	Jefferson
36748	AL	Linden|Providence|Dayton
36749	AL	Jones
36750	AL	Maplesville
36751	AL	Lower Peach Tree
36752	AL	Lowndesboro|White Hall
36753	AL	Mc Williams
36754	AL	Magnolia
36756	AL	Marion
36758	AL	Plantersville
36759	AL	Marion Junction
36761	AL	Minter
36763	AL	Myrtlewood
36764	AL	Nanafalia
36765	AL	Newbern
36766	AL	Oak Hill
36767	AL	Orrville
36768	AL	Pine Apple|Oak Hill
36769	AL	Pine Hill|Yellow Bluff
36773	AL	Safford
36775	AL	Sardis
36776	AL	Sawyerville
36782	AL	Sweet Water|Nanafalia
36783	AL	Thomaston
36784	AL	Thomasville|Putnam
36785	AL	Tyler|White Hall|Benton
36786	AL	Uniontown
36790	AL	Stanton
36792	AL	Randolph
36793	AL	Lawley
36801	AL	Opelika
36802	AL	Opelika
36803	AL	Opelika
36804	AL	Opelika
36830	AL	Auburn
36831	AL	Auburn
36832	AL	Auburn|Loachapoka
36849	AL	Auburn|Auburn University
36850	AL	Camp Hill
36851	AL	Cottonton
36852	AL	Cusseta|Opelika
36853	AL	Dadeville
36854	AL	Valley
36855	AL	Five Points|Fredonia|Standing Rock
36856	AL	Fort Mitchell
36858	AL	Hatchechubbee
36859	AL	Holy Trinity
36860	AL	Hurtsboro
36861	AL	Jacksons Gap|Jacksons' Gap|Alexander City|Dadeville
36862	AL	Lafayette|La Fayette|Penton
36863	AL	Lanett|Huguley|Fredonia
36865	AL	Loachapoka
36866	AL	Notasulga|Tuskegee|Reeltown
36867	AL	Phenix City
36868	AL	Phenix City
36869	AL	Phenix City|Ladonia
36870	AL	Phenix City|Ladonia
36871	AL	Pittsview
36872	AL	Valley
36874	AL	Salem
36875	AL	Seale
36877	AL	Smiths Station
36879	AL	Waverly|Auburn
36901	AL	Bellamy
36904	AL	Butler
36907	AL	Cuba
36908	AL	Gilbertown
36910	AL	Jachin
36912	AL	Lisman
36913	AL	Melvin
36915	AL	Needham
36916	AL	Pennington
36919	AL	Silas|Cullomburg
36921	AL	Toxey
36922	AL	Ward
36925	AL	York
37010	TN	Adams
37011	TN	Antioch
37012	TN	Alexandria
37013	TN	Antioch
37014	TN	Arrington
37015	TN	Ashland City|Pleasant View
37016	TN	Auburntown
37018	TN	Beechgrove|Lakewood Park
37019	TN	Belfast
37020	TN	Bell Buckle
37022	TN	Bethpage|Hartsville/Trousdale County|Bransford|Oak Grove
37023	TN	Big Rock
37024	TN	Brentwood
37025	TN	Bon Aqua
37026	TN	Bradyville|Lakewood Park
37027	TN	Brentwood|Forest Hills|Oak Hill
37028	TN	Bumpus Mills
37029	TN	Burns|Dickson
37030	TN	Carthage|South Carthage
37031	TN	Castalian Springs|Hartsville/Trousdale County
37032	TN	Cedar Hill
37033	TN	Centerville
37034	TN	Chapel Hill|Unionville
37035	TN	Chapmansboro|Pleasant View
37036	TN	Charlotte
37037	TN	Christiana
37040	TN	Clarksville
37041	TN	Clarksville
37042	TN	Clarksville
37043	TN	Clarksville
37044	TN	Clarksville
37046	TN	College Grove
37047	TN	Cornersville
37048	TN	Cottontown|Walnut Grove|New Deal
37049	TN	Cross Plains|Orlinda
37050	TN	Cumberland City
37051	TN	Cumberland Furnace|Slayden
37052	TN	Cunningham
37055	TN	Dickson|Burns
37056	TN	Dickson
37057	TN	Dixon Springs|Hartsville/Trousdale County
37058	TN	Dover
37059	TN	Dowelltown
37060	TN	Eagleville
37061	TN	Erin|Tennessee Ridge
37062	TN	Fairview
37063	TN	Fosterville
37064	TN	Franklin|Thompson's Station
37065	TN	Franklin
37066	TN	Gallatin|Hendersonville|Cottontown|Graball
37067	TN	Franklin
37068	TN	Franklin
37069	TN	Franklin
37070	TN	Goodlettsville
37071	TN	Gladeville
37072	TN	Goodlettsville|Millersville|Ridgetop
37073	TN	Greenbrier|Coopertown|Ridgetop
37074	TN	Hartsville/Trousdale County|Hartsville
37075	TN	Hendersonville|Shackle Island
37076	TN	Hermitage|Rural Hill
37077	TN	Hendersonville
37078	TN	Hurricane Mills
37079	TN	Indian Mound
37080	TN	Joelton
37082	TN	Kingston Springs
37083	TN	Lafayette
37085	TN	Lascassas|Walterhill
37086	TN	La Vergne
37087	TN	Lebanon|Hartsville/Trousdale County|Tuckers Crossroads
37088	TN	Lebanon
37089	TN	La Vergne
37090	TN	Lebanon|Tuckers Crossroads|Norene|Gladeville
37091	TN	Lewisburg
37095	TN	Liberty
37096	TN	Linden
37097	TN	Lobelville
37098	TN	Lyles|Bon Aqua Junction|Wrigley
37101	TN	Mc Ewen|McEwen
37110	TN	Mcminnville|Centertown
37111	TN	Mcminnville
37115	TN	Madison
37116	TN	Madison
37118	TN	Milton|Greenvale
37119	TN	Mitchellville
37121	TN	Mount Juliet
37122	TN	Mount Juliet|Gladeville|Rural Hill|Green Hill
37127	TN	Murfreesboro|Christiana
37128	TN	Murfreesboro|Christiana
37129	TN	Murfreesboro|Walterhill
37130	TN	Murfreesboro|Walterhill
37131	TN	Murfreesboro
37132	TN	Murfreesboro
37133	TN	Murfreesboro
37134	TN	New Johnsonville
37135	TN	Nolensville
37136	TN	Norene
37137	TN	Nunnelly|Centerville
37138	TN	Old Hickory|Mount Juliet|Green Hill
37140	TN	Only
37141	TN	Orlinda
37142	TN	Palmyra
37143	TN	Pegram
37144	TN	Petersburg
37145	TN	Pleasant Shade
37146	TN	Pleasant View|Coopertown
37148	TN	Portland|Orlinda|Mitchellville|Graball|New Deal|Oak Grove
37149	TN	Readyville
37150	TN	Red Boiling Springs
37151	TN	Riddleton
37152	TN	Ridgetop
37153	TN	Rockvale
37160	TN	Shelbyville|Unionville
37161	TN	Shelbyville
37162	TN	Shelbyville
37165	TN	Slayden
37166	TN	Smithville
37167	TN	Smyrna
37171	TN	Southside
37172	TN	Springfield|Coopertown
37174	TN	Spring Hill
37175	TN	Stewart
37178	TN	Tennessee Ridge
37179	TN	Thompsons Station|Thompson's Station|Spring Hill
37180	TN	Unionville
37181	TN	Vanleer
37183	TN	Wartrace|Lynchburg, Moore County
37184	TN	Watertown|Greenvale|Norene|Statesville
37185	TN	Waverly
37186	TN	Westmoreland|Fairfield
37187	TN	White Bluff
37188	TN	White House
37189	TN	Whites Creek
37190	TN	Woodbury
37191	TN	Woodlawn
37201	TN	Nashville
37202	TN	Nashville
37203	TN	Nashville
37204	TN	Nashville|Oak Hill|Berry Hill
37205	TN	Nashville|Belle Meade
37206	TN	Nashville
37207	TN	Nashville
37208	TN	Nashville
37209	TN	Nashville
37210	TN	Nashville
37211	TN	Nashville|Berry Hill
37212	TN	Nashville
37213	TN	Nashville
37214	TN	Nashville
37215	TN	Forest Hills|Nashville|Belle Meade
37216	TN	Nashville
37217	TN	Nashville
37218	TN	Nashville
37219	TN	Nashville
37220	TN	Oak Hill|Nashville
37221	TN	Nashville
37222	TN	Nashville
37224	TN	Nashville
37227	TN	Nashville
37228	TN	Nashville
37229	TN	Nashville
37230	TN	Nashville
37232	TN	Nashville
37234	TN	Nashville
37235	TN	Nashville
37236	TN	Nashville
37238	TN	Nashville
37240	TN	Nashville
37241	TN	Nashville
37242	TN	Nashville
37243	TN	Nashville
37244	TN	Nashville
37246	TN	Nashville
37250	TN	Nashville
37301	TN	Altamont
37302	TN	Apison|Collegedale
37303	TN	Athens
37304	TN	Bakewell
37305	TN	Beersheba Springs|Altamont
37306	TN	Belvidere|Lynchburg, Moore County
37307	TN	Benton
37308	TN	Birchwood
37309	TN	Calhoun
37310	TN	Charleston
37311	TN	Cleveland|South Cleveland|East Cleveland|Apison
37312	TN	Cleveland|Hopewell
37313	TN	Coalmont
37314	TN	Cokercreek
37315	TN	Collegedale
37316	TN	Conasauga
37317	TN	Copperhill|Ducktown
37318	TN	Cowan
37320	TN	Cleveland
37321	TN	Dayton|Graysville
37322	TN	Decatur
37323	TN	Cleveland|Wildwood Lake|South Cleveland
37324	TN	Decherd
37325	TN	Delano
37326	TN	Ducktown
37327	TN	Dunlap
37328	TN	Elora
37329	TN	Englewood
37330	TN	Estill Springs
37331	TN	Etowah|Delano
37332	TN	Evensville
37333	TN	Farner
37334	TN	Fayetteville|Lynchburg, Moore County|Park City
37335	TN	Flintville
37336	TN	Georgetown
37337	TN	Grandview
37338	TN	Graysville
37339	TN	Gruetli Laager|Gruetli-Laager
37340	TN	Guild
37341	TN	Harrison
37342	TN	Hillsboro
37343	TN	Hixson|Chattanooga|Soddy-Daisy|Lakesite|Middle Valley|Falling Water
37345	TN	Huntland
37347	TN	Jasper|Kimball
37348	TN	Kelso
37349	TN	Manchester
37350	TN	Lookout Mountain
37351	TN	Chattanooga|Lupton City
37352	TN	Lynchburg, Moore County|Lynchburg
37353	TN	Mc Donald|Collegedale|McDonald|South Cleveland
37354	TN	Madisonville
37355	TN	Manchester|New Union|Lakewood Park
37356	TN	Monteagle
37357	TN	Morrison|Viola
37359	TN	Mulberry|Lynchburg, Moore County
37360	TN	Normandy|Tullahoma
37361	TN	Ocoee
37362	TN	Old Fort|Conasauga
37363	TN	Ooltewah|Collegedale
37364	TN	Cleveland
37365	TN	Palmer
37366	TN	Pelham
37367	TN	Pikeville
37369	TN	Reliance
37370	TN	Riceville
37371	TN	Athens
37373	TN	Sale Creek
37374	TN	Sequatchie
37375	TN	Sewanee|Monteagle
37376	TN	Sherwood
37377	TN	Signal Mountain|Walden|Lone Oak|Fairmount
37378	TN	Smartt
37379	TN	Soddy Daisy|Soddy-Daisy|Lakesite|Mowbray Mountain|Flat Top Mountain
37380	TN	South Pittsburg|New Hope|Orme|Kimball
37381	TN	Spring City
37382	TN	Summitville
37383	TN	Sewanee
37384	TN	Soddy Daisy
37385	TN	Tellico Plains|Coker Creek
37387	TN	Tracy City|Coalmont
37388	TN	Tullahoma|Lynchburg, Moore County
37389	TN	Arnold Afb
37391	TN	Turtletown
37394	TN	Viola
37396	TN	Whiteside
37397	TN	Whitwell|Powells Crossroads|Griffith Creek
37398	TN	Winchester|Lynchburg, Moore County|Decherd|Estill Springs
37401	TN	Chattanooga
37402	TN	Chattanooga
37403	TN	Chattanooga
37404	TN	Chattanooga
37405	TN	Chattanooga|Red Bank
37406	TN	Chattanooga
37407	TN	Chattanooga
37408	TN	Chattanooga
37409	TN	Chattanooga
37410	TN	Chattanooga
37411	TN	Chattanooga|Ridgeside
37412	TN	East Ridge|Chattanooga
37414	TN	Chattanooga
37415	TN	Chattanooga|Red Bank|Falling Water
37416	TN	Chattanooga|Harrison
37419	TN	Chattanooga|Whiteside
37421	TN	Chattanooga
37422	TN	Chattanooga
37424	TN	Chattanooga
37450	TN	Chattanooga
37501	TN	Memphis
37544	TN	Memphis
37601	TN	Johnson City|Unicoi|Elizabethton|Central|Pine Crest
37602	TN	Johnson City
37604	TN	Johnson City
37605	TN	Johnson City
37614	TN	Johnson City
37615	TN	Johnson City|Oak Grove|Spurgeon|Gray
37616	TN	Afton|Tusculum
37617	TN	Blountville
37618	TN	Bluff City|Bristol
37620	TN	Bristol|Walnut Hill
37621	TN	Bristol
37625	TN	Bristol
37640	TN	Butler
37641	TN	Chuckey
37642	TN	Church Hill
37643	TN	Elizabethton|Hunter|Valley Forge|Biltmore
37644	TN	Elizabethton
37645	TN	Mount Carmel
37650	TN	Erwin|Banner Hill|Embreeville
37656	TN	Fall Branch
37657	TN	Flag Pond
37658	TN	Hampton
37659	TN	Jonesborough
37660	TN	Kingsport|Bloomingdale|Sullivan Gardens
37662	TN	Kingsport
37663	TN	Kingsport|Colonial Heights|Spurgeon
37664	TN	Kingsport|Orebank|Colonial Heights
37665	TN	Kingsport
37669	TN	Kingsport
37680	TN	Laurel Bloomery
37681	TN	Limestone
37682	TN	Elizabethton|Milligan College
37683	TN	Mountain City
37684	TN	Mountain Home
37686	TN	Piney Flats|Bluff City
37687	TN	Roan Mountain
37688	TN	Shady Valley
37690	TN	Telford
37691	TN	Trade
37692	TN	Unicoi
37694	TN	Watauga
37699	TN	Piney Flats
37701	TN	Alcoa
37705	TN	Andersonville|Norris
37707	TN	Arthur
37708	TN	Bean Station
37709	TN	Blaine
37710	TN	Briceville
37711	TN	Bulls Gap|Mosheim
37713	TN	Bybee
37714	TN	Caryville|Rocky Top
37715	TN	Clairfield
37716	TN	Clinton
37717	TN	Clinton
37719	TN	Coalfield
37721	TN	Corryton|Plainview
37722	TN	Cosby
37723	TN	Crab Orchard|Fairfield Glade
37724	TN	Cumberland Gap
37725	TN	Dandridge
37726	TN	Deer Lodge
37727	TN	Del Rio
37729	TN	Duff
37730	TN	Eagan
37731	TN	Eidson
37732	TN	Elgin
37733	TN	Rugby
37737	TN	Friendsville
37738	TN	Gatlinburg|Pittman Center
37742	TN	Greenback
37743	TN	Greeneville|Mosheim
37744	TN	Greeneville
37745	TN	Greeneville|Tusculum|Baileyton
37748	TN	Harriman|Oakdale|Coalfield|Midtown
37752	TN	Harrogate|Cumberland Gap
37753	TN	Hartford
37754	TN	Heiskell
37755	TN	Helenwood|Huntsville
37756	TN	Huntsville
37757	TN	Jacksboro|Caryville|La Follette
37760	TN	Jefferson City|Dandridge
37762	TN	Jellico
37763	TN	Kingston
37764	TN	Kodak|Sevierville
37765	TN	Kyles Ford
37766	TN	La Follette|Fincastle
37769	TN	Lake City|Rocky Top|Briceville
37770	TN	Lancing
37771	TN	Lenoir City
37772	TN	Lenoir City
37773	TN	Lone Mountain
37774	TN	Loudon|Tellico Village
37777	TN	Louisville|Alcoa
37778	TN	Lowland
37779	TN	Luttrell|Plainview
37801	TN	Maryville|Vonore|Louisville
37802	TN	Maryville
37803	TN	Maryville
37804	TN	Maryville|Alcoa|Rockford|Eagleton Village|Wildwood
37806	TN	Mascot
37807	TN	Maynardville
37809	TN	Midway
37810	TN	Mohawk
37811	TN	Mooresburg|Bean Station
37813	TN	Morristown
37814	TN	Morristown
37815	TN	Morristown
37816	TN	Morristown
37818	TN	Mosheim
37819	TN	Newcomb
37820	TN	New Market
37821	TN	Newport
37822	TN	Newport
37824	TN	New Tazewell
37825	TN	New Tazewell
37826	TN	Niota
37828	TN	Norris
37829	TN	Oakdale
37830	TN	Oak Ridge
37831	TN	Oak Ridge
37840	TN	Oliver Springs|Coalfield
37841	TN	Oneida
37843	TN	Parrottsville
37845	TN	Petros
37846	TN	Philadelphia
37847	TN	Pioneer|Jellico|Caryville
37848	TN	Powder Springs
37849	TN	Powell
37851	TN	Pruden
37852	TN	Robbins|Elgin
37853	TN	Rockford
37854	TN	Rockwood
37857	TN	Rogersville|Surgoinsville
37860	TN	Russellville
37861	TN	Rutledge
37862	TN	Sevierville|Pigeon Forge
37863	TN	Pigeon Forge
37864	TN	Sevierville
37865	TN	Seymour
37866	TN	Sharps Chapel
37867	TN	Shawanee
37868	TN	Pigeon Forge
37869	TN	Sneedville
37870	TN	Speedwell
37871	TN	Strawberry Plains
37872	TN	Sunbright|Elgin
37873	TN	Surgoinsville
37874	TN	Sweetwater
37876	TN	Sevierville|Pittman Center|Fairgarden
37877	TN	Talbott
37878	TN	Tallassee
37879	TN	Tazewell|New Tazewell
37880	TN	Ten Mile
37881	TN	Thorn Hill
37882	TN	Townsend
37885	TN	Vonore|Rarity Bay|Kahite
37886	TN	Walland
37887	TN	Wartburg
37888	TN	Washburn
37890	TN	White Pine|Baneberry
37891	TN	Whitesburg|Russellville
37892	TN	Winfield|Oneida
37901	TN	Knoxville
37902	TN	Knoxville
37909	TN	Knoxville
37912	TN	Knoxville
37914	TN	Knoxville
37915	TN	Knoxville
37916	TN	Knoxville
37917	TN	Knoxville
37918	TN	Knoxville|Halls
37919	TN	Knoxville
37920	TN	Knoxville
37921	TN	Knoxville
37922	TN	Knoxville
37923	TN	Knoxville
37924	TN	Knoxville|Mascot|John Sevier
37927	TN	Knoxville
37928	TN	Knoxville
37929	TN	Knoxville
37930	TN	Knoxville
37931	TN	Knoxville|Karns
37932	TN	Knoxville
37933	TN	Knoxville
37934	TN	Farragut|Knoxville
37938	TN	Knoxville|Halls
37939	TN	Knoxville
37940	TN	Knoxville
37950	TN	Knoxville
37995	TN	Knoxville
37996	TN	Knoxville
37997	TN	Knoxville
37998	TN	Knoxville
38001	TN	Alamo|Maury City
38002	TN	Arlington|Lakeland|Bartlett|Gallaway
38004	TN	Atoka
38006	TN	Bells
38007	TN	Bogota
38008	TN	Bolivar|Hornsby
38010	TN	Braden
38011	TN	Brighton|Gilt Edge
38012	TN	Brownsville
38014	TN	Brunswick
38015	TN	Burlison|Gilt Edge|Randolph
38016	TN	Memphis|Cordova
38017	TN	Collierville|Piperton
38018	TN	Memphis|Cordova
38019	TN	Covington|Garland
38021	TN	Crockett Mills
38023	TN	Drummonds|Randolph
38024	TN	Dyersburg|Fowlkes|Lenox|Finley
38025	TN	Dyersburg
38027	TN	Collierville
38028	TN	Eads|Arlington|Oakland
38029	TN	Bartlett|Ellendale
38030	TN	Finley
38034	TN	Friendship|Maury City
38036	TN	Gallaway
38037	TN	Gates
38039	TN	Grand Junction|La Grange
38040	TN	Halls
38041	TN	Henning
38042	TN	Hickory Valley
38044	TN	Hornsby
38045	TN	Laconia
38046	TN	La Grange
38047	TN	Lenox
38048	TN	Macon
38049	TN	Mason|Braden|Gallaway
38050	TN	Maury City
38052	TN	Middleton
38053	TN	Millington
38054	TN	Millington
38055	TN	Millington
38057	TN	Moscow|La Grange
38058	TN	Munford
38059	TN	Newbern|Yorkville
38060	TN	Oakland
38061	TN	Pocahontas|Essary Springs
38063	TN	Ripley|Henning
38066	TN	Rossville|Piperton
38067	TN	Saulsbury
38068	TN	Somerville|Williston
38069	TN	Stanton|Dancyville
38070	TN	Tigrett
38071	TN	Tipton
38075	TN	Whiteville
38076	TN	Williston
38077	TN	Wynnburg
38079	TN	Tiptonville|Wynnburg
38080	TN	Ridgely|Bogota|Miston|Wynnburg
38083	TN	Millington
38088	TN	Cordova
38101	TN	Memphis
38103	TN	Memphis
38104	TN	Memphis
38105	TN	Memphis
38106	TN	Memphis
38107	TN	Memphis
38108	TN	Memphis
38109	TN	Memphis
38111	TN	Memphis
38112	TN	Memphis
38113	TN	Memphis
38114	TN	Memphis
38115	TN	Memphis
38116	TN	Memphis
38117	TN	Memphis
38118	TN	Memphis
38119	TN	Memphis
38120	TN	Memphis
38122	TN	Memphis
38124	TN	Memphis
38125	TN	Memphis|Germantown
38126	TN	Memphis
38127	TN	Memphis
38128	TN	Memphis
38130	TN	Memphis
38131	TN	Memphis
38132	TN	Memphis
38133	TN	Bartlett|Memphis
38134	TN	Memphis|Bartlett
38135	TN	Bartlett|Memphis
38136	TN	Memphis
38137	TN	Memphis
38138	TN	Germantown
38139	TN	Germantown|Collierville
38141	TN	Memphis
38145	TN	Memphis
38148	TN	Memphis
38150	TN	Memphis
38151	TN	Memphis
38152	TN	Memphis
38157	TN	Memphis
38159	TN	Memphis
38161	TN	Memphis
38163	TN	Memphis
38166	TN	Memphis
38167	TN	Memphis
38168	TN	Memphis
38173	TN	Memphis
38174	TN	Memphis
38175	TN	Memphis
38177	TN	Memphis
38181	TN	Memphis
38182	TN	Memphis
38183	TN	Germantown
38184	TN	Memphis
38186	TN	Memphis
38187	TN	Memphis
38188	TN	Memphis
38190	TN	Memphis
38193	TN	Memphis
38194	TN	Memphis
38197	TN	Memphis
38201	TN	Mc Kenzie|McKenzie
38220	TN	Atwood
38221	TN	Big Sandy
38222	TN	Buchanan
38223	TN	Como
38224	TN	Cottage Grove
38225	TN	Dresden
38226	TN	Dukedom
38229	TN	Gleason
38230	TN	Greenfield
38231	TN	Henry
38232	TN	Hornbeak|Samburg
38233	TN	Kenton
38235	TN	McLemoresville|Mc Lemoresville
38236	TN	Mansfield
38237	TN	Martin|Dukedom
38238	TN	Martin
38240	TN	Obion
38241	TN	Palmersville
38242	TN	Paris|Whitlock
38251	TN	Puryear
38253	TN	Rives
38254	TN	Samburg
38255	TN	Sharon
38256	TN	Springville
38257	TN	South Fulton
38258	TN	Trezevant
38259	TN	Trimble
38260	TN	Troy
38261	TN	Union City|Woodland Mills
38271	TN	Woodland Mills
38281	TN	Union City
38301	TN	Jackson
38302	TN	Jackson
38303	TN	Jackson
38305	TN	Jackson
38308	TN	Jackson
38310	TN	Adamsville|Crump
38311	TN	Bath Springs
38313	TN	Beech Bluff|Luray
38314	TN	Jackson
38315	TN	Bethel Springs
38316	TN	Bradford
38317	TN	Bruceton
38318	TN	Buena Vista
38320	TN	Camden
38321	TN	Cedar Grove
38324	TN	Clarksburg
38326	TN	Counce|Childers Hill
38327	TN	Crump
38328	TN	Darden
38329	TN	Decaturville|Scotts Hill
38330	TN	Dyer|Yorkville
38331	TN	Eaton
38332	TN	Enville|Milledgeville
38333	TN	Eva
38334	TN	Finger
38336	TN	Fruitvale
38337	TN	Gadsden
38338	TN	Gibson
38339	TN	Guys
38340	TN	Henderson|Silerton|Jacks Creek
38341	TN	Holladay
38342	TN	Hollow Rock
38343	TN	Humboldt|Three Way|Gibson|Gadsden
38344	TN	Huntingdon|Clarksburg|McLemoresville
38345	TN	Huron
38346	TN	Idlewild
38347	TN	Jacks Creek
38348	TN	Lavinia
38351	TN	Lexington|Chesterfield|Darden|Wildersville
38352	TN	Luray
38355	TN	Medina
38356	TN	Medon
38357	TN	Michie|Childers Hill
38358	TN	Milan
38359	TN	Milledgeville
38361	TN	Morris Chapel
38362	TN	Oakfield
38363	TN	Parsons
38365	TN	Pickwick Dam
38366	TN	Pinson
38367	TN	Ramer|Guys|Eastview|Chewalla
38368	TN	Reagan
38369	TN	Rutherford
38370	TN	Saltillo
38371	TN	Sardis|Saltillo
38372	TN	Savannah|Olivet|Walnut Grove|Nixon
38374	TN	Scotts Hill
38375	TN	Selmer|Eastview
38376	TN	Shiloh
38377	TN	Silerton
38378	TN	Spring Creek
38379	TN	Stantonville
38380	TN	Sugar Tree
38381	TN	Toone
38382	TN	Trenton
38387	TN	Westport
38388	TN	Wildersville|Parker's Crossroads
38389	TN	Yorkville
38390	TN	Yuma|Clarksburg|Parker's Crossroads
38391	TN	Denmark
38392	TN	Mercer
38393	TN	Chewalla
38401	TN	Columbia|Mount Pleasant
38402	TN	Columbia
38425	TN	Clifton
38449	TN	Ardmore|Elkton
38450	TN	Collinwood
38451	TN	Culleoka
38452	TN	Cypress Inn
38453	TN	Dellrose
38454	TN	Duck River
38455	TN	Elkton
38456	TN	Ethridge
38457	TN	Five Points
38459	TN	Frankewing
38460	TN	Goodspring|Minor Hill
38461	TN	Hampshire
38462	TN	Hohenwald
38463	TN	Iron City
38464	TN	Lawrenceburg
38468	TN	Leoma
38469	TN	Loretto
38471	TN	Lutts
38472	TN	Lynnville
38473	TN	Minor Hill
38474	TN	Mount Pleasant
38475	TN	Olivehill
38476	TN	Primm Springs
38477	TN	Prospect|Elkton
38478	TN	Pulaski|Frankewing
38481	TN	Saint Joseph|St. Joseph
38482	TN	Santa Fe
38483	TN	Summertown
38485	TN	Waynesboro
38486	TN	Westpoint
38487	TN	Williamsport
38488	TN	Taft|Blanche
38501	TN	Cookeville|Dodson Branch
38502	TN	Cookeville
38503	TN	Cookeville
38504	TN	Allardt
38505	TN	Cookeville
38506	TN	Cookeville|Algood
38541	TN	Allons
38542	TN	Allred
38543	TN	Alpine
38544	TN	Baxter
38545	TN	Bloomington Springs
38547	TN	Brush Creek|South Carthage
38548	TN	Buffalo Valley
38549	TN	Byrdstown
38550	TN	Campaign
38551	TN	Celina
38552	TN	Chestnut Mound
38553	TN	Clarkrange
38554	TN	Crawford
38555	TN	Crossville|Crab Orchard
38556	TN	Jamestown|Allardt|Grimsley
38557	TN	Crossville
38558	TN	Crossville|Fairfield Glade
38559	TN	Doyle
38560	TN	Elmwood
38562	TN	Gainesboro
38563	TN	Gordonsville
38564	TN	Granville
38565	TN	Grimsley
38567	TN	Hickman
38568	TN	Hilham
38569	TN	Lancaster
38570	TN	Livingston|Hilham
38571	TN	Crossville|Pleasant Hill|Bowman|Fairfield Glade|Mayland
38572	TN	Crossville|Pleasant Hill|Lake Tansi
38573	TN	Monroe
38574	TN	Monterey|Mayland
38575	TN	Moss
38577	TN	Pall Mall
38578	TN	Pleasant Hill
38579	TN	Quebeck
38580	TN	Rickman
38581	TN	Rock Island
38582	TN	Silver Point
38583	TN	Sparta|Pleasant Hill|Doyle|Bon Air
38585	TN	Spencer
38587	TN	Walling
38588	TN	Whitleyville
38589	TN	Wilder
38601	MS	Abbeville
38602	MS	Arkabutla
38603	MS	Ashland|Snow Lake Shores
38606	MS	Batesville
38609	MS	Belen
38610	MS	Blue Mountain
38611	MS	Byhalia|Victoria|Mount Pleasant
38614	MS	Clarksdale|Lyon|Bobo|Farrell|Dublin
38617	MS	Coahoma|Lula|Jonestown
38618	MS	Coldwater|Arkabutla|Independence
38619	MS	Como
38620	MS	Courtland
38621	MS	Crenshaw
38622	MS	Crowder
38623	MS	Darling
38625	MS	Dumas
38626	MS	Dundee
38627	MS	Etta
38628	MS	Falcon
38629	MS	Falkner
38630	MS	Farrell
38631	MS	Friars Point
38632	MS	Hernando|Eudora
38633	MS	Hickory Flat
38634	MS	Holly Springs
38635	MS	Holly Springs|Red Banks|Mount Pleasant|Waterford
38637	MS	Horn Lake
38638	MS	Independence
38639	MS	Jonestown
38641	MS	Lake Cormorant|Walls|Eudora
38642	MS	Lamar
38643	MS	Lambert
38644	MS	Lula
38645	MS	Lyon|Clarksdale|Jonestown
38646	MS	Marks
38647	MS	Michigan City
38649	MS	Mount Pleasant
38650	MS	Myrtle
38651	MS	Nesbit|Hernando|Southaven|Bridgetown
38652	MS	New Albany
38654	MS	Olive Branch|Pleasant Hill
38655	MS	Oxford|Taylor|Tula
38658	MS	Pope
38659	MS	Potts Camp|Bethlehem
38661	MS	Red Banks|Victoria|Mount Pleasant
38663	MS	Ripley|Dumas
38664	MS	Robinsonville|Tunica Resorts
38665	MS	Sarah|Strayhorn
38666	MS	Sardis
38668	MS	Senatobia
38669	MS	Sherard
38670	MS	Sledge|Falcon|Darling
38671	MS	Southaven
38672	MS	Southaven
38673	MS	Taylor
38674	MS	Tiplersville
38675	MS	Tula
38676	MS	Tunica|North Tunica|White Oak|Austin
38677	MS	University|Oxford
38679	MS	Victoria
38680	MS	Walls|Lynchburg|Lakeview
38683	MS	Walnut|Chalybeate
38685	MS	Waterford
38686	MS	Walls
38701	MS	Greenville
38702	MS	Greenville
38703	MS	Greenville|Metcalfe|Winterville
38704	MS	Greenville
38720	MS	Alligator|Rena Lara
38721	MS	Anguilla|Nitta Yuma
38722	MS	Arcola
38723	MS	Avon
38725	MS	Benoit|Bolivar
38726	MS	Beulah
38730	MS	Boyle|Skene
38731	MS	Chatham
38732	MS	Cleveland|Renova
38733	MS	Cleveland
38736	MS	Doddsville
38737	MS	Drew
38738	MS	Parchman
38739	MS	Dublin
38740	MS	Duncan
38744	MS	Glen Allan
38745	MS	Grace
38746	MS	Gunnison
38748	MS	Hollandale
38749	MS	Indianola
38751	MS	Indianola
38753	MS	Inverness
38754	MS	Isola
38756	MS	Leland|Stoneville|Elizabeth
38759	MS	Merigold
38760	MS	Metcalfe
38761	MS	Moorhead
38762	MS	Mound Bayou|Winstonville|Merigold
38764	MS	Pace
38765	MS	Panther Burn
38767	MS	Rena Lara
38768	MS	Rome
38769	MS	Rosedale|Symonds
38771	MS	Ruleville
38772	MS	Scott
38773	MS	Shaw
38774	MS	Shelby
38776	MS	Stoneville
38778	MS	Sunflower
38780	MS	Wayside
38781	MS	Winstonville
38782	MS	Winterville
38801	MS	Tupelo|Verona
38802	MS	Tupelo
38803	MS	Tupelo
38804	MS	Tupelo|Plantersville
38820	MS	Algoma
38821	MS	Amory|Hatley
38824	MS	Baldwyn|Marietta|Kirkville
38825	MS	Becker
38826	MS	Belden|Tupelo|Sherman
38827	MS	Belmont
38828	MS	Blue Springs|Sherman
38829	MS	Booneville|Jumpertown|Wheeler
38833	MS	Burnsville
38834	MS	Corinth|Farmington|Glen|Kossuth|Biggersville
38835	MS	Corinth
38838	MS	Dennis
38839	MS	Derma
38841	MS	Ecru
38843	MS	Fulton
38844	MS	Gattman
38846	MS	Glen
38847	MS	Golden|Belmont
38848	MS	Greenwood Springs|Gattman
38849	MS	Guntown|Baldwyn
38850	MS	Houlka|New Houlka
38851	MS	Houston|Van Vleet
38852	MS	Iuka
38855	MS	Mantachie
38856	MS	Marietta|Kirkville
38857	MS	Mooreville
38858	MS	Nettleton
38859	MS	New Site
38860	MS	Okolona
38862	MS	Plantersville
38863	MS	Pontotoc|Algoma|Toccopola|Thaxton|Randolph
38864	MS	Randolph
38865	MS	Rienzi|Jumpertown|Biggersville|Jacinto
38866	MS	Saltillo|Tupelo
38868	MS	Shannon
38869	MS	Sherman
38870	MS	Smithville
38871	MS	Thaxton|Toccopola
38873	MS	Tishomingo|Paden
38874	MS	Toccopola
38875	MS	Trebloc
38876	MS	Tremont
38877	MS	Van Vleet
38878	MS	Vardaman
38879	MS	Verona
38880	MS	Wheeler
38901	MS	Grenada|Elliott
38902	MS	Grenada
38913	MS	Banner|Paris
38914	MS	Big Creek
38915	MS	Bruce
38916	MS	Calhoun City|Derma|Slate Springs
38917	MS	Carrollton|North Carrollton
38920	MS	Cascilla
38921	MS	Charleston
38922	MS	Coffeeville
38923	MS	Coila
38924	MS	Cruger
38925	MS	Duck Hill|Elliott
38926	MS	Elliott
38927	MS	Enid
38928	MS	Glendora
38929	MS	Gore Springs
38930	MS	Greenwood
38935	MS	Greenwood
38940	MS	Holcomb
38941	MS	Itta Bena|Mississippi Valley State University
38943	MS	Mc Carley
38944	MS	Minter City
38945	MS	Money
38946	MS	Morgan City
38947	MS	North Carrollton
38948	MS	Oakland
38949	MS	Paris
38950	MS	Philipp
38951	MS	Pittsboro
38952	MS	Schlater
38953	MS	Scobey
38954	MS	Sidon
38955	MS	Slate Spring
38957	MS	Sumner
38958	MS	Swan Lake
38959	MS	Swiftown
38960	MS	Tie Plant
38961	MS	Tillatoba
38962	MS	Tippo
38963	MS	Tutwiler|Dublin
38964	MS	Vance
38965	MS	Water Valley|Paris
38966	MS	Webb
38967	MS	Winona
39038	MS	Belzoni
39039	MS	Benton
39040	MS	Bentonia
39041	MS	Bolton|Clinton
39042	MS	Brandon|Puckett|Pelahatchie|Robinhood
39043	MS	Brandon
39044	MS	Braxton
39045	MS	Camden
39046	MS	Canton|Gluckstadt
39047	MS	Brandon|Flowood
39051	MS	Carthage|Redwater|Standing Pine
39054	MS	Cary
39056	MS	Clinton
39057	MS	Conehatta
39058	MS	Clinton
39059	MS	Crystal Springs
39060	MS	Clinton
39061	MS	Delta City
39062	MS	D Lo|D'Lo
39063	MS	Durant
39066	MS	Edwards
39067	MS	Ethel
39069	MS	Fayette
39071	MS	Flora|Kearney Park
39073	MS	Florence|Richland|Cleary
39074	MS	Forest|Hillsboro|Harperville
39077	MS	Gallman
39078	MS	Georgetown
39079	MS	Goodman
39080	MS	Harperville
39081	MS	Harriston
39082	MS	Harrisville
39083	MS	Hazlehurst
39086	MS	Hermanville
39087	MS	Hillsboro
39088	MS	Holly Bluff
39090	MS	Kosciusko
39092	MS	Lake
39094	MS	Lena
39095	MS	Lexington
39096	MS	Lorman|Alcorn State University
39097	MS	Louise
39098	MS	Ludlow
39107	MS	Mc Adams
39108	MS	Mc Cool|McCool
39109	MS	Madden
39110	MS	Madison|Gluckstadt
39111	MS	Magee
39113	MS	Mayersville
39114	MS	Mendenhall|Puckett
39115	MS	Midnight
39116	MS	Mize
39117	MS	Morton|Polkville
39119	MS	Mount Olive
39120	MS	Natchez|Cloverdale|Morgantown
39121	MS	Natchez
39122	MS	Natchez
39130	MS	Madison
39140	MS	Newhebron|New Hebron
39144	MS	Pattison
39145	MS	Pelahatchie
39146	MS	Pickens
39148	MS	Piney Woods
39149	MS	Pinola
39150	MS	Port Gibson|Pattison
39151	MS	Puckett
39152	MS	Pulaski
39153	MS	Raleigh|Sylvarena
39154	MS	Raymond|Learned
39156	MS	Redwood
39157	MS	Ridgeland
39158	MS	Ridgeland
39159	MS	Rolling Fork|Grace|Delta City|Valley Park|Nitta Yuma
39160	MS	Sallis
39161	MS	Sandhill
39162	MS	Satartia
39163	MS	Sharon
39165	MS	Sibley
39166	MS	Silver City
39167	MS	Star
39168	MS	Taylorsville
39169	MS	Tchula
39170	MS	Terry|Byram
39171	MS	Thomastown
39173	MS	Tinsley
39174	MS	Jackson|Tougaloo
39175	MS	Utica
39176	MS	Vaiden
39177	MS	Valley Park
39179	MS	Vaughan
39180	MS	Vicksburg|Beechwood|Bovina
39181	MS	Vicksburg
39182	MS	Vicksburg
39183	MS	Vicksburg|Eagle Bend|Bovina
39189	MS	Walnut Grove|Sebastopol|Standing Pine
39190	MS	Washington
39191	MS	Wesson|Beauregard
39192	MS	West
39193	MS	Whitfield
39194	MS	Yazoo City|Eden
39201	MS	Jackson
39202	MS	Jackson
39203	MS	Jackson
39204	MS	Jackson
39205	MS	Jackson
39206	MS	Jackson
39207	MS	Jackson
39208	MS	Pearl|Jackson|Flowood|Richland
39209	MS	Jackson
39210	MS	Jackson
39211	MS	Jackson
39212	MS	Jackson|Byram
39213	MS	Jackson
39215	MS	Jackson
39216	MS	Jackson
39217	MS	Jackson
39218	MS	Richland|Florence
39225	MS	Jackson
39232	MS	Flowood
39236	MS	Jackson
39250	MS	Jackson
39269	MS	Jackson
39271	MS	Jackson
39272	MS	Byram|Jackson
39282	MS	Jackson
39283	MS	Jackson
39284	MS	Jackson
39286	MS	Jackson
39288	MS	Pearl
39289	MS	Jackson
39296	MS	Jackson
39298	MS	Jackson
39301	MS	Meridian
39302	MS	Meridian
39303	MS	Meridian
39304	MS	Meridian
39305	MS	Meridian|Marion|Nellieburg|Meridian Station
39307	MS	Meridian|Nellieburg
39309	MS	Meridian|Meridian Station
39320	MS	Bailey
39322	MS	Buckatunna
39323	MS	Chunky
39324	MS	Clara
39325	MS	Collinsville
39326	MS	Daleville
39327	MS	Decatur
39328	MS	De Kalb
39330	MS	Enterprise
39332	MS	Hickory
39335	MS	Lauderdale
39336	MS	Lawrence|Lake
39337	MS	Little Rock
39338	MS	Louin|Montrose
39339	MS	Louisville
39341	MS	Macon
39342	MS	Marion
39345	MS	Newton
39346	MS	Noxapater
39347	MS	Pachuta
39348	MS	Paulding
39350	MS	Philadelphia|Pearl River|Bogue Chitto|Tucker
39352	MS	Porterville
39354	MS	Preston|Bogue Chitto
39355	MS	Quitman
39356	MS	Rose Hill
39358	MS	Scooba
39359	MS	Sebastopol
39360	MS	Shubuta|De Soto
39361	MS	Shuqualak
39362	MS	State Line
39363	MS	Stonewall
39364	MS	Toomsuba|Marion
39365	MS	Union
39366	MS	Vossburg
39367	MS	Waynesboro|Clara
39401	MS	Hattiesburg|Glendale
39402	MS	Hattiesburg|West Hattiesburg|Rawls Springs|Arnold Line|Oak Grove
39403	MS	Hattiesburg
39404	MS	Hattiesburg
39406	MS	Hattiesburg
39407	MS	Hattiesburg
39421	MS	Bassfield
39422	MS	Bay Springs|Sylvarena|Louin
39423	MS	Beaumont
39425	MS	Brooklyn
39426	MS	Carriere|Picayune|Hide-A-Way Lake
39427	MS	Carson
39428	MS	Collins
39429	MS	Columbia
39436	MS	Eastabuchie
39437	MS	Ellisville
39439	MS	Heidelberg|Sandersville
39440	MS	Laurel
39441	MS	Laurel
39442	MS	Laurel
39443	MS	Laurel|Sandersville|Sharon
39451	MS	Leakesville
39452	MS	Lucedale|Leakesville|Benndale|Agricola
39455	MS	Lumberton|Baxterville
39456	MS	Mc Lain|McLain|Leaf
39457	MS	Mc Neill
39459	MS	Moselle|Eastabuchie
39460	MS	Moss
39461	MS	Neely
39462	MS	New Augusta
39463	MS	Nicholson
39464	MS	Ovett
39465	MS	Petal|Runnelstown|Eastabuchie
39466	MS	Picayune|Nicholson
39470	MS	Poplarville
39474	MS	Prentiss
39475	MS	Purvis
39476	MS	Richton
39477	MS	Sandersville
39478	MS	Sandy Hook
39479	MS	Seminary
39480	MS	Soso
39481	MS	Stringer
39482	MS	Sumrall
39483	MS	Foxworth
39501	MS	Gulfport
39502	MS	Gulfport
39503	MS	Gulfport|Lyman
39505	MS	Gulfport
39506	MS	Gulfport
39507	MS	Gulfport
39520	MS	Bay Saint Louis|Bay St. Louis|Waveland
39521	MS	Bay Saint Louis
39522	MS	Stennis Space Center
39525	MS	Diamondhead
39529	MS	Stennis Space Center
39530	MS	Biloxi
39531	MS	Biloxi
39532	MS	Biloxi|St. Martin|Latimer
39533	MS	Biloxi
39534	MS	Biloxi
39535	MS	Biloxi
39540	MS	D'Iberville|Diberville
39552	MS	Escatawpa
39553	MS	Gautier
39555	MS	Hurley
39556	MS	Kiln
39558	MS	Lakeshore
39560	MS	Long Beach
39561	MS	Mc Henry
39562	MS	Moss Point|Escatawpa|Wade|Hurley|Helena|Big Point
39563	MS	Moss Point
39564	MS	Ocean Springs|Gautier|Gulf Hills|Gulf Park Estates
39565	MS	Vancleave|Latimer
39566	MS	Ocean Springs
39567	MS	Pascagoula
39568	MS	Pascagoula
39569	MS	Pascagoula
39571	MS	Pass Christian|DeLisle|Henderson Point
39572	MS	Pearlington
39573	MS	Perkinston
39574	MS	Saucier
39576	MS	Waveland
39577	MS	Wiggins|Bond
39581	MS	Pascagoula
39595	MS	Pascagoula
39601	MS	Brookhaven
39602	MS	Brookhaven
39603	MS	Brookhaven
39629	MS	Bogue Chitto|Brookhaven
39630	MS	Bude
39631	MS	Centreville
39632	MS	Chatawa
39633	MS	Crosby
39635	MS	Fernwood
39638	MS	Gloster
39641	MS	Jayess
39643	MS	Kokomo
39645	MS	Liberty
39647	MS	Mc Call Creek
39648	MS	Mccomb|Magnolia|Fernwood
39649	MS	Mccomb
39652	MS	Magnolia
39653	MS	Meadville
39654	MS	Monticello
39656	MS	Oak Vale
39657	MS	Osyka
39661	MS	Roxie
39662	MS	Ruth
39663	MS	Silver Creek
39664	MS	Smithdale
39665	MS	Sontag
39666	MS	Summit
39667	MS	Tylertown
39668	MS	Union Church
39669	MS	Woodville
39701	MS	Columbus|Artesia
39702	MS	Columbus|New Hope
39703	MS	Columbus
39704	MS	Columbus
39705	MS	Columbus|Columbus AFB
39710	MS	Columbus
39730	MS	Aberdeen
39735	MS	Ackerman
39736	MS	Artesia
39737	MS	Bellefontaine
39739	MS	Brooksville
39740	MS	Caledonia|Gattman
39741	MS	Cedarbluff
39743	MS	Crawford
39744	MS	Eupora
39745	MS	French Camp
39746	MS	Hamilton|New Hamilton
39747	MS	Kilmichael
39750	MS	Maben
39751	MS	Mantee
39752	MS	Mathiston
39753	MS	Mayhew
39754	MS	Montpelier
39755	MS	Pheba
39756	MS	Prairie
39759	MS	Starkville|Longview|Mississippi State
39760	MS	Starkville
39762	MS	Mississippi State|Starkville
39766	MS	Steens
39767	MS	Stewart
39769	MS	Sturgis
39771	MS	Walthall
39772	MS	Weir
39773	MS	West Point
39776	MS	Woodland
39813	GA	Arlington
39815	GA	Attapulgus
39817	GA	Bainbridge
39818	GA	Bainbridge
39819	GA	Bainbridge|Faceville
39823	GA	Blakely
39824	GA	Bluffton
39825	GA	Brinson
39826	GA	Bronwood
39827	GA	Cairo
39828	GA	Cairo|Calvary
39829	GA	Calvary
39832	GA	Cedar Springs
39834	GA	Climax
39836	GA	Coleman
39837	GA	Colquitt|Boykin
39840	GA	Cuthbert
39841	GA	Damascus
39842	GA	Dawson|Sasser|Bronwood
39845	GA	Donalsonville
39846	GA	Edison
39851	GA	Fort Gaines
39852	GA	Fowlstown
39854	GA	Georgetown-Quitman County|Georgetown
39859	GA	Iron City
39861	GA	Jakin|Cedar Springs
39862	GA	Leary
39866	GA	Morgan
39867	GA	Morris|Georgetown-Quitman County
39870	GA	Newton
39877	GA	Parrott|Webster County
39885	GA	Sasser
39886	GA	Shellman
39897	GA	Whigham|Calvary
39901	GA	Atlanta
40003	KY	Bagdad
40004	KY	Bardstown
40006	KY	Bedford
40007	KY	Bethlehem
40008	KY	Bloomfield|Chaplin
40009	KY	Bradfordsville
40010	KY	Buckner
40011	KY	Campbellsburg
40012	KY	Chaplin
40013	KY	Coxs Creek|Fairfield
40014	KY	Crestwood|Orchard Grass Hills|Pewee Valley|Buckner
40018	KY	Eastwood
40019	KY	Eminence
40020	KY	Fairfield
40022	KY	Finchville
40023	KY	Fisherville|Elk Creek
40025	KY	Glenview
40026	KY	Goshen
40027	KY	Harrods Creek
40031	KY	La Grange|Buckner
40032	KY	La Grange
40033	KY	Lebanon|St. Mary
40036	KY	Lockport
40037	KY	Loretto
40040	KY	Mackville
40041	KY	Masonic Home
40045	KY	Milton
40046	KY	Mount Eden
40047	KY	Mount Washington
40048	KY	Nazareth
40049	KY	Nerinx
40050	KY	New Castle
40051	KY	New Haven
40052	KY	New Hope
40055	KY	Pendleton
40056	KY	Pewee Valley
40057	KY	Pleasureville
40058	KY	New Castle|Port Royal
40059	KY	Prospect|River Bluff
40060	KY	Raywick
40061	KY	Springfield|Saint Catharine
40062	KY	Saint Francis
40063	KY	Saint Mary
40065	KY	Shelbyville
40066	KY	Shelbyville
40067	KY	Simpsonville
40068	KY	Smithfield
40069	KY	Springfield|Mackville
40070	KY	Sulphur
40071	KY	Taylorsville|Elk Creek
40075	KY	Turners Station
40076	KY	Waddy
40077	KY	Westport
40078	KY	Willisburg
40104	KY	Battletown
40107	KY	Boston
40108	KY	Brandenburg|Doe Valley
40109	KY	Brooks|Hillview
40110	KY	Clermont
40111	KY	Cloverport
40115	KY	Custer
40117	KY	Ekron
40118	KY	Fairdale|Hollyvilla
40119	KY	Falls Of Rough
40121	KY	Fort Knox
40122	KY	Fort Knox
40129	KY	Hillview
40140	KY	Garfield
40142	KY	Guston
40143	KY	Hardinsburg
40144	KY	Harned
40145	KY	Hudson
40146	KY	Irvington
40150	KY	Lebanon Junction
40152	KY	Mc Daniels
40153	KY	Mc Quady
40155	KY	Muldraugh
40157	KY	Payneville
40159	KY	Radcliff
40160	KY	Radcliff|Vine Grove
40161	KY	Rhodelia
40162	KY	Rineyville
40165	KY	Shepherdsville|Hillview|Pioneer Village|Hebron Estates|Fox Chase|Brooks
40166	KY	Shepherdsville
40170	KY	Stephensport
40171	KY	Union Star
40175	KY	Vine Grove
40176	KY	Webster
40177	KY	West Point
40178	KY	Westview
40201	KY	Louisville
40202	KY	Louisville
40203	KY	Louisville
40204	KY	Louisville
40205	KY	Louisville|Seneca Gardens|Strathmoor Village|Wellington|Kingsley|Strathmoor Manor
40206	KY	Louisville
40207	KY	Louisville|St. Matthews|Indian Hills|Windy Hills|Beechwood Village|Woodlawn Park|Rolling Fields|Riverwood|Mockingbird Valley|Richlawn|Druid Hills|Bellewood|Norbourne Estates|Brownsboro Village|Maryhill Estates
40208	KY	Louisville
40209	KY	Louisville
40210	KY	Louisville
40211	KY	Louisville
40212	KY	Louisville
40213	KY	Louisville|Watterson Park|Audubon Park|Lynnview|Poplar Hills
40214	KY	Louisville
40215	KY	Louisville
40216	KY	Louisville|Shively
40217	KY	Louisville|Parkway Village
40218	KY	Louisville|Watterson Park|West Buechel
40219	KY	Louisville|South Park View
40220	KY	Louisville|Jeffersontown|St. Regis Park|Hurstbourne Acres|Houston Acres|Meadowview Estates|Cambridge|Forest Hills|Lincolnshire
40221	KY	Louisville
40222	KY	Louisville|Hurstbourne|Lyndon|Graymoor-Devondale|St. Matthews|Northfield|Glenview|Bellemeade|Glenview Hills|Norwood|Glenview Manor|Bancroft|Crossgate|Thornhill|Hills and Dales
40223	KY	Louisville|Anchorage|Middletown|Jeffersontown|Lyndon|Douglass Hills|Blue Ridge Manor|Bellemeade|Moorland|Wildwood|Meadowbrook Farm|Sycamore
40224	KY	Louisville
40225	KY	Louisville
40228	KY	Louisville|Hollow Creek|Spring Mill
40229	KY	Louisville|Hillview|Heritage Creek|Pioneer Village|Hunters Hollow|Brooks
40231	KY	Louisville
40232	KY	Louisville
40233	KY	Louisville
40241	KY	Louisville|Barbourmeade|Green Spring|Brownsboro Farm|Ten Broeck|Fincastle|Spring Valley|Hills and Dales|Murray Hill|Creekside|Broeck Pointe|Manor Creek|Meadow Vale|Langdon Place|Hickory Hill|Old Brownsboro Place
40242	KY	Louisville|Lyndon|Plantation|Rolling Hills|Meadow Vale|Langdon Place|Westwood|Old Brownsboro Place|Barbourmeade|Briarwood|Bancroft|Goose Creek|Murray Hill|Moorland
40243	KY	Middletown|Louisville|Douglass Hills|Woodland Hills
40245	KY	Louisville|Middletown|Worthington Hills|Coldstream
40250	KY	Louisville
40251	KY	Louisville
40252	KY	Louisville
40253	KY	Louisville
40255	KY	Louisville
40256	KY	Louisville
40257	KY	Louisville
40258	KY	Louisville
40259	KY	Louisville
40261	KY	Louisville
40266	KY	Louisville
40268	KY	Louisville
40269	KY	Louisville
40270	KY	Louisville
40272	KY	Louisville
40280	KY	Louisville
40281	KY	Louisville
40282	KY	Louisville
40283	KY	Louisville
40285	KY	Louisville
40287	KY	Louisville
40289	KY	Louisville
40290	KY	Louisville
40291	KY	Louisville
40292	KY	Louisville
40293	KY	Louisville
40294	KY	Louisville
40295	KY	Louisville
40296	KY	Louisville
40297	KY	Louisville
40298	KY	Louisville
40299	KY	Louisville|Jeffersontown|Middletown|Forest Hills
40310	KY	Burgin
40311	KY	Carlisle|Millersburg
40312	KY	Clay City
40313	KY	Clearfield
40316	KY	Denniston
40317	KY	Elliottville
40319	KY	Farmers
40322	KY	Frenchburg
40324	KY	Georgetown
40328	KY	Gravel Switch
40330	KY	Harrodsburg|Burgin
40334	KY	Hope
40336	KY	Irvine
40337	KY	Jeffersonville
40339	KY	Keene
40340	KY	Nicholasville
40342	KY	Lawrenceburg
40346	KY	Means
40347	KY	Midway
40348	KY	Millersburg
40350	KY	Moorefield
40351	KY	Morehead|Lakeview Heights|Farmers
40353	KY	Mount Sterling|Camargo
40355	KY	New Liberty
40356	KY	Nicholasville|Wilmore
40357	KY	North Middletown
40358	KY	Olympia
40359	KY	Owenton|Gratz|Monterey
40360	KY	Owingsville
40361	KY	Paris|North Middletown
40362	KY	Paris
40363	KY	Perry Park
40366	KY	Preston
40370	KY	Sadieville
40371	KY	Salt Lick
40372	KY	Salvisa
40374	KY	Sharpsburg
40376	KY	Slade
40379	KY	Stamping Ground
40380	KY	Stanton
40383	KY	Versailles
40384	KY	Versailles
40385	KY	Waco
40387	KY	Wellington
40390	KY	Wilmore|High Bridge
40391	KY	Winchester
40392	KY	Winchester
40402	KY	Annville
40403	KY	Berea
40404	KY	Berea
40405	KY	Bighill
40409	KY	Brodhead
40410	KY	Bryantsville
40419	KY	Crab Orchard
40422	KY	Danville|Junction City
40423	KY	Danville
40434	KY	Gray Hawk
40437	KY	Hustonville|McKinney
40440	KY	Junction City
40442	KY	Kings Mountain
40444	KY	Lancaster
40445	KY	Livingston
40447	KY	Mc Kee|McKee
40448	KY	Mc Kinney|McKinney
40452	KY	Mitchellsburg
40456	KY	Mount Vernon
40460	KY	Orlando
40461	KY	Paint Lick
40464	KY	Parksville
40468	KY	Perryville
40472	KY	Ravenna
40473	KY	Renfro Valley
40475	KY	Richmond
40476	KY	Richmond
40481	KY	Sandgap
40484	KY	Stanford|McKinney
40486	KY	Tyner|Annville
40488	KY	Waneta
40489	KY	Waynesburg
40492	KY	Wildie
40502	KY	Lexington-Fayette|Lexington
40503	KY	Lexington-Fayette|Lexington
40504	KY	Lexington-Fayette|Lexington
40505	KY	Lexington-Fayette|Lexington
40506	KY	Lexington
40507	KY	Lexington-Fayette|Lexington
40508	KY	Lexington-Fayette|Lexington
40509	KY	Lexington-Fayette|Lexington
40510	KY	Lexington-Fayette|Lexington
40511	KY	Lexington-Fayette|Lexington
40512	KY	Lexington
40513	KY	Lexington-Fayette|Lexington
40514	KY	Lexington-Fayette|Lexington
40515	KY	Lexington-Fayette|Lexington
40516	KY	Lexington-Fayette|Lexington
40517	KY	Lexington-Fayette|Lexington
40522	KY	Lexington
40523	KY	Lexington
40524	KY	Lexington
40526	KY	Lexington-Fayette|Lexington
40533	KY	Lexington
40536	KY	Lexington-Fayette|Lexington
40544	KY	Lexington
40546	KY	Lexington
40550	KY	Lexington
40555	KY	Lexington
40574	KY	Lexington
40575	KY	Lexington
40576	KY	Lexington
40577	KY	Lexington
40578	KY	Lexington
40579	KY	Lexington
40580	KY	Lexington
40581	KY	Lexington
40582	KY	Lexington
40583	KY	Lexington
40588	KY	Lexington
40591	KY	Lexington
40598	KY	Lexington
40601	KY	Frankfort
40602	KY	Frankfort
40603	KY	Frankfort
40604	KY	Frankfort
40618	KY	Frankfort
40619	KY	Frankfort
40620	KY	Frankfort
40621	KY	Frankfort
40622	KY	Frankfort
40701	KY	Corbin|North Corbin
40702	KY	Corbin
40724	KY	Bush
40729	KY	East Bernstadt
40730	KY	Emlyn
40734	KY	Gray
40737	KY	Keavy
40740	KY	Lily
40741	KY	London
40742	KY	London
40743	KY	London
40744	KY	London
40745	KY	London
40750	KY	London
40755	KY	Pittsburg
40759	KY	Rockholds
40763	KY	Siler
40769	KY	Williamsburg|Pleasant View|Emlyn
40771	KY	Woodbine
40801	KY	Ages Brookside
40803	KY	Asher
40806	KY	Baxter
40807	KY	Benham
40808	KY	Big Laurel
40810	KY	Bledsoe
40813	KY	Calvin
40815	KY	Cawood
40816	KY	Chappell
40818	KY	Coalgood
40819	KY	Coldiron
40820	KY	Cranks
40823	KY	Cumberland|Benham
40824	KY	Dayhoit
40826	KY	Eolia
40827	KY	Essie
40828	KY	Evarts|Ages|Kenvir
40829	KY	Grays Knob
40830	KY	Gulston
40831	KY	Harlan|Coxton
40840	KY	Helton
40843	KY	Holmes Mill
40844	KY	Hoskinston
40845	KY	Hulen
40847	KY	Kenvir
40849	KY	Lejunior
40854	KY	Loyall
40855	KY	Lynch|Benham
40856	KY	Miracle
40858	KY	Mozelle
40862	KY	Partridge
40863	KY	Pathfork
40865	KY	Putney
40868	KY	Stinnett
40870	KY	Totz
40873	KY	Wallins Creek|South Wallins
40874	KY	Warbranch
40902	KY	Arjay
40903	KY	Artemus
40906	KY	Barbourville|Artemus
40913	KY	Beverly
40914	KY	Big Creek
40915	KY	Bimble
40921	KY	Bryants Store
40923	KY	Cannon
40927	KY	Closplint
40930	KY	Dewitt
40932	KY	Fall Rock
40935	KY	Flat Lick
40939	KY	Fourmile
40940	KY	Frakes
40941	KY	Garrard
40943	KY	Girdler
40944	KY	Goose Rock
40946	KY	Green Road
40949	KY	Heidrick
40951	KY	Hima
40953	KY	Hinkle
40955	KY	Ingram
40958	KY	Kettle Island
40962	KY	Manchester|Oneida
40964	KY	Mary Alice
40965	KY	Middlesboro|Middlesborough
40972	KY	Oneida
40977	KY	Pineville
40979	KY	Roark
40981	KY	Saul
40982	KY	Scalf
40983	KY	Sextons Creek
40988	KY	Stoney Fork
40995	KY	Trosper
40997	KY	Walker
41001	KY	Alexandria|Claryville
41002	KY	Augusta
41003	KY	Berry
41004	KY	Brooksville
41005	KY	Burlington|Rabbit Hash|Hebron|Belleview
41006	KY	Butler
41007	KY	California|Mentor
41008	KY	Carrollton|Prestonville
41010	KY	Corinth
41011	KY	Covington|Fort Wright|Park Hills|Fort Mitchell
41012	KY	Covington
41014	KY	Covington
41015	KY	Latonia|Taylor Mill|Ryland Heights|Covington|Independence|Fairview|Fort Wright|Kenton Vale
41016	KY	Ludlow|Covington|Bromley
41017	KY	Ft Mitchell|Edgewood|Covington|Villa Hills|Fort Mitchell|Crestview Hills|Crescent Springs|Fort Wright|Erlanger|Lakeside Park|Bromley
41018	KY	Erlanger|Elsmere
41019	KY	Covington
41021	KY	Hebron
41022	KY	Florence
41025	KY	Erlanger
41030	KY	Crittenden|Verona
41031	KY	Cynthiana
41033	KY	De Mossville
41034	KY	Dover|Germantown
41035	KY	Dry Ridge|Crittenden
41037	KY	Elizaville
41039	KY	Ewing|Elizaville
41040	KY	Falmouth
41041	KY	Flemingsburg
41042	KY	Florence|Elsmere|Union|Oakbrook
41043	KY	Foster
41044	KY	Germantown
41045	KY	Ghent
41046	KY	Glencoe
41048	KY	Hebron|Francisville
41049	KY	Hillsboro
41051	KY	Independence|Erlanger
41052	KY	Jonesville
41053	KY	Kenton
41054	KY	Mason
41055	KY	Mayslick|Sardis|Mays Lick
41056	KY	Maysville
41059	KY	Melbourne|Silver Grove
41061	KY	Milford
41062	KY	Minerva
41063	KY	Morning View
41064	KY	Mount Olivet|Sardis
41065	KY	Muses Mills
41071	KY	Newport|Southgate|Wilder|Woodlawn
41072	KY	Newport
41073	KY	Bellevue
41074	KY	Dayton|Fort Thomas
41075	KY	Fort Thomas
41076	KY	Newport|Cold Spring|Highland Heights|Wilder|Silver Grove|Crestview
41080	KY	Petersburg
41081	KY	Plummers Landing
41083	KY	Sanders
41085	KY	Silver Grove
41086	KY	Sparta
41091	KY	Union|Florence|Rabbit Hash
41092	KY	Verona
41093	KY	Wallingford
41094	KY	Walton
41095	KY	Warsaw
41096	KY	Washington
41097	KY	Williamstown
41098	KY	Worthville
41099	KY	Newport
41101	KY	Ashland|Bellefonte|Russell|Westwood
41102	KY	Ashland|Westwood|Cannonsburg|Ironville
41105	KY	Ashland
41114	KY	Ashland
41121	KY	Argillite
41124	KY	Blaine
41128	KY	Carter
41129	KY	Catlettsburg
41132	KY	Denton
41135	KY	Emerson
41139	KY	Flatwoods|Russell
41141	KY	Garrison
41142	KY	Grahn
41143	KY	Grayson
41144	KY	Greenup|Wurtland
41146	KY	Hitchins
41149	KY	Isonville
41159	KY	Martha
41160	KY	Mazie
41164	KY	Olive Hill
41166	KY	Quincy
41168	KY	Rush
41169	KY	Russell|Raceland
41171	KY	Sandy Hook
41173	KY	Soldier
41174	KY	South Portsmouth
41175	KY	South Shore
41179	KY	Vanceburg|Concord|Garrison
41180	KY	Webbville
41181	KY	Willard
41183	KY	Worthington|Raceland
41189	KY	Tollesboro
41201	KY	Adams
41203	KY	Beauty
41204	KY	Boons Camp
41214	KY	Debord
41216	KY	East Point
41219	KY	Flatgap
41222	KY	Hagerhill|Paintsville|West Van Lear
41224	KY	Inez
41226	KY	Keaton
41230	KY	Louisa
41231	KY	Lovely
41232	KY	Lowmansville
41234	KY	Meally
41238	KY	Oil Springs
41240	KY	Paintsville
41250	KY	Pilgrim
41254	KY	River
41255	KY	Sitka
41256	KY	Staffordsville
41257	KY	Stambaugh
41260	KY	Thelma
41262	KY	Tomahawk
41263	KY	Tutor Key
41264	KY	Ulysses
41265	KY	Van Lear
41267	KY	Warfield
41268	KY	West Van Lear
41271	KY	Williamsport
41274	KY	Wittensville
41301	KY	Campton
41310	KY	Bays
41311	KY	Beattyville
41314	KY	Booneville
41317	KY	Clayhole
41332	KY	Hazel Green
41339	KY	Jackson
41347	KY	Lone
41348	KY	Lost Creek
41351	KY	Mistletoe
41352	KY	Mize
41360	KY	Pine Ridge
41364	KY	Ricetown
41365	KY	Rogers
41366	KY	Rousseau
41367	KY	Rowdy
41368	KY	Saint Helens
41385	KY	Vancleve
41386	KY	Vincent
41390	KY	Whick
41397	KY	Zoe
41408	KY	Cannel City
41413	KY	Crockett
41421	KY	Elkfork
41425	KY	Ezel
41426	KY	Falcon
41451	KY	Malone
41464	KY	Royalton
41465	KY	Salyersville
41472	KY	West Liberty
41477	KY	Wrigley
41501	KY	Pikeville|Coal Run Village
41502	KY	Pikeville
41503	KY	South Williamson
41512	KY	Ashcamp
41513	KY	Belcher
41514	KY	Belfry|South Williamson
41517	KY	Jenkins|Burdine
41519	KY	Canada
41520	KY	Dorton
41522	KY	Elkhorn City
41524	KY	Fedscreek
41526	KY	Fords Branch
41527	KY	Forest Hills
41528	KY	Freeburn
41531	KY	Hardy
41534	KY	Hellier
41535	KY	Huddy
41537	KY	Jenkins|Payne Gap
41538	KY	Jonancy
41539	KY	Kimper
41540	KY	Lick Creek
41542	KY	Lookout
41543	KY	Mc Andrews
41544	KY	Mc Carr|McCarr
41547	KY	Majestic
41548	KY	Mouthcard
41549	KY	Myra
41553	KY	Phelps
41554	KY	Phyllis
41555	KY	Pinsonfork
41557	KY	Raccoon
41558	KY	Ransom
41559	KY	Regina
41560	KY	Robinson Creek
41561	KY	Rockhouse
41562	KY	Shelbiana
41563	KY	Shelby Gap
41564	KY	Sidney
41566	KY	Steele
41567	KY	Stone
41568	KY	Stopover
41571	KY	Varney
41572	KY	Virgie
41601	KY	Allen
41602	KY	Auxier
41603	KY	Banner
41604	KY	Beaver
41605	KY	Betsy Layne
41606	KY	Bevinsville|Wheelwright
41607	KY	Blue River|Prestonsburg
41612	KY	Bypro
41615	KY	Dana
41616	KY	David
41619	KY	Drift
41621	KY	Dwale|Prestonsburg
41622	KY	Eastern
41630	KY	Garrett
41631	KY	Grethel
41632	KY	Gunlock
41635	KY	Harold|Betsy Layne
41636	KY	Hi Hat
41640	KY	Hueysville
41642	KY	Ivel
41643	KY	Lackey
41645	KY	Langley|Martin|Maytown
41647	KY	Mc Dowell|McDowell
41649	KY	Martin
41650	KY	Melvin
41651	KY	Minnie|McDowell
41653	KY	Prestonsburg
41655	KY	Printer
41659	KY	Stanville
41660	KY	Teaberry
41663	KY	Tram
41666	KY	Wayland
41667	KY	Weeksbury
41669	KY	Wheelwright
41701	KY	Hazard|Diablock|Combs
41702	KY	Hazard
41712	KY	Ary
41713	KY	Avawam
41714	KY	Bear Branch
41719	KY	Bonnyman
41721	KY	Buckhorn
41722	KY	Bulan
41723	KY	Busy
41725	KY	Carrie
41727	KY	Chavies
41729	KY	Combs
41731	KY	Cornettsville
41735	KY	Delphia
41736	KY	Dice
41739	KY	Dwarf
41740	KY	Emmalena
41743	KY	Fisty
41745	KY	Gays Creek
41746	KY	Happy
41749	KY	Hyden
41751	KY	Jeff
41754	KY	Krypton
41759	KY	Sassafras|Vicco
41760	KY	Scuddy
41762	KY	Sizerock
41763	KY	Slemp
41764	KY	Smilax
41766	KY	Thousandsticks
41772	KY	Vest
41773	KY	Vicco
41774	KY	Viper|Jeff
41775	KY	Wendover
41776	KY	Wooton
41777	KY	Yeaddiss
41778	KY	Yerkes
41804	KY	Blackey
41810	KY	Cromona
41812	KY	Deane
41815	KY	Ermine
41817	KY	Garner
41819	KY	Gordon
41821	KY	Hallie
41822	KY	Hindman
41824	KY	Isom
41825	KY	Jackhorn
41826	KY	Jeremiah
41828	KY	Kite
41831	KY	Leburn
41832	KY	Letcher
41833	KY	Linefork
41834	KY	Littcarr
41835	KY	Mc Roberts|Fleming-Neon|McRoberts
41836	KY	Mallie
41837	KY	Mayking
41838	KY	Millstone
41839	KY	Mousie
41840	KY	Neon|Fleming-Neon
41843	KY	Pine Top
41844	KY	Pippa Passes
41845	KY	Premium
41847	KY	Redfox
41848	KY	Roxana
41849	KY	Seco
41855	KY	Thornton
41858	KY	Whitesburg|Mayking
41859	KY	Dema
41861	KY	Raven
41862	KY	Topmost
42001	KY	Paducah|Massac
42002	KY	Paducah
42003	KY	Paducah|Farley|Hendron|Reidland
42020	KY	Almo|Dexter
42021	KY	Arlington
42022	KY	Bandana
42023	KY	Bardwell|Cunningham
42024	KY	Barlow
42025	KY	Benton
42027	KY	Boaz
42028	KY	Burna
42029	KY	Calvert City|Gilbertsville
42031	KY	Clinton
42032	KY	Columbus
42033	KY	Crayne
42035	KY	Cunningham|Lowes
42036	KY	Dexter
42037	KY	Dycusburg
42038	KY	Eddyville|Kuttawa
42039	KY	Fancy Farm
42040	KY	Farmington
42041	KY	Fulton|Cayce
42044	KY	Gilbertsville|Calvert City
42045	KY	Grand Rivers
42047	KY	Hampton
42048	KY	Hardin
42049	KY	Hazel
42050	KY	Hickman|Cayce
42051	KY	Hickory|Lowes
42053	KY	Kevil|Bandana|Lovelaceville
42054	KY	Kirksey
42055	KY	Kuttawa
42056	KY	La Center|Bandana
42058	KY	Ledbetter
42060	KY	Lovelaceville
42061	KY	Lowes
42063	KY	Lynnville
42064	KY	Marion|Crayne|Tolu
42066	KY	Mayfield|Pryorsburg|Farmington|Hickory|Sedalia
42069	KY	Melber
42070	KY	Milburn
42071	KY	Murray
42076	KY	New Concord
42078	KY	Salem
42079	KY	Sedalia
42081	KY	Smithland|Carrsville
42082	KY	Symsonia
42083	KY	Tiline
42085	KY	Water Valley
42086	KY	West Paducah
42087	KY	Wickliffe|Blandville
42088	KY	Wingo
42101	KY	Bowling Green|Plum Springs
42102	KY	Bowling Green
42103	KY	Bowling Green
42104	KY	Bowling Green|Woodburn|Plano
42120	KY	Adolphus
42122	KY	Alvaton
42123	KY	Austin
42124	KY	Beaumont
42127	KY	Cave City|Hiseville
42128	KY	Drake
42129	KY	Edmonton
42130	KY	Eighty Eight
42131	KY	Etoile
42133	KY	Fountain Run
42134	KY	Franklin
42135	KY	Franklin
42140	KY	Gamaliel
42141	KY	Glasgow|Hiseville
42142	KY	Glasgow
42151	KY	Hestand
42152	KY	Hiseville
42153	KY	Holland
42154	KY	Knob Lick
42156	KY	Lucas
42157	KY	Mount Hermon
42159	KY	Oakland
42160	KY	Park City
42163	KY	Rocky Hill
42164	KY	Scottsville
42166	KY	Summer Shade
42167	KY	Tompkinsville
42170	KY	Woodburn
42171	KY	Smiths Grove
42201	KY	Aberdeen
42202	KY	Adairville
42204	KY	Allensville
42206	KY	Auburn
42207	KY	Bee Spring
42210	KY	Brownsville
42211	KY	Cadiz
42214	KY	Center
42215	KY	Cerulean
42216	KY	Clifty
42217	KY	Crofton
42219	KY	Dunbar
42220	KY	Elkton|Fairview
42221	KY	Fairview
42223	KY	Fort Campbell|Fort Campbell North
42232	KY	Gracey
42234	KY	Guthrie
42236	KY	Herndon
42240	KY	Hopkinsville
42241	KY	Hopkinsville
42252	KY	Jetson
42254	KY	La Fayette|LaFayette
42256	KY	Lewisburg|Dunmor
42259	KY	Mammoth Cave
42261	KY	Morgantown|Woodbury
42262	KY	Oak Grove
42265	KY	Olmstead
42266	KY	Pembroke|Fairview
42273	KY	Rochester
42274	KY	Rockfield
42275	KY	Roundhill
42276	KY	Russellville
42280	KY	Sharon Grove
42285	KY	Sweeden
42286	KY	Trenton
42288	KY	Woodbury
42301	KY	Owensboro|Sorgho|Moseleyville|Stanley|St. Joseph|Curdsville|West Louisville
42302	KY	Owensboro
42303	KY	Owensboro|Thruston|Philpot
42304	KY	Owensboro
42320	KY	Beaver Dam|McHenry
42321	KY	Beech Creek|Beechmont
42322	KY	Beech Grove
42323	KY	Beechmont
42324	KY	Belton
42325	KY	Bremen
42326	KY	Browder
42327	KY	Calhoun|Beech Grove
42328	KY	Centertown
42330	KY	Central City|Powderly|South Carrollton|Cleaton
42332	KY	Cleaton
42333	KY	Cromwell
42334	KY	Curdsville
42337	KY	Drakesboro
42338	KY	Dundee
42339	KY	Dunmor
42343	KY	Fordsville
42344	KY	Graham
42345	KY	Greenville|Powderly
42347	KY	Hartford
42348	KY	Hawesville
42349	KY	Horse Branch|Rosine
42350	KY	Island
42351	KY	Lewisport
42352	KY	Livermore
42354	KY	McHenry|Mc Henry
42355	KY	Maceo|Yelvington
42356	KY	Maple Mount|St. Joseph
42361	KY	Olaton
42364	KY	Pellville
42366	KY	Philpot|Knottsville
42367	KY	Powderly
42368	KY	Reynolds Station
42369	KY	Rockport
42370	KY	Rosine
42371	KY	Rumsey
42372	KY	Sacramento
42374	KY	South Carrollton
42376	KY	Utica|Masonville|Pleasant Ridge|Panther
42377	KY	West Louisville
42378	KY	Whitesville|Pleasant Ridge
42402	KY	Baskett
42404	KY	Clay|Wheatcroft
42406	KY	Corydon|Poole
42408	KY	Dawson Springs|St. Charles
42409	KY	Dixon
42410	KY	Earlington
42411	KY	Fredonia|Crayne
42413	KY	Hanson
42419	KY	Henderson
42420	KY	Henderson|Anthoston
42431	KY	Madisonville|Earlington|Mortons Gap
42436	KY	Manitou
42437	KY	Morganfield|Breckinridge Center
42440	KY	Mortons Gap
42441	KY	Nebo
42442	KY	Nortonville|St. Charles
42444	KY	Poole
42445	KY	Princeton
42450	KY	Providence
42451	KY	Reed
42452	KY	Robards
42453	KY	Saint Charles|St. Charles
42455	KY	Sebree|Onton|Poole
42456	KY	Slaughters
42457	KY	Smith Mills
42458	KY	Spottsville
42459	KY	Sturgis
42460	KY	Sullivan
42461	KY	Uniontown
42462	KY	Waverly
42463	KY	Wheatcroft
42464	KY	White Plains
42501	KY	Somerset|Ferguson|Burnside
42502	KY	Somerset
42503	KY	Somerset|Burnside
42516	KY	Bethelridge
42518	KY	Bronston|Burnside
42519	KY	Burnside
42528	KY	Dunnville
42533	KY	Ferguson|Somerset
42539	KY	Liberty
42541	KY	Middleburg
42544	KY	Nancy|Burnside
42553	KY	Science Hill
42558	KY	Tateville
42564	KY	West Somerset
42565	KY	Windsor
42566	KY	Yosemite
42567	KY	Eubank
42602	KY	Albany
42603	KY	Alpha
42629	KY	Jamestown
42631	KY	Marshes Siding
42633	KY	Monticello
42634	KY	Parkers Lake
42635	KY	Pine Knot
42638	KY	Revelo
42642	KY	Russell Springs
42647	KY	Stearns
42649	KY	Strunk|Pine Knot|Stearns
42653	KY	Whitley City
42701	KY	Elizabethtown|Radcliff
42702	KY	Elizabethtown
42712	KY	Big Clifty
42713	KY	Bonnieville
42715	KY	Breeding
42716	KY	Buffalo
42717	KY	Burkesville|Marrowbone
42718	KY	Campbellsville
42719	KY	Campbellsville
42720	KY	Cane Valley
42721	KY	Caneyville
42722	KY	Canmer
42724	KY	Cecilia|Elizabethtown
42726	KY	Clarkson
42728	KY	Columbia
42729	KY	Cub Run
42732	KY	Eastview
42733	KY	Elk Horn
42740	KY	Glendale
42741	KY	Glens Fork
42742	KY	Gradyville
42743	KY	Greensburg|Summersville
42746	KY	Hardyville
42748	KY	Hodgenville|Magnolia|Buffalo
42749	KY	Horse Cave
42753	KY	Knifley
42754	KY	Leitchfield|Clarkson
42755	KY	Leitchfield
42757	KY	Magnolia
42758	KY	Mannsville
42759	KY	Marrowbone
42762	KY	Millwood
42764	KY	Mount Sherman
42765	KY	Munfordville
42776	KY	Sonora
42782	KY	Summersville
42784	KY	Upton
42788	KY	White Mills
43001	OH	Alexandria|Granville South
43002	OH	Columbus|Amlin
43003	OH	Ashley
43004	OH	Blacklick|Columbus
43005	OH	Bladensburg
43006	OH	Brinkhaven|Gann (Brinkhaven)
43007	OH	Broadway
43008	OH	Buckeye Lake
43009	OH	Cable
43010	OH	Catawba
43011	OH	Centerburg
43013	OH	Croton|Hartford (Croton)
43014	OH	Danville
43015	OH	Delaware|Kilbourne
43016	OH	Dublin|Columbus
43017	OH	Dublin|Columbus
43018	OH	Etna
43019	OH	Fredericktown
43021	OH	Galena|Sunbury
43022	OH	Gambier
43023	OH	Granville|Granville South
43025	OH	Hebron|Kirkersville|Buckeye Lake|Harbor Hills|Jacksontown
43026	OH	Hilliard|Columbus
43027	OH	Homer
43028	OH	Howard|Apple Valley
43029	OH	Irwin
43030	OH	Jacksontown
43031	OH	Johnstown|New Albany
43032	OH	Kilbourne
43033	OH	Kirkersville
43035	OH	Lewis Center
43036	OH	Magnetic Springs
43037	OH	Martinsburg
43040	OH	Marysville|Magnetic Springs|Raymond
43041	OH	Marysville
43044	OH	Mechanicsburg|Mutual
43045	OH	Milford Center
43046	OH	Millersport|Kirkersville|Buckeye Lake
43047	OH	Mingo
43048	OH	Mount Liberty
43050	OH	Mount Vernon|South Mount Vernon
43054	OH	New Albany|Columbus|Gahanna
43055	OH	Newark|Hanover|Granville|Marne
43056	OH	Heath
43058	OH	Newark
43060	OH	North Lewisburg
43061	OH	Ostrander
43062	OH	Pataskala|Beechwood Trails|Jersey|Etna
43064	OH	Plain City|New California
43065	OH	Powell|Shawnee Hills
43066	OH	Radnor
43067	OH	Raymond
43068	OH	Reynoldsburg|Columbus|Pataskala
43069	OH	Reynoldsburg
43070	OH	Rosewood
43071	OH	Saint Louisville|St. Louisville
43072	OH	Saint Paris|St. Paris|Christiansburg
43073	OH	Summit Station
43074	OH	Sunbury
43076	OH	Thornville|Harbor Hills|Thornport|Fairfield Beach|Jacksontown
43077	OH	Unionville Center
43078	OH	Urbana|Mutual
43080	OH	Utica|Martinsburg
43081	OH	Westerville|Columbus|Huber Ridge
43082	OH	Westerville
43083	OH	Westville
43084	OH	Woodstock
43085	OH	Worthington|Columbus|Riverlea
43086	OH	Westerville
43093	OH	Newark
43101	OH	Adelphi
43102	OH	Amanda
43103	OH	Ashville|South Bloomfield
43105	OH	Baltimore|Thurston
43106	OH	Bloomingburg
43107	OH	Bremen|Hide-A-Way Hills
43109	OH	Columbus|Brice
43110	OH	Canal Winchester|Columbus|Lithopolis|Brice
43111	OH	Carbon Hill
43112	OH	Carroll
43113	OH	Circleville|Tarlton|Logan Elm Village
43115	OH	Clarksburg
43116	OH	Commercial Point
43117	OH	Derby
43119	OH	Galloway|Columbus|West Jefferson|Lake Darby
43123	OH	Grove City|Columbus|Urbancrest|Darbydale
43125	OH	Groveport|Columbus|Obetz|Canal Winchester
43126	OH	Harrisburg
43127	OH	Haydenville
43128	OH	Jeffersonville|Octa|Milledgeville
43130	OH	Lancaster|Hamburg
43135	OH	Laurelville
43136	OH	Lithopolis
43137	OH	Lockbourne|Columbus|Commercial Point|Obetz|South Bloomfield
43138	OH	Logan|Hide-A-Way Hills|West Logan|Haydenville
43140	OH	London|West Jefferson|Lafayette|Choctaw Lake|Plumwood
43142	OH	Milledgeville
43143	OH	Mount Sterling
43144	OH	Murray City
43145	OH	New Holland
43146	OH	Orient|Commercial Point|Darbyville|Derby
43147	OH	Pickerington
43148	OH	Pleasantville
43149	OH	Rockbridge
43150	OH	Rushville|West Rushville
43151	OH	Midway|Sedalia
43152	OH	South Bloomingville
43153	OH	South Solon
43154	OH	Stoutsville
43155	OH	Sugar Grove|Hide-A-Way Hills
43156	OH	Tarlton
43157	OH	Thurston
43158	OH	Union Furnace
43160	OH	Washington Court House|Jeffersonville|Octa|Milledgeville|Good Hope|Pancoastburg
43162	OH	West Jefferson
43164	OH	Williamsport|Darbyville
43194	OH	Lockbourne
43195	OH	Groveport
43199	OH	Groveport
43201	OH	Columbus
43202	OH	Columbus
43203	OH	Columbus
43204	OH	Columbus|Valleyview
43205	OH	Columbus
43206	OH	Columbus
43207	OH	Columbus|Obetz
43209	OH	Columbus|Bexley
43210	OH	Columbus
43211	OH	Columbus
43212	OH	Columbus|Grandview Heights|Upper Arlington|Marble Cliff
43213	OH	Columbus|Whitehall
43214	OH	Columbus
43215	OH	Columbus|Marble Cliff|Grandview Heights
43216	OH	Columbus
43217	OH	Columbus
43218	OH	Columbus
43219	OH	Columbus
43220	OH	Upper Arlington|Columbus
43221	OH	Upper Arlington|Columbus
43222	OH	Columbus
43223	OH	Columbus
43224	OH	Columbus
43226	OH	Columbus
43227	OH	Columbus|Whitehall
43228	OH	Columbus|Lincoln Village
43229	OH	Columbus|Worthington
43230	OH	Gahanna|Columbus
43231	OH	Columbus|Minerva Park
43232	OH	Columbus|Brice|Blacklick Estates
43234	OH	Columbus
43235	OH	Columbus
43236	OH	Columbus
43240	OH	Columbus
43251	OH	Columbus
43260	OH	Columbus
43266	OH	Columbus
43268	OH	Columbus
43270	OH	Columbus
43271	OH	Columbus
43272	OH	Columbus
43279	OH	Columbus
43287	OH	Columbus
43291	OH	Columbus
43301	OH	Marion
43302	OH	Marion|New Bloomington|Green Camp
43310	OH	Belle Center
43311	OH	Bellefontaine
43314	OH	Caledonia
43315	OH	Cardington|Fulton
43316	OH	Carey
43317	OH	Chesterville
43318	OH	De Graff|Rosewood
43319	OH	East Liberty
43320	OH	Edison
43321	OH	Fulton
43322	OH	Green Camp
43323	OH	Harpster
43324	OH	Huntsville
43325	OH	Iberia
43326	OH	Kenton
43330	OH	Kirby
43331	OH	Lakeview|Chippewa Park
43332	OH	La Rue
43333	OH	Lewistown
43334	OH	Marengo
43335	OH	Martel
43336	OH	Middleburg
43337	OH	Morral
43338	OH	Mount Gilead|Candlewood Lake|Hidden Lakes
43340	OH	Mount Victory
43341	OH	New Bloomington
43342	OH	Prospect|Waldo
43343	OH	Quincy
43344	OH	Richwood
43345	OH	Ridgeway
43346	OH	Roundhead
43347	OH	Rushsylvania
43348	OH	Russells Point
43349	OH	Shauck
43350	OH	Sparta
43351	OH	Upper Sandusky|Marseilles
43356	OH	Waldo
43357	OH	West Liberty
43358	OH	West Mansfield
43359	OH	Wharton
43360	OH	Zanesfield|Valley Hi|East Liberty
43402	OH	Bowling Green|Haskins|Tontogany
43403	OH	Bowling Green
43405	OH	Toledo
43406	OH	Bradner
43407	OH	Burgoon
43408	OH	Clay Center
43410	OH	Clyde
43412	OH	Curtice|Clay Center|Reno Beach
43413	OH	Cygnet|Jerry City
43414	OH	Dunbridge
43416	OH	Elmore
43420	OH	Fremont|Ballville|Stony Prairie|Wightmans Grove
43430	OH	Genoa|Clay Center
43431	OH	Gibsonburg
43432	OH	Graytown
43433	OH	Gypsum
43434	OH	Harbor View
43435	OH	Helena
43436	OH	Isle Saint George
43437	OH	Jerry City
43438	OH	Kelleys Island
43439	OH	Lacarne
43440	OH	Lakeside Marblehead|Marblehead|Lakeside
43441	OH	Lemoyne
43442	OH	Lindsey|Hessville
43443	OH	Luckey
43445	OH	Martin|Clay Center
43446	OH	Middle Bass
43447	OH	Millbury
43449	OH	Oak Harbor
43450	OH	Pemberville
43451	OH	Portage
43452	OH	Port Clinton
43456	OH	Put In Bay|Put-in-Bay
43457	OH	Risingsun
43458	OH	Rocky Ridge
43460	OH	Rossford
43462	OH	Rudolph
43463	OH	Stony Ridge
43464	OH	Vickery|Whites Landing
43465	OH	Walbridge
43466	OH	Wayne
43467	OH	West Millgrove
43468	OH	Williston
43469	OH	Woodville
43501	OH	Alvordton|Kunkle
43502	OH	Archbold|Ridgeville Corners|Pettisville
43504	OH	Berkey
43505	OH	Blakeslee
43506	OH	Bryan|Pulaski
43510	OH	Colton
43511	OH	Custar
43512	OH	Defiance|Brunersburg
43515	OH	Delta
43516	OH	Deshler
43517	OH	Edgerton
43518	OH	Edon|Blakeslee
43519	OH	Evansport
43520	OH	Farmer
43521	OH	Fayette
43522	OH	Grand Rapids|Neapolis
43523	OH	Grelton
43524	OH	Hamler
43525	OH	Haskins
43526	OH	Hicksville
43527	OH	Holgate
43528	OH	Holland
43529	OH	Hoytville
43530	OH	Jewell
43531	OH	Kunkle
43532	OH	Liberty Center|Neapolis
43533	OH	Lyons
43534	OH	Mc Clure|McClure
43535	OH	Malinta
43536	OH	Mark Center
43537	OH	Maumee
43540	OH	Metamora
43541	OH	Milton Center
43542	OH	Monclova
43543	OH	Montpelier|Holiday City|Lake Seneca|Nettle Lake
43545	OH	Napoleon|Florida|Ridgeville Corners
43547	OH	Neapolis
43548	OH	New Bavaria
43549	OH	Ney
43550	OH	Okolona
43551	OH	Perrysburg|Rossford|Stony Ridge
43552	OH	Perrysburg
43553	OH	Pettisville
43554	OH	Pioneer|Holiday City|Lake Seneca
43555	OH	Ridgeville Corners
43556	OH	Sherwood
43557	OH	Stryker
43558	OH	Swanton|Ai
43560	OH	Sylvania
43565	OH	Tontogany
43566	OH	Waterville
43567	OH	Wauseon|Pettisville|Tedrow
43569	OH	Weston
43570	OH	West Unity
43571	OH	Whitehouse
43601	OH	Toledo
43603	OH	Toledo
43604	OH	Toledo
43605	OH	Toledo
43606	OH	Toledo|Ottawa Hills
43607	OH	Toledo
43608	OH	Toledo
43609	OH	Toledo
43610	OH	Toledo
43611	OH	Toledo
43612	OH	Toledo
43613	OH	Toledo
43614	OH	Toledo
43615	OH	Toledo|Ottawa Hills
43616	OH	Oregon|Curtice
43617	OH	Toledo
43619	OH	Northwood
43620	OH	Toledo
43623	OH	Toledo
43635	OH	Toledo
43652	OH	Toledo
43654	OH	Toledo
43656	OH	Toledo
43657	OH	Toledo
43659	OH	Toledo
43660	OH	Toledo
43661	OH	Toledo
43666	OH	Toledo
43667	OH	Toledo
43681	OH	Toledo
43682	OH	Toledo
43697	OH	Toledo
43699	OH	Toledo
43701	OH	Zanesville|South Zanesville|North Zanesville|Pleasant Grove
43702	OH	Zanesville
43711	OH	Ava
43713	OH	Barnesville
43716	OH	Beallsville|Wilson
43717	OH	Belle Valley
43718	OH	Belmont|Lloydsville
43719	OH	Bethesda
43720	OH	Blue Rock
43721	OH	Brownsville
43722	OH	Buffalo
43723	OH	Byesville
43724	OH	Caldwell|Belle Valley|Sarahsville
43725	OH	Cambridge
43727	OH	Chandlersville
43728	OH	Chesterhill
43730	OH	Corning|Hemlock|Rendville
43731	OH	Crooksville|Rose Farm
43732	OH	Cumberland
43733	OH	Derwent
43734	OH	Duncan Falls
43735	OH	East Fultonham
43736	OH	Fairview
43738	OH	Fultonham
43739	OH	Glenford|Brownsville
43740	OH	Gratiot
43746	OH	Hopewell
43747	OH	Jerusalem
43748	OH	Junction City
43749	OH	Kimbolton
43750	OH	Kipling
43752	OH	Laings
43754	OH	Lewisville|Stafford
43755	OH	Lore City
43756	OH	Mcconnelsville
43757	OH	Malaga
43758	OH	Malta
43759	OH	Morristown
43760	OH	Mount Perry|Fultonham|Brownsville
43761	OH	Moxahala
43762	OH	New Concord
43764	OH	New Lexington
43766	OH	New Straitsville
43767	OH	Norwich
43768	OH	Old Washington
43771	OH	Philo
43772	OH	Pleasant City
43773	OH	Quaker City|Fairview|Batesville
43777	OH	Roseville|East Fultonham
43778	OH	Salesville
43779	OH	Sarahsville
43780	OH	Senecaville|Buffalo
43782	OH	Shawnee
43783	OH	Somerset
43786	OH	Stafford
43787	OH	Stockport
43788	OH	Summerfield
43791	OH	White Cottage
43793	OH	Woodsfield|Antioch|Miltonsburg
43802	OH	Adamsville
43803	OH	Bakersville
43804	OH	Baltic
43805	OH	Blissfield
43811	OH	Conesville
43812	OH	Coshocton|Plainfield|Canal Lewisville
43821	OH	Dresden
43822	OH	Frazeysburg
43824	OH	Fresno
43828	OH	Keene
43830	OH	Nashport
43832	OH	Newcomerstown
43836	OH	Plainfield
43837	OH	Port Washington
43840	OH	Stone Creek
43842	OH	Trinway
43843	OH	Walhonding
43844	OH	Warsaw|Nellie
43845	OH	West Lafayette
43901	OH	Adena|Harrisville
43902	OH	Alledonia
43903	OH	Amsterdam
43905	OH	Barton
43906	OH	Bellaire|Neffs
43907	OH	Cadiz|Adena|New Athens|Harrisville
43908	OH	Bergholz|East Springfield
43909	OH	Blaine
43910	OH	Bloomingdale|East Springfield
43912	OH	Bridgeport|Brookside|Blaine|Wolfhurst|Lansing
43913	OH	Brilliant
43914	OH	Cameron
43915	OH	Clarington|Hannibal
43916	OH	Colerain
43917	OH	Dillonvale
43920	OH	East Liverpool|Calcutta|Glenmoor|La Croft
43925	OH	East Springfield
43926	OH	Empire|Stratton
43927	OH	Fairpoint
43928	OH	Glencoe
43930	OH	Hammondsville
43931	OH	Hannibal
43932	OH	Irondale
43933	OH	Jacobsburg
43934	OH	Lansing
43935	OH	Martins Ferry
43937	OH	Maynard
43938	OH	Mingo Junction|New Alexandria
43939	OH	Mount Pleasant
43940	OH	Neffs
43941	OH	Piney Fork
43942	OH	Powhatan Point
43943	OH	Rayland|Tiltonsville|Connorville
43944	OH	Richmond|Wintersville
43945	OH	Salineville|Summitville
43946	OH	Sardis|Hannibal
43947	OH	Shadyside
43948	OH	Smithfield
43950	OH	Saint Clairsville|St. Clairsville|Lloydsville|Bannock
43951	OH	Lafferty
43952	OH	Steubenville|Pottery Addition
43953	OH	Steubenville|Wintersville
43961	OH	Stratton
43962	OH	Summitville
43963	OH	Tiltonsville
43964	OH	Toronto|Stratton|Empire
43967	OH	Warnock
43968	OH	Wellsville
43970	OH	Wolf Run
43971	OH	Yorkville
43972	OH	Bannock
43973	OH	Freeport
43974	OH	Harrisville
43976	OH	Hopedale
43977	OH	Flushing|Holloway|Lafferty
43981	OH	New Athens
43983	OH	Piedmont
43984	OH	New Rumley
43985	OH	Holloway
43986	OH	Jewett
43988	OH	Scio
44001	OH	Amherst|South Amherst
44003	OH	Andover
44004	OH	Ashtabula|North Kingsville|Edgewood|Saybrook-on-the-Lake
44005	OH	Ashtabula
44010	OH	Austinburg
44011	OH	Avon
44012	OH	Avon Lake
44017	OH	Berea|Middleburg Heights
44021	OH	Burton
44022	OH	Chagrin Falls|Hunting Valley|Moreland Hills|South Russell|Orange|Bentleyville
44023	OH	Chagrin Falls|Bainbridge
44024	OH	Chardon|Aquilla|Bass Lake
44026	OH	Chesterland
44028	OH	Columbia Station
44030	OH	Conneaut|North Kingsville
44032	OH	Dorset
44033	OH	East Claridon
44035	OH	Elyria|Sheffield
44036	OH	Elyria
44039	OH	North Ridgeville
44040	OH	Gates Mills|Mayfield
44041	OH	Geneva|Geneva-on-the-Lake
44044	OH	Grafton|Eaton Estates
44045	OH	Grand River
44046	OH	Huntsburg
44047	OH	Jefferson
44048	OH	Kingsville
44049	OH	Kipton
44050	OH	Lagrange|Pheasant Run
44052	OH	Lorain
44053	OH	Lorain
44054	OH	Sheffield|Sheffield Lake
44055	OH	Lorain
44056	OH	Macedonia
44057	OH	Madison|North Perry|North Madison
44060	OH	Mentor|Kirtland Hills|Mentor-on-the-Lake
44061	OH	Mentor
44062	OH	Middlefield|Parkman
44064	OH	Montville
44065	OH	Newbury
44067	OH	Northfield
44068	OH	North Kingsville
44070	OH	North Olmsted
44072	OH	Novelty
44073	OH	Novelty
44074	OH	Oberlin|Kipton
44076	OH	Orwell
44077	OH	Painesville|Fairport Harbor|Grand River
44080	OH	Parkman
44081	OH	Perry|North Perry
44082	OH	Pierpont
44084	OH	Rock Creek|Roaming Shores
44085	OH	Rome|Roaming Shores
44086	OH	Thompson
44087	OH	Twinsburg|Reminderville|Twinsburg Heights
44088	OH	Unionville
44089	OH	Vermilion|Beulah Beach
44090	OH	Wellington|Rochester
44092	OH	Wickliffe|Willoughby Hills|Willowick
44093	OH	Williamsfield
44094	OH	Willoughby|Kirtland|Willoughby Hills|Waite Hill
44095	OH	Eastlake|Willowick|Timberlake|Lakeline
44096	OH	Willoughby
44097	OH	Eastlake
44099	OH	Windsor
44101	OH	Cleveland
44102	OH	Cleveland
44103	OH	Cleveland
44104	OH	Cleveland
44105	OH	Cleveland|Garfield Heights|Cuyahoga Heights|Newburgh Heights
44106	OH	Cleveland|Cleveland Heights
44107	OH	Lakewood
44108	OH	Cleveland|Bratenahl
44109	OH	Cleveland
44110	OH	Cleveland|Bratenahl
44111	OH	Cleveland|Linndale
44112	OH	East Cleveland|Cleveland|Cleveland Heights
44113	OH	Cleveland
44114	OH	Cleveland
44115	OH	Cleveland
44116	OH	Rocky River
44117	OH	Euclid
44118	OH	Cleveland Heights|Cleveland|University Heights|Shaker Heights|East Cleveland
44119	OH	Cleveland|Euclid
44120	OH	Shaker Heights|Cleveland
44121	OH	South Euclid|Cleveland|Cleveland Heights
44122	OH	Beachwood|Shaker Heights|Highland Hills|Orange|Warrensville Heights|Lyndhurst|Woodmere
44123	OH	Euclid
44124	OH	Cleveland|Pepper Pike|Lyndhurst|Mayfield Heights
44125	OH	Cleveland|Garfield Heights|Valley View|Cuyahoga Heights
44126	OH	Fairview Park|Cleveland
44127	OH	Cleveland
44128	OH	Cleveland|Warrensville Heights|Highland Hills|North Randall
44129	OH	Parma|Cleveland|Brooklyn
44130	OH	Cleveland|Middleburg Heights|Parma|Parma Heights
44131	OH	Independence|Seven Hills|Brooklyn Heights
44132	OH	Euclid
44133	OH	North Royalton
44134	OH	Parma|Cleveland
44135	OH	Cleveland|Brook Park|Linndale
44136	OH	Strongsville
44137	OH	Maple Heights
44138	OH	Olmsted Falls
44139	OH	Solon|Glenwillow
44140	OH	Bay Village
44141	OH	Brecksville
44142	OH	Brook Park|Brookpark|Cleveland
44143	OH	Cleveland|Highland Heights|Richmond Heights|Mayfield|South Euclid|Mayfield Heights
44144	OH	Brooklyn|Cleveland
44145	OH	Westlake
44146	OH	Bedford|Walton Hills|Bedford Heights|Oakwood
44147	OH	Broadview Heights
44149	OH	Strongsville
44181	OH	Cleveland
44188	OH	Cleveland
44190	OH	Cleveland
44191	OH	Cleveland
44192	OH	Cleveland
44193	OH	Cleveland
44194	OH	Cleveland
44195	OH	Cleveland
44197	OH	Cleveland
44198	OH	Cleveland
44199	OH	Cleveland
44201	OH	Atwater
44202	OH	Aurora|Reminderville
44203	OH	Norton|Barberton|New Franklin
44210	OH	Bath
44211	OH	Brady Lake
44212	OH	Brunswick
44214	OH	Burbank
44215	OH	Chippewa Lake|Gloria Glens Park
44216	OH	New Franklin|Clinton|Green
44217	OH	Creston
44221	OH	Cuyahoga Falls
44222	OH	Cuyahoga Falls
44223	OH	Cuyahoga Falls|Akron
44224	OH	Stow|Silver Lake|Cuyahoga Falls
44230	OH	Doylestown
44231	OH	Garrettsville
44232	OH	Green
44233	OH	Hinckley
44234	OH	Hiram
44235	OH	Homerville
44236	OH	Hudson|Boston Heights
44237	OH	Hudson
44240	OH	Kent|Sugar Bush Knolls|Brimfield|Brady Lake
44241	OH	Streetsboro
44242	OH	Kent
44243	OH	Kent
44250	OH	Lakemore
44251	OH	Westfield Center
44253	OH	Litchfield
44254	OH	Lodi
44255	OH	Mantua
44256	OH	Medina
44258	OH	Medina
44260	OH	Mogadore|Suffield
44262	OH	Munroe Falls
44264	OH	Peninsula|Boston Heights|Cuyahoga Falls
44265	OH	Randolph
44266	OH	Ravenna|Brady Lake
44270	OH	Rittman
44272	OH	Rootstown
44273	OH	Seville|Westfield Center
44274	OH	Sharon Center
44275	OH	Spencer
44276	OH	Sterling
44278	OH	Tallmadge
44280	OH	Valley City
44281	OH	Wadsworth|Sharon Center
44282	OH	Wadsworth
44285	OH	Wayland
44286	OH	Richfield
44287	OH	West Salem|Congress|Cinnamon Lake
44288	OH	Windham
44301	OH	Akron
44302	OH	Akron
44303	OH	Akron
44304	OH	Akron
44305	OH	Akron
44306	OH	Akron
44307	OH	Akron
44308	OH	Akron
44309	OH	Akron
44310	OH	Akron
44311	OH	Akron
44312	OH	Akron|Green|Lakemore|Sawyerwood
44313	OH	Akron|Cuyahoga Falls
44314	OH	Akron
44315	OH	Akron
44316	OH	Akron
44317	OH	Akron
44319	OH	Akron|New Franklin|Green|Portage Lakes
44320	OH	Akron
44321	OH	Akron|Pigeon Creek
44325	OH	Akron
44326	OH	Akron
44328	OH	Akron
44333	OH	Akron|Fairlawn|Montrose-Ghent
44334	OH	Fairlawn
44372	OH	Akron
44396	OH	Akron
44398	OH	Akron
44401	OH	Berlin Center
44402	OH	Bristolville
44403	OH	Brookfield|Yankee Lake|Brookfield Center|Masury
44404	OH	Burghill|Orangeville
44405	OH	Campbell
44406	OH	Canfield
44408	OH	Columbiana
44410	OH	Cortland
44411	OH	Deerfield
44412	OH	Diamond
44413	OH	East Palestine
44415	OH	Elkton
44416	OH	Ellsworth
44417	OH	Farmdale
44418	OH	Fowler
44420	OH	Girard|Churchill|McKinley Heights
44422	OH	Greenford
44423	OH	Hanoverton|Guilford Lake
44424	OH	Hartford
44425	OH	Hubbard|Maplewood Park|Masury
44427	OH	Kensington|Summitville
44428	OH	Kinsman|Orangeville|Kinsman Center
44429	OH	Lake Milton|Craig Beach
44430	OH	Leavittsburg
44431	OH	Leetonia
44432	OH	Lisbon|Guilford Lake
44436	OH	Lowellville
44437	OH	Mc Donald|McDonald|Hilltop
44438	OH	Masury|West Hill
44439	OH	Mesopotamia
44440	OH	Mineral Ridge|Lordstown
44441	OH	Negley|Lake Tomahawk
44442	OH	New Middletown
44443	OH	New Springfield
44444	OH	Newton Falls|South Canal
44445	OH	New Waterford
44446	OH	Niles|Girard|McKinley Heights|Hilltop
44449	OH	North Benton
44450	OH	North Bloomfield
44451	OH	North Jackson
44452	OH	North Lima|Woodworth
44453	OH	Orangeville
44454	OH	Petersburg
44455	OH	Rogers
44460	OH	Salem|Salem Heights|Damascus
44470	OH	Southington
44471	OH	Struthers
44473	OH	Vienna|Vienna Center
44481	OH	Warren|Lordstown|Champion Heights
44482	OH	Warren
44483	OH	Warren|Champion Heights|Morgandale
44484	OH	Warren|Howland Center|Bolindale
44485	OH	Warren
44486	OH	Warren
44490	OH	Washingtonville
44491	OH	West Farmington|Parkman
44492	OH	West Point
44493	OH	Winona
44501	OH	Youngstown
44502	OH	Youngstown
44503	OH	Youngstown
44504	OH	Youngstown
44505	OH	Youngstown|Churchill
44506	OH	Youngstown
44507	OH	Youngstown
44509	OH	Youngstown|Girard
44510	OH	Youngstown
44511	OH	Youngstown|Austintown
44512	OH	Youngstown
44513	OH	Youngstown
44514	OH	Youngstown|Poland|Woodworth
44515	OH	Youngstown|Austintown|Mineral Ridge
44555	OH	Youngstown
44601	OH	Alliance|Sebring|Maple Ridge|East Alliance|Bolton|Marlboro|Limaville
44606	OH	Apple Creek|Mount Eaton|Kidron
44607	OH	Augusta
44608	OH	Beach City
44609	OH	Beloit|Sebring
44610	OH	Berlin
44611	OH	Big Prairie
44612	OH	Bolivar|Zoar|Wilkshire Hills
44613	OH	Brewster
44614	OH	Canal Fulton
44615	OH	Carrollton
44617	OH	Charm
44618	OH	Dalton|Kidron
44619	OH	Damascus
44620	OH	Dellroy
44621	OH	Dennison|Midvale
44622	OH	Dover|Parral
44624	OH	Dundee|Winesburg
44625	OH	East Rochester
44626	OH	East Sparta|North Industry
44627	OH	Fredericksburg
44628	OH	Glenmont
44629	OH	Gnadenhutten|Tuscarawas
44630	OH	Greentown
44632	OH	Hartville
44633	OH	Holmesville
44634	OH	Homeworth
44636	OH	Kidron
44637	OH	Killbuck
44638	OH	Lakeville
44639	OH	Leesville
44640	OH	Limaville
44641	OH	Louisville|Harrisburg|Marlboro
44643	OH	Magnolia
44644	OH	Malvern|Lake Mohawk
44645	OH	Marshallville
44646	OH	Massillon|Perry Heights|Richville
44647	OH	Massillon
44648	OH	Massillon
44650	OH	Maximo
44651	OH	Mechanicstown
44652	OH	Middlebranch
44653	OH	Midvale
44654	OH	Millersburg|Berlin|Lake Buckhorn|Walnut Creek|Mount Hope
44656	OH	Mineral City
44657	OH	Minerva|Pekin
44659	OH	Mount Eaton
44660	OH	Mount Hope
44661	OH	Nashville
44662	OH	Navarre|Massillon|Brewster|Richville
44663	OH	New Philadelphia|Barnhill|Roswell|Midvale
44665	OH	North Georgetown
44666	OH	North Lawrence
44667	OH	Orrville
44669	OH	Paris|Robertsville
44670	OH	Robertsville
44671	OH	Sandyville
44672	OH	Sebring|Maple Ridge
44675	OH	Sherrodsville
44676	OH	Shreve
44677	OH	Smithville
44678	OH	Somerdale
44679	OH	Stillwater
44680	OH	Strasburg
44681	OH	Sugarcreek|Walnut Creek
44682	OH	Tuscarawas
44683	OH	Uhrichsville|Tuscarawas
44685	OH	Uniontown|Green|Greentown
44687	OH	Walnut Creek
44688	OH	Waynesburg
44689	OH	Wilmot
44690	OH	Winesburg
44691	OH	Wooster|New Pittsburg
44693	OH	Deersville
44695	OH	Bowerston|Leesville
44697	OH	Zoar
44699	OH	Tippecanoe
44701	OH	Canton
44702	OH	Canton
44703	OH	Canton
44704	OH	Canton
44705	OH	Canton
44706	OH	Canton|Richville|North Industry
44707	OH	Canton|North Industry
44708	OH	Canton|Hills and Dales|Meyers Lake|Reedurban
44709	OH	Canton|North Canton
44710	OH	Canton|Reedurban|Perry Heights
44711	OH	Canton
44714	OH	Canton
44718	OH	Canton
44720	OH	North Canton|Green|Greentown
44721	OH	Canton|Middlebranch
44730	OH	East Canton|Canton|Robertsville
44735	OH	Canton
44750	OH	Canton
44767	OH	Canton
44799	OH	Canton
44802	OH	Alvada
44804	OH	Arcadia
44805	OH	Ashland|Hayesville|Bailey Lakes|Mifflin|Savannah|Nankin
44807	OH	Attica
44809	OH	Bascom
44811	OH	Bellevue|Flat Rock
44813	OH	Bellville
44814	OH	Berlin Heights
44815	OH	Bettsville
44816	OH	Birmingham
44817	OH	Bloomdale|Bairdstown
44818	OH	Bloomville|Chatfield
44820	OH	Bucyrus|Sulphur Springs|Oceola
44822	OH	Butler
44824	OH	Castalia
44825	OH	Chatfield
44826	OH	Collins
44827	OH	Crestline|North Robinson
44828	OH	Flat Rock
44830	OH	Fostoria|West Millgrove|Bascom
44833	OH	Galion|Crestline|Iberia
44836	OH	Green Springs
44837	OH	Greenwich
44838	OH	Hayesville
44839	OH	Huron|Mitiwanga
44840	OH	Jeromesville
44841	OH	Kansas
44842	OH	Loudonville
44843	OH	Lucas
44844	OH	Mc Cutchenville|McCutchenville
44845	OH	Melmore
44846	OH	Milan
44847	OH	Monroeville
44848	OH	Nankin
44849	OH	Nevada|Oceola
44850	OH	New Haven
44851	OH	New London
44853	OH	New Riegel
44854	OH	New Washington
44855	OH	North Fairfield
44856	OH	North Robinson
44857	OH	Norwalk
44859	OH	Nova
44860	OH	Oceola
44861	OH	Old Fort
44862	OH	Ontario
44864	OH	Perrysville
44865	OH	Plymouth|New Haven
44866	OH	Polk
44867	OH	Republic
44870	OH	Sandusky|Bay View|Bloomingville|Crystal Rock
44871	OH	Sandusky
44874	OH	Savannah
44875	OH	Shelby
44878	OH	Shiloh
44880	OH	Sullivan
44881	OH	Sulphur Springs
44882	OH	Sycamore
44883	OH	Tiffin|Bettsville|Fort Seneca|Melmore|Bascom|Old Fort
44887	OH	Tiro
44888	OH	Willard
44889	OH	Wakeman|Birmingham
44890	OH	Willard|Holiday Lakes|Celeryville|New Haven
44901	OH	Mansfield
44902	OH	Mansfield
44903	OH	Mansfield|Ontario
44904	OH	Mansfield|Lexington|Bellville
44905	OH	Mansfield|Lincoln Heights
44906	OH	Mansfield|Ontario|Roseland
44907	OH	Mansfield
45001	OH	Addyston
45002	OH	Cleves|Blue Jay|Grandview|Miami Heights|Hooven|Miamitown|Dent
45003	OH	College Corner
45004	OH	Collinsville
45005	OH	Franklin|Middletown|Carlisle|Hunter
45011	OH	Hamilton|Fairfield|New Miami|Seven Mile|Woodsdale|Williamsdale
45012	OH	Hamilton
45013	OH	Hamilton|Millville|New Miami|Ross
45014	OH	Fairfield|Ross
45015	OH	Hamilton
45018	OH	Fairfield
45030	OH	Harrison|New Baltimore|New Haven
45032	OH	Harveysburg
45033	OH	Hooven
45034	OH	Kings Mills|South Lebanon
45036	OH	Lebanon|Monroe|Mason|South Lebanon
45039	OH	Maineville|South Lebanon|Landen|Loveland Park
45040	OH	Mason|Kings Mills|Landen
45041	OH	Miamitown
45042	OH	Middletown|Jacksonburg
45044	OH	Middletown|Monroe|Four Bridges
45050	OH	Monroe
45051	OH	Mount Saint Joseph
45052	OH	North Bend|Shawnee|Mack|Elizabethtown|Miami Heights
45053	OH	Okeana
45054	OH	Oregonia
45055	OH	Overpeck
45056	OH	Oxford|Darrtown
45061	OH	Ross
45062	OH	Seven Mile
45063	OH	Shandon
45064	OH	Somerville|West Elkton
45065	OH	South Lebanon
45066	OH	Springboro|Five Points
45067	OH	Trenton|Jacksonburg|Woodsdale
45068	OH	Waynesville|Harveysburg|Corwin
45069	OH	West Chester|Beckett Ridge|Wetherington|Four Bridges|Olde West Chester
45070	OH	West Elkton
45071	OH	West Chester
45101	OH	Aberdeen
45102	OH	Amelia
45103	OH	Batavia|Williamsburg|Owensville
45105	OH	Bentonville
45106	OH	Bethel
45107	OH	Blanchester|Midland
45111	OH	Camp Dennison
45112	OH	Chilo
45113	OH	Clarksville
45114	OH	Cuba
45115	OH	Decatur
45118	OH	Fayetteville|Lake Lorelei|St. Martin|Marathon
45119	OH	Feesburg
45120	OH	Felicity|Chilo|Neville
45121	OH	Georgetown
45122	OH	Goshen
45123	OH	Greenfield|Good Hope
45130	OH	Hamersville
45131	OH	Higginsport
45132	OH	Highland
45133	OH	Hillsboro|Sinking Spring|Rocky Fork Point|Highland Holiday
45135	OH	Leesburg|Highland
45140	OH	Loveland|Maineville|Loveland Park|Miamiville|Remington
45142	OH	Lynchburg|St. Martin
45144	OH	Manchester|Bentonville
45146	OH	Martinsville
45147	OH	Miamiville
45148	OH	Midland
45150	OH	Milford|Mount Repose|Mulberry|Day Heights
45152	OH	Morrow|Maineville|Roachester
45153	OH	Moscow|Neville
45154	OH	Mount Orab|Buford
45155	OH	Mowrystown
45156	OH	Neville
45157	OH	New Richmond
45158	OH	Newtonsville
45159	OH	New Vienna
45160	OH	Owensville
45162	OH	Pleasant Plain|Butlerville
45164	OH	Port William
45166	OH	Reesville
45167	OH	Ripley
45168	OH	Russellville
45169	OH	Sabina
45171	OH	Sardinia|Lake Waynoka|Buford
45172	OH	Sinking Spring
45174	OH	Terrace Park
45176	OH	Williamsburg|Mount Orab|Marathon
45177	OH	Wilmington
45201	OH	Cincinnati
45202	OH	Cincinnati
45203	OH	Cincinnati
45204	OH	Cincinnati
45205	OH	Cincinnati
45206	OH	Cincinnati
45207	OH	Cincinnati
45208	OH	Cincinnati
45209	OH	Cincinnati|Norwood
45211	OH	Cincinnati|Cheviot|Monfort Heights|Bridgetown
45212	OH	Norwood|Cincinnati
45213	OH	Cincinnati|Amberley|Silverton|Ridgewood
45214	OH	Cincinnati
45215	OH	Cincinnati|Wyoming|Woodlawn|Reading|Lockland|Evendale|Lincoln Heights|Arlington Heights
45216	OH	Cincinnati|Elmwood Place
45217	OH	St. Bernard|Cincinnati
45218	OH	Greenhills|Cincinnati
45219	OH	Cincinnati
45220	OH	Cincinnati
45221	OH	Cincinnati
45222	OH	Cincinnati
45223	OH	Cincinnati
45224	OH	Cincinnati|North College Hill|Finneytown
45225	OH	Cincinnati
45226	OH	Cincinnati|Mariemont
45227	OH	Cincinnati|Fairfax|Mariemont|Madeira|Silverton|Madison Place|Plainville
45229	OH	Cincinnati
45230	OH	Cincinnati|Salem Heights|Fruit Hill|Sherwood|Forestville|Turpin Hills
45231	OH	Cincinnati|Mount Healthy|North College Hill|New Burlington|Finneytown|Pleasant Run|Mount Healthy Heights|Northbrook|Skyline Acres|Pleasant Hills
45232	OH	Cincinnati
45233	OH	Cincinnati|Mack|Covedale|Bridgetown
45234	OH	Cincinnati
45235	OH	Cincinnati
45236	OH	Cincinnati|Amberley|Deer Park|Silverton|Blue Ash|Reading|Kenwood|Dillonvale|Rossmoyne|Concorde Hills
45237	OH	Cincinnati|Amberley|Golf Manor|Reading
45238	OH	Cincinnati|Delhi Hills|Covedale|Delshire
45239	OH	Cincinnati|North College Hill|White Oak|Monfort Heights|Groesbeck
45240	OH	Forest Park|Cincinnati|Greenhills|Pleasant Run Farm|New Burlington
45241	OH	Cincinnati|Sharonville|Evendale|Blue Ash
45242	OH	Cincinnati|Blue Ash|Montgomery|The Village of Indian Hill|Kenwood|Rossmoyne|Remington|Concorde Hills|Brecon
45243	OH	The Village of Indian Hill|Cincinnati|Madeira|Kenwood|Concorde Hills|Plainville
45244	OH	Cincinnati|Newtown|Dry Run|Turpin Hills|Summerside|Mount Carmel
45245	OH	Cincinnati|Withamsville|Mount Carmel|Summerside
45246	OH	Springdale|Cincinnati|Glendale|Sharonville
45247	OH	Cincinnati|Taylor Creek|White Oak|Dent|Monfort Heights|Groesbeck
45248	OH	Cincinnati|Mack|Bridgetown|Dent|Miami Heights
45249	OH	Cincinnati|Montgomery|Sixteen Mile Stand|Brecon|Highpoint
45250	OH	Cincinnati
45251	OH	Cincinnati|Northgate|Groesbeck|Pleasant Run|Northbrook|Dunlap
45252	OH	Cincinnati|Dunlap|Dry Ridge
45253	OH	Cincinnati
45254	OH	Cincinnati
45255	OH	Cincinnati|Forestville|Coldstream|Cherry Grove|Withamsville
45258	OH	Cincinnati
45262	OH	Cincinnati
45263	OH	Cincinnati
45264	OH	Cincinnati
45267	OH	Cincinnati
45268	OH	Cincinnati
45269	OH	Cincinnati
45270	OH	Cincinnati
45271	OH	Cincinnati
45273	OH	Cincinnati
45274	OH	Cincinnati
45275	OH	Cincinnati
45277	OH	Cincinnati
45280	OH	Cincinnati
45296	OH	Cincinnati
45298	OH	Cincinnati
45299	OH	Cincinnati
45301	OH	Beavercreek|Alpha
45302	OH	Anna|Kettlersville|Botkins
45303	OH	Ansonia
45304	OH	Arcanum|Gordon|Castine|Ithaca
45305	OH	Bellbrook
45306	OH	Botkins
45307	OH	Bowersville
45308	OH	Bradford|Gettysburg
45309	OH	Brookville|Trotwood|Clayton
45310	OH	Burkettsville
45311	OH	Camden
45312	OH	Casstown|Christiansburg
45314	OH	Cedarville
45315	OH	Clayton|Englewood|Trotwood
45316	OH	Clifton
45317	OH	Conover|Rosewood
45318	OH	Covington
45319	OH	Donnelsville
45320	OH	Eaton|Lake Lakengren
45321	OH	Eldorado
45322	OH	Englewood|Clayton|Union
45323	OH	Enon|Green Meadows
45324	OH	Fairborn|Wright-Patterson AFB|Holiday Valley
45325	OH	Farmersville
45326	OH	Fletcher
45327	OH	Germantown
45328	OH	Gettysburg
45330	OH	Gratis
45331	OH	Greenville|Wayne Lakes
45332	OH	Hollansburg
45333	OH	Houston
45334	OH	Jackson Center
45335	OH	Jamestown|Shawnee Hills
45336	OH	Kettlersville
45337	OH	Laura
45338	OH	Lewisburg|Verona
45339	OH	Ludlow Falls|West Milton
45340	OH	Maplewood
45341	OH	Medway|Crystal Lakes|Park Layne
45342	OH	Miamisburg|Moraine|West Carrollton|Springboro|Carlisle
45343	OH	Miamisburg
45344	OH	New Carlisle|Park Layne|Brandt
45345	OH	New Lebanon
45346	OH	New Madison
45347	OH	New Paris
45348	OH	New Weston
45349	OH	North Hampton
45350	OH	North Star
45351	OH	Osgood
45352	OH	Palestine
45353	OH	Pemberton
45354	OH	Phillipsburg
45356	OH	Piqua|Lockington
45358	OH	Pitsburg
45359	OH	Pleasant Hill
45360	OH	Port Jefferson
45361	OH	Potsdam
45362	OH	Rossburg|North Star
45363	OH	Russia
45365	OH	Sidney
45367	OH	Sidney
45368	OH	South Charleston
45369	OH	South Vienna
45370	OH	Spring Valley
45371	OH	Tipp City|Huber Heights|Vandalia|Brandt
45372	OH	Tremont City
45373	OH	Troy|Tipp City
45374	OH	Troy
45377	OH	Vandalia|Dayton|Union
45378	OH	Verona
45380	OH	Versailles
45381	OH	West Alexandria
45382	OH	West Manchester
45383	OH	West Milton
45384	OH	Wilberforce
45385	OH	Xenia|Fairborn|Wilberforce
45387	OH	Yellow Springs|Clifton
45388	OH	Yorkshire
45389	OH	Christiansburg
45390	OH	Union City
45401	OH	Dayton
45402	OH	Dayton
45403	OH	Dayton
45404	OH	Dayton|Riverside
45405	OH	Dayton|Shiloh|Fort McKinley
45406	OH	Dayton|Fort McKinley
45409	OH	Dayton|Kettering|Moraine|Oakwood
45410	OH	Dayton
45412	OH	Dayton
45413	OH	Dayton
45414	OH	Dayton|Vandalia
45415	OH	Clayton|Dayton|Trotwood|Shiloh
45416	OH	Trotwood|Dayton|Fort McKinley
45417	OH	Dayton|Trotwood|Moraine|Drexel
45419	OH	Dayton|Oakwood|Kettering
45420	OH	Kettering|Dayton
45422	OH	Dayton
45423	OH	Dayton
45424	OH	Huber Heights|Dayton|Riverside
45426	OH	Trotwood|Dayton
45428	OH	Dayton
45429	OH	Kettering|Dayton|Centerville
45430	OH	Beavercreek|Dayton
45431	OH	Beavercreek|Dayton|Riverside
45432	OH	Beavercreek|Dayton|Riverside
45433	OH	Dayton|Wright-Patterson AFB
45434	OH	Beavercreek|Dayton
45435	OH	Fairborn|Dayton
45437	OH	Dayton
45439	OH	Moraine|Dayton
45440	OH	Dayton|Kettering|Beavercreek|Centerville
45441	OH	Dayton
45448	OH	Dayton
45449	OH	West Carrollton|Dayton|Miamisburg
45458	OH	Dayton|Centerville
45459	OH	Dayton|Centerville
45469	OH	Dayton
45470	OH	Dayton
45475	OH	Dayton
45479	OH	Dayton
45481	OH	Dayton
45482	OH	Dayton
45490	OH	Dayton
45501	OH	Springfield
45502	OH	Springfield|North Hampton|Northridge|Lawrenceville
45503	OH	Springfield|Northridge
45504	OH	Springfield|Lawrenceville
45505	OH	Springfield
45506	OH	Springfield
45601	OH	Chillicothe|Andersonville|Massieville|Richmond Dale
45612	OH	Bainbridge|Cynthiana
45613	OH	Beaver|Stockdale
45614	OH	Bidwell|Rio Grande
45616	OH	Blue Creek
45617	OH	Bourneville
45618	OH	Cherry Fork
45619	OH	Chesapeake
45620	OH	Cheshire
45621	OH	Coalton
45622	OH	Creola
45623	OH	Crown City|Miller
45624	OH	Cynthiana
45628	OH	Frankfort
45629	OH	Franklin Furnace
45630	OH	Friendship
45631	OH	Gallipolis|Kanauga
45633	OH	Hallsville
45634	OH	Hamden
45636	OH	Haverhill
45638	OH	Ironton|Coal Grove|Hanging Rock|Franklin Furnace
45640	OH	Jackson
45642	OH	Jasper
45643	OH	Kerr
45644	OH	Kingston
45645	OH	Kitts Hill
45646	OH	Latham
45647	OH	Londonderry
45648	OH	Lucasville|Clarktown
45650	OH	Lynx
45651	OH	Mc Arthur|McArthur
45652	OH	Mc Dermott|McDermott
45653	OH	Minford|Clarktown
45654	OH	New Plymouth
45656	OH	Oak Hill
45657	OH	Otway
45658	OH	Patriot
45659	OH	Pedro
45660	OH	Peebles|Rarden
45661	OH	Piketon
45662	OH	Portsmouth|New Boston|Rosemount|Sciotodale|Wheelersburg
45663	OH	West Portsmouth|Friendship
45669	OH	Proctorville|Athalia
45671	OH	Rarden
45672	OH	Ray
45673	OH	Richmond Dale
45674	OH	Rio Grande
45675	OH	Rock Camp
45677	OH	Scioto Furnace
45678	OH	Scottown
45679	OH	Seaman
45680	OH	South Point|Burlington
45681	OH	South Salem|Bourneville
45682	OH	South Webster
45683	OH	Stockdale
45684	OH	Stout|Rome (Stout)|Friendship
45685	OH	Thurman|Centerville (Thurman)
45686	OH	Vinton|Wilkesville|Bidwell
45687	OH	Wakefield
45688	OH	Waterloo
45690	OH	Waverly
45692	OH	Wellston|Coalton
45693	OH	West Union|Bentonville
45694	OH	Wheelersburg
45695	OH	Wilkesville
45696	OH	Willow Wood
45697	OH	Winchester|Cherry Fork
45698	OH	Zaleski
45699	OH	Lucasville
45701	OH	Athens|The Plains|New Marshfield
45710	OH	Albany
45711	OH	Amesville
45712	OH	Barlow
45713	OH	Bartlett
45714	OH	Belpre
45715	OH	Beverly
45716	OH	Buchtel|Nelsonville
45717	OH	Carbondale
45719	OH	Chauncey
45720	OH	Chester
45721	OH	Coal Run
45723	OH	Coolville|Tuppers Plains|Hockingport
45724	OH	Cutler
45727	OH	Dexter City
45729	OH	Fleming
45732	OH	Glouster|Trimble|Jacksonville
45734	OH	Graysville
45735	OH	Guysville
45739	OH	Hockingport
45740	OH	Jacksonville
45741	OH	Langsville
45742	OH	Little Hocking
45743	OH	Long Bottom
45744	OH	Lowell|Devola
45745	OH	Lower Salem
45746	OH	Macksburg
45750	OH	Marietta|Devola|Reno
45760	OH	Middleport|Rutland
45761	OH	Millfield
45764	OH	Nelsonville|Buchtel
45766	OH	New Marshfield
45767	OH	New Matamoras|Matamoras
45768	OH	Newport
45769	OH	Pomeroy
45770	OH	Portland
45771	OH	Racine|Syracuse
45772	OH	Reedsville|Tuppers Plains
45773	OH	Reno
45775	OH	Rutland
45776	OH	Shade
45777	OH	Sharpsburg
45778	OH	Stewart
45779	OH	Syracuse
45780	OH	The Plains
45782	OH	Trimble
45783	OH	Tuppers Plains
45784	OH	Vincent
45786	OH	Waterford
45787	OH	Watertown
45788	OH	Whipple
45789	OH	Wingett Run
45801	OH	Lima
45802	OH	Lima
45804	OH	Lima|Westminster
45805	OH	Lima|Fort Shawnee
45806	OH	Lima|Cridersville|Fort Shawnee|Westminster
45807	OH	Lima|Elida|Gomer
45808	OH	Beaverdam
45809	OH	Gomer
45810	OH	Ada
45812	OH	Alger|McGuffey
45813	OH	Antwerp
45814	OH	Arlington
45815	OH	Belmore
45816	OH	Benton Ridge
45817	OH	Bluffton
45819	OH	Buckland
45820	OH	Cairo
45821	OH	Cecil
45822	OH	Celina
45826	OH	Chickasaw
45827	OH	Cloverdale|Dupont
45828	OH	Coldwater
45830	OH	Columbus Grove|Beaverdam|Vaughnsville
45831	OH	Continental|Dupont
45832	OH	Convoy
45833	OH	Delphos
45835	OH	Dola
45836	OH	Dunkirk
45837	OH	Dupont
45838	OH	Elgin
45839	OH	Findlay
45840	OH	Findlay|Benton Ridge
45841	OH	Jenera
45843	OH	Forest|Patterson
45844	OH	Fort Jennings|Kalida
45845	OH	Fort Loramie|Newport
45846	OH	Fort Recovery
45848	OH	Glandorf
45849	OH	Grover Hill
45850	OH	Harrod|Westminster
45851	OH	Haviland
45853	OH	Kalida
45854	OH	Lafayette
45855	OH	Latty
45856	OH	Leipsic|West Leipsic|Belmore
45858	OH	Mc Comb|McComb
45859	OH	McGuffey|Mc Guffey
45860	OH	Maria Stein
45861	OH	Melrose
45862	OH	Mendon
45863	OH	Middle Point
45864	OH	Miller City
45865	OH	Minster|New Bremen|Maria Stein
45866	OH	Montezuma
45867	OH	Mount Blanchard
45868	OH	Mount Cory
45869	OH	New Bremen
45870	OH	New Hampshire
45871	OH	New Knoxville
45872	OH	North Baltimore|Bairdstown
45873	OH	Oakwood|Melrose
45874	OH	Ohio City
45875	OH	Ottawa|Glandorf|Gilboa
45876	OH	Ottoville
45877	OH	Pandora
45879	OH	Paulding|Broughton|Latty
45880	OH	Payne
45881	OH	Rawson
45882	OH	Rockford
45883	OH	Saint Henry|St. Henry
45884	OH	Saint Johns|St. Johns
45885	OH	Saint Marys|St. Marys
45886	OH	Scott
45887	OH	Spencerville
45888	OH	Uniopolis
45889	OH	Van Buren
45890	OH	Vanlue
45891	OH	Van Wert
45893	OH	Vaughnsville
45894	OH	Venedocia|Elgin
45895	OH	Wapakoneta|Cridersville|Buckland|New Hampshire|St. Johns
45896	OH	Waynesfield
45897	OH	Williamstown
45898	OH	Willshire
45899	OH	Wren
45999	OH	Cincinnati
46001	IN	Alexandria|Orestes
46011	IN	Anderson|Edgewood|Country Club Heights|Woodlawn Heights|River Forest
46012	IN	Anderson|Yorktown
46013	IN	Anderson
46014	IN	Anderson
46015	IN	Anderson
46016	IN	Anderson
46017	IN	Anderson|Chesterfield
46018	IN	Anderson
46030	IN	Arcadia
46031	IN	Atlanta
46032	IN	Carmel|Westfield
46033	IN	Carmel|Westfield
46034	IN	Cicero
46035	IN	Colfax
46036	IN	Elwood
46037	IN	Fishers
46038	IN	Fishers
46039	IN	Forest
46040	IN	Fortville|Fishers|Ingalls
46041	IN	Frankfort
46044	IN	Frankton
46045	IN	Goldsmith
46047	IN	Hobbs
46048	IN	Ingalls
46049	IN	Kempton
46050	IN	Kirklin
46051	IN	Lapel
46052	IN	Lebanon|Zionsville|Whitestown|Ulen
46055	IN	Mccordsville
46056	IN	Markleville
46057	IN	Michigantown
46058	IN	Mulberry
46060	IN	Noblesville
46061	IN	Noblesville
46062	IN	Noblesville|Westfield
46063	IN	Orestes
46064	IN	Pendleton|Lapel|Ingalls
46065	IN	Rossville
46067	IN	Sedalia
46068	IN	Sharpsville
46069	IN	Sheridan
46070	IN	Summitville
46071	IN	Thorntown
46072	IN	Tipton
46074	IN	Westfield|Carmel
46075	IN	Whitestown|Zionsville
46076	IN	Windfall|Windfall City
46077	IN	Zionsville|Whitestown
46082	IN	Carmel
46085	IN	Fishers
46102	IN	Advance
46103	IN	Amo
46104	IN	Arlington
46105	IN	Bainbridge
46106	IN	Bargersville
46107	IN	Beech Grove
46110	IN	Boggstown
46111	IN	Brooklyn
46112	IN	Brownsburg
46113	IN	Camby
46115	IN	Carthage
46117	IN	Charlottesville
46118	IN	Clayton
46120	IN	Cloverdale
46121	IN	Coatesville|Amo|Heritage Lake
46122	IN	Danville
46123	IN	Avon
46124	IN	Edinburgh
46125	IN	Eminence
46126	IN	Fairland
46127	IN	Falmouth
46128	IN	Fillmore|Heritage Lake
46129	IN	Finly
46130	IN	Fountaintown
46131	IN	Franklin|Bargersville
46133	IN	Glenwood
46135	IN	Greencastle|Van Bibber Lake
46140	IN	Greenfield|Cumberland|Spring Lake
46142	IN	Greenwood
46143	IN	Greenwood|Bargersville
46144	IN	Gwynneville
46146	IN	Homer
46147	IN	Jamestown
46148	IN	Knightstown
46149	IN	Lizton
46150	IN	Manilla
46151	IN	Martinsville|Bethany|Painted Hills
46154	IN	Maxwell
46155	IN	Mays
46156	IN	Milroy
46157	IN	Monrovia
46158	IN	Mooresville|Brooklyn|Monrovia
46160	IN	Morgantown
46161	IN	Morristown
46162	IN	Needham
46163	IN	New Palestine
46164	IN	Nineveh|Prince's Lakes|Cordry Sweetwater Lakes
46165	IN	North Salem
46166	IN	Paragon
46167	IN	Pittsboro
46168	IN	Plainfield|Avon
46170	IN	Putnamville
46171	IN	Reelsville
46172	IN	Roachdale
46173	IN	Rushville|Clarksburg
46175	IN	Russellville
46176	IN	Shelbyville
46180	IN	Stilesville
46181	IN	Trafalgar
46182	IN	Waldron
46183	IN	West Newton
46184	IN	Whiteland|New Whiteland|Greenwood
46186	IN	Wilkinson
46201	IN	Indianapolis
46202	IN	Indianapolis
46203	IN	Indianapolis|Beech Grove
46204	IN	Indianapolis
46205	IN	Indianapolis
46206	IN	Indianapolis
46207	IN	Indianapolis
46208	IN	Indianapolis|Rocky Ripple
46209	IN	Indianapolis
46211	IN	Indianapolis
46213	IN	Indianapolis
46214	IN	Indianapolis
46216	IN	Lawrence|Indianapolis
46217	IN	Indianapolis
46218	IN	Indianapolis
46219	IN	Indianapolis|Warren Park
46220	IN	Indianapolis|Meridian Hills
46221	IN	Indianapolis
46222	IN	Indianapolis|Speedway
46224	IN	Indianapolis|Speedway
46225	IN	Indianapolis
46226	IN	Indianapolis|Lawrence
46227	IN	Indianapolis|Southport|Homecroft
46228	IN	Indianapolis|Crows Nest|Wynnedale|Spring Hill|North Crows Nest
46229	IN	Indianapolis|Cumberland
46230	IN	Indianapolis
46231	IN	Indianapolis|Plainfield
46234	IN	Indianapolis|Brownsburg|Clermont|Avon
46235	IN	Indianapolis|Lawrence
46236	IN	Lawrence|Indianapolis
46237	IN	Indianapolis
46239	IN	Indianapolis
46240	IN	Indianapolis|Meridian Hills|Williams Creek
46241	IN	Indianapolis
46242	IN	Indianapolis
46244	IN	Indianapolis
46247	IN	Indianapolis
46249	IN	Indianapolis
46250	IN	Indianapolis
46251	IN	Indianapolis
46253	IN	Indianapolis
46254	IN	Indianapolis
46255	IN	Indianapolis
46256	IN	Indianapolis|Fishers
46259	IN	Indianapolis
46260	IN	Indianapolis|Meridian Hills
46262	IN	Indianapolis
46266	IN	Indianapolis
46268	IN	Indianapolis
46274	IN	Indianapolis
46275	IN	Indianapolis
46277	IN	Indianapolis
46278	IN	Indianapolis
46280	IN	Carmel|Indianapolis
46282	IN	Indianapolis
46283	IN	Indianapolis
46285	IN	Indianapolis
46288	IN	Indianapolis
46290	IN	Carmel|Indianapolis
46291	IN	Indianapolis
46295	IN	Indianapolis
46296	IN	Indianapolis
46298	IN	Indianapolis
46301	IN	Beverly Shores|Town of Pines
46302	IN	Boone Grove
46303	IN	Cedar Lake
46304	IN	Chesterton|Burns Harbor|Porter|Dune Acres
46307	IN	Crown Point|Winfield|Merrillville|Schererville|St. John|Cedar Lake|Lakes of the Four Seasons|Lake Dalecarlia
46308	IN	Crown Point
46310	IN	Demotte|De Motte|Roselawn
46311	IN	Dyer|St. John
46312	IN	East Chicago
46319	IN	Griffith
46320	IN	Hammond
46321	IN	Munster
46322	IN	Highland
46323	IN	Hammond
46324	IN	Hammond
46325	IN	Hammond
46327	IN	Hammond
46340	IN	Hanna
46341	IN	Hebron
46342	IN	Hobart|New Chicago|Wheeler
46345	IN	Kingsbury
46346	IN	Kingsford Heights
46347	IN	Kouts
46348	IN	La Crosse
46349	IN	Lake Village
46350	IN	La Porte|Kingsbury
46352	IN	La Porte
46355	IN	Leroy
46356	IN	Lowell|Shelby|Lake Dalecarlia
46360	IN	Michigan City|Town of Pines|Trail Creek|Long Beach|Michiana Shores|Pottawattamie Park
46361	IN	Michigan City
46365	IN	Mill Creek
46366	IN	North Judson
46368	IN	Portage|Ogden Dunes
46371	IN	Rolling Prairie
46372	IN	Roselawn
46373	IN	St. John|Saint John
46374	IN	San Pierre
46375	IN	Schererville
46376	IN	Schneider
46377	IN	Shelby
46379	IN	Sumava Resorts
46380	IN	Tefft
46381	IN	Thayer
46382	IN	Union Mills
46383	IN	Valparaiso
46384	IN	Valparaiso
46385	IN	Valparaiso|Shorewood Forest|Aberdeen|South Haven|Salt Creek Commons
46390	IN	Wanatah
46391	IN	Westville
46392	IN	Wheatfield
46393	IN	Wheeler
46394	IN	Hammond|Whiting
46401	IN	Gary
46402	IN	Gary
46403	IN	Gary|Portage
46404	IN	Gary
46405	IN	Lake Station|Gary|New Chicago
46406	IN	Gary|Griffith
46407	IN	Gary
46408	IN	Gary
46409	IN	Gary
46410	IN	Merrillville|Hobart
46411	IN	Merrillville
46501	IN	Argos
46502	IN	Atwood
46504	IN	Bourbon
46506	IN	Bremen
46507	IN	Bristol
46508	IN	Burket
46510	IN	Claypool|Sidney
46511	IN	Culver
46513	IN	Donaldson
46514	IN	Elkhart|Simonton Lake
46515	IN	Elkhart
46516	IN	Elkhart|Dunlap
46517	IN	Elkhart|Dunlap
46524	IN	Etna Green
46526	IN	Goshen
46527	IN	Goshen
46528	IN	Goshen
46530	IN	Granger|Mishawaka
46531	IN	Grovertown
46532	IN	Hamlet
46534	IN	Knox|Bass Lake
46536	IN	Lakeville
46537	IN	La Paz|Lapaz
46538	IN	Leesburg
46539	IN	Mentone
46540	IN	Middlebury
46542	IN	Milford
46543	IN	Millersburg
46544	IN	Mishawaka
46545	IN	Mishawaka|Granger
46546	IN	Mishawaka
46550	IN	Nappanee
46552	IN	New Carlisle|Hudson Lake
46553	IN	New Paris
46554	IN	North Liberty
46555	IN	North Webster
46556	IN	Notre Dame
46561	IN	Osceola|Granger
46562	IN	Pierceton|Sidney
46563	IN	Plymouth|La Paz
46565	IN	Shipshewana
46567	IN	Syracuse
46570	IN	Tippecanoe
46571	IN	Topeka
46572	IN	Tyner
46573	IN	Wakarusa
46574	IN	Walkerton|Koontz Lake|Fish Lake
46580	IN	Warsaw
46581	IN	Warsaw
46582	IN	Warsaw
46590	IN	Winona Lake
46595	IN	Wyatt
46601	IN	South Bend
46613	IN	South Bend
46614	IN	South Bend
46615	IN	South Bend
46616	IN	South Bend
46617	IN	South Bend
46619	IN	South Bend
46624	IN	South Bend
46626	IN	South Bend
46628	IN	South Bend
46634	IN	South Bend
46635	IN	South Bend|Granger
46637	IN	South Bend|Roseland|Indian Village|Notre Dame
46660	IN	South Bend
46680	IN	South Bend
46699	IN	South Bend
46701	IN	Albion
46702	IN	Andrews
46703	IN	Angola
46704	IN	Arcola
46705	IN	Ashley
46706	IN	Auburn|Garrett
46710	IN	Avilla
46711	IN	Berne
46713	IN	Bippus
46714	IN	Bluffton|Vera Cruz
46721	IN	Butler
46723	IN	Churubusco
46725	IN	Columbia City|Tri-Lakes
46730	IN	Corunna
46731	IN	Craigville
46732	IN	Cromwell
46733	IN	Decatur
46737	IN	Fremont|Clear Lake
46738	IN	Garrett|Altona
46740	IN	Geneva
46741	IN	Grabill|Harlan
46742	IN	Hamilton
46743	IN	Harlan
46745	IN	Hoagland
46746	IN	Howe
46747	IN	Hudson
46748	IN	Huntertown
46750	IN	Huntington|Mount Etna
46755	IN	Kendallville
46759	IN	Keystone
46760	IN	Kimmell
46761	IN	Lagrange
46763	IN	Laotto
46764	IN	Larwill
46765	IN	Leo|Leo-Cedarville
46766	IN	Liberty Center
46767	IN	Ligonier|Kimmell
46769	IN	Linn Grove
46770	IN	Markle|Zanesville
46771	IN	Mongo
46772	IN	Monroe
46773	IN	Monroeville
46774	IN	New Haven
46776	IN	Orland
46777	IN	Ossian
46778	IN	Petroleum
46779	IN	Pleasant Lake
46780	IN	Pleasant Mills
46781	IN	Poneto
46782	IN	Preble
46783	IN	Roanoke|Zanesville
46784	IN	Rome City
46785	IN	Saint Joe|St. Joe
46786	IN	South Milford
46787	IN	South Whitley
46788	IN	Spencerville|Leo-Cedarville
46789	IN	Stroh
46791	IN	Uniondale
46792	IN	Warren|Mount Etna
46793	IN	Waterloo
46794	IN	Wawaka
46795	IN	Wolcottville
46796	IN	Wolflake
46797	IN	Woodburn
46798	IN	Yoder
46799	IN	Zanesville
46801	IN	Fort Wayne
46802	IN	Fort Wayne
46803	IN	Fort Wayne|New Haven
46804	IN	Fort Wayne
46805	IN	Fort Wayne
46806	IN	Fort Wayne|New Haven
46807	IN	Fort Wayne
46808	IN	Fort Wayne
46809	IN	Fort Wayne
46814	IN	Fort Wayne
46815	IN	Fort Wayne
46816	IN	Fort Wayne
46818	IN	Fort Wayne|Huntertown
46819	IN	Fort Wayne
46825	IN	Fort Wayne
46835	IN	Fort Wayne
46845	IN	Fort Wayne|Huntertown|Leo-Cedarville
46850	IN	Fort Wayne
46851	IN	Fort Wayne
46852	IN	Fort Wayne
46853	IN	Fort Wayne
46854	IN	Fort Wayne
46855	IN	Fort Wayne
46856	IN	Fort Wayne
46857	IN	Fort Wayne
46858	IN	Fort Wayne
46859	IN	Fort Wayne
46860	IN	Fort Wayne
46861	IN	Fort Wayne
46862	IN	Fort Wayne
46863	IN	Fort Wayne
46864	IN	Fort Wayne
46865	IN	Fort Wayne
46866	IN	Fort Wayne
46867	IN	Fort Wayne
46868	IN	Fort Wayne
46869	IN	Fort Wayne
46885	IN	Fort Wayne
46895	IN	Fort Wayne
46896	IN	Fort Wayne
46897	IN	Fort Wayne
46898	IN	Fort Wayne
46899	IN	Fort Wayne
46901	IN	Kokomo
46902	IN	Kokomo
46903	IN	Kokomo
46904	IN	Kokomo
46910	IN	Akron
46911	IN	Amboy
46912	IN	Athens
46913	IN	Bringhurst|Flora|Burlington
46914	IN	Bunker Hill|Grissom AFB
46915	IN	Burlington
46916	IN	Burrows
46917	IN	Camden|Deer Creek|Burrows
46919	IN	Converse|Mier
46920	IN	Cutler
46921	IN	Deedsville
46922	IN	Delong
46923	IN	Delphi|Rockfield|Burrows
46926	IN	Denver
46928	IN	Fairmount|Matthews|Point Isabel
46929	IN	Flora|Bringhurst
46930	IN	Fowlerton
46931	IN	Fulton
46932	IN	Galveston|Grissom AFB
46933	IN	Gas City
46935	IN	Grass Creek
46936	IN	Greentown
46937	IN	Hemlock
46938	IN	Jonesboro
46939	IN	Kewanna
46940	IN	La Fontaine|Somerset
46941	IN	Lagro
46942	IN	Lake Cicott
46943	IN	Laketon
46945	IN	Leiters Ford
46946	IN	Liberty Mills
46947	IN	Logansport
46950	IN	Lucerne
46951	IN	Macy
46952	IN	Marion|Sweetser|Jalapa
46953	IN	Marion|Gas City|Herbst
46957	IN	Matthews
46958	IN	Mexico
46959	IN	Miami
46960	IN	Monterey
46961	IN	New Waverly
46962	IN	North Manchester|Laketon
46965	IN	Kokomo|Oakford
46967	IN	Onward
46968	IN	Ora
46970	IN	Peru|Mexico|Grissom AFB
46971	IN	Grissom Arb|Grissom AFB
46974	IN	Roann
46975	IN	Rochester|Fulton
46977	IN	Rockfield
46978	IN	Royal Center
46979	IN	Russiaville
46980	IN	Servia
46982	IN	Silver Lake
46984	IN	Somerset
46985	IN	Star City
46986	IN	Swayzee|Sims
46987	IN	Sweetser
46988	IN	Twelve Mile
46989	IN	Upland
46990	IN	Urbana
46991	IN	Van Buren|Landess
46992	IN	Wabash|Lagro
46994	IN	Walton|Onward
46995	IN	West Middleton
46996	IN	Winamac
46998	IN	Young America
47001	IN	Aurora
47003	IN	West College Corner
47006	IN	Batesville|Oldenburg|Napoleon
47010	IN	Bath
47011	IN	Bennington
47012	IN	Brookville|St. Leon|Mount Carmel
47016	IN	Cedar Grove
47017	IN	Cross Plains
47018	IN	Dillsboro
47019	IN	East Enterprise
47020	IN	Florence
47021	IN	Friendship
47022	IN	Guilford
47023	IN	Holton
47024	IN	Laurel
47025	IN	Lawrenceburg|Greendale|Bright|Hidden Valley
47030	IN	Metamora
47031	IN	Milan
47032	IN	Moores Hill
47033	IN	Morris
47034	IN	Napoleon
47035	IN	New Trenton
47036	IN	Oldenburg
47037	IN	Osgood|Napoleon
47038	IN	Patriot
47039	IN	Pierceville
47040	IN	Rising Sun|East Enterprise
47041	IN	Sunman
47042	IN	Versailles
47043	IN	Vevay|East Enterprise
47060	IN	West Harrison|St. Leon|Bright|New Trenton
47102	IN	Austin
47104	IN	Bethlehem
47106	IN	Borden
47107	IN	Bradford
47108	IN	Campbellsburg|Saltillo|Livonia
47110	IN	Central|New Amsterdam
47111	IN	Charlestown|Jeffersonville
47112	IN	Corydon
47114	IN	Crandall
47115	IN	Depauw|Milltown
47116	IN	Eckerty
47117	IN	Elizabeth
47118	IN	English
47119	IN	Floyds Knobs|Galena
47120	IN	Fredericksburg
47122	IN	Georgetown
47123	IN	Grantsburg
47124	IN	Greenville|Galena
47125	IN	Hardinsburg
47126	IN	Henryville
47129	IN	Clarksville
47130	IN	Jeffersonville|Utica
47131	IN	Jeffersonville
47132	IN	Jeffersonville
47133	IN	Jeffersonville
47134	IN	Jeffersonville
47135	IN	Laconia
47136	IN	Lanesville
47137	IN	Leavenworth|Alton
47138	IN	Lexington|Kent
47140	IN	Marengo
47141	IN	Marysville
47142	IN	Mauckport
47143	IN	Memphis|Henryville
47144	IN	Jeffersonville
47145	IN	Milltown
47146	IN	Mount Saint Francis
47147	IN	Nabb|New Washington
47150	IN	New Albany
47151	IN	New Albany
47160	IN	New Middletown
47161	IN	New Salisbury
47162	IN	New Washington
47163	IN	Otisco
47164	IN	Palmyra
47165	IN	Pekin|New Pekin
47166	IN	Ramsey
47167	IN	Salem
47170	IN	Scottsburg|Little York
47172	IN	Sellersburg|Clarksville|Jeffersonville
47174	IN	Sulphur
47175	IN	Taswell
47177	IN	Underwood
47190	IN	Jeffersonville
47199	IN	Jeffersonville
47201	IN	Columbus
47202	IN	Columbus
47203	IN	Columbus
47220	IN	Brownstown
47223	IN	Butlerville
47224	IN	Canaan
47225	IN	Clarksburg
47226	IN	Clifford
47227	IN	Commiskey
47228	IN	Cortland
47229	IN	Crothersville
47230	IN	Deputy
47231	IN	Dupont
47232	IN	Elizabethtown
47234	IN	Flat Rock
47235	IN	Freetown
47236	IN	Grammer
47240	IN	Greensburg|Millhousen|New Point|Lake Santee|Clarksburg
47243	IN	Hanover
47244	IN	Hartsville
47245	IN	Hayden
47246	IN	Hope
47247	IN	Jonesville
47249	IN	Kurtz
47250	IN	Madison|Brooksburg|Canaan|Kent
47260	IN	Medora
47261	IN	Millhousen
47263	IN	New Point
47264	IN	Norman
47265	IN	North Vernon|Country Squire Lakes|Hayden
47270	IN	Paris Crossing
47272	IN	Saint Paul|St. Paul
47273	IN	Scipio
47274	IN	Seymour
47280	IN	Taylorsville
47281	IN	Vallonia
47282	IN	Vernon
47283	IN	Westport
47302	IN	Muncie|Selma
47303	IN	Muncie|Eaton
47304	IN	Muncie|Yorktown
47305	IN	Muncie
47306	IN	Muncie
47307	IN	Muncie
47308	IN	Muncie
47320	IN	Albany
47322	IN	Bentonville
47324	IN	Boston
47325	IN	Brownsville
47326	IN	Bryant
47327	IN	Cambridge City|Mount Auburn|Dublin|East Germantown|Milton
47330	IN	Centerville
47331	IN	Connersville
47334	IN	Daleville|Yorktown|Chesterfield
47335	IN	Dublin
47336	IN	Dunkirk
47337	IN	Dunreith
47338	IN	Eaton
47339	IN	Economy
47340	IN	Farmland
47341	IN	Fountain City
47342	IN	Gaston
47344	IN	Greensboro
47345	IN	Greens Fork
47346	IN	Hagerstown|Economy
47348	IN	Hartford City|Shamrock Lakes
47351	IN	Kennard
47352	IN	Lewisville
47353	IN	Liberty
47354	IN	Losantville|Blountsville
47355	IN	Lynn
47356	IN	Middletown|Sulphur Springs
47357	IN	Milton
47358	IN	Modoc
47359	IN	Montpelier
47360	IN	Mooreland
47361	IN	Mount Summit
47362	IN	New Castle|Cadiz|Mount Summit|Spiceland
47366	IN	New Lisbon
47367	IN	Oakville
47368	IN	Parker City
47369	IN	Pennville
47370	IN	East Germantown|Pershing
47371	IN	Portland|Salamonia
47373	IN	Redkey
47374	IN	Richmond|Spring Grove|Whitewater
47375	IN	Richmond
47380	IN	Ridgeville
47381	IN	Salamonia
47382	IN	Saratoga
47383	IN	Selma
47384	IN	Shirley|Kennard
47385	IN	Spiceland|Dunreith
47386	IN	Springport
47387	IN	Straughn
47388	IN	Sulphur Springs
47390	IN	Union City
47392	IN	Webster
47393	IN	Williamsburg
47394	IN	Winchester|Saratoga
47396	IN	Yorktown
47401	IN	Bloomington|Smithville-Sanders
47402	IN	Bloomington
47403	IN	Bloomington|Harrodsburg
47404	IN	Bloomington|Ellettsville
47405	IN	Bloomington
47406	IN	Bloomington
47407	IN	Bloomington
47408	IN	Bloomington
47420	IN	Avoca
47421	IN	Bedford|Avoca
47424	IN	Bloomfield|Owensburg|Scotland
47426	IN	Clear Creek
47427	IN	Coal City
47429	IN	Ellettsville
47431	IN	Freedom
47432	IN	French Lick
47433	IN	Gosport
47434	IN	Harrodsburg
47435	IN	Helmsburg
47436	IN	Heltonville
47437	IN	Huron
47438	IN	Jasonville|Coalmont
47439	IN	Koleen
47441	IN	Linton
47443	IN	Lyons
47445	IN	Midland
47446	IN	Mitchell
47448	IN	Nashville
47449	IN	Newberry|Scotland
47451	IN	Oolitic
47452	IN	Orleans
47453	IN	Owensburg
47454	IN	Paoli
47455	IN	Patricksburg
47456	IN	Quincy
47457	IN	Scotland
47458	IN	Smithville|Smithville-Sanders
47459	IN	Solsberry
47460	IN	Spencer
47462	IN	Springville|Owensburg|Harrodsburg|Avoca
47463	IN	Stanford
47464	IN	Stinesville
47465	IN	Switz City
47467	IN	Tunnelton
47468	IN	Unionville
47469	IN	West Baden Springs
47470	IN	Williams
47471	IN	Worthington
47501	IN	Washington
47512	IN	Bicknell|Ragsdale
47513	IN	Birdseye
47514	IN	Branchville
47515	IN	Bristow
47516	IN	Bruceville|Emison
47519	IN	Cannelburg
47520	IN	Cannelton
47521	IN	Celestine
47522	IN	Crane
47523	IN	Dale|Santa Claus
47524	IN	Decker
47525	IN	Derby
47527	IN	Dubois
47528	IN	Edwardsport|Freelandville
47529	IN	Elnora
47531	IN	Evanston
47532	IN	Ferdinand
47535	IN	Freelandville
47536	IN	Fulda
47537	IN	Gentryville
47541	IN	Holland
47542	IN	Huntingburg
47545	IN	Ireland
47546	IN	Jasper
47547	IN	Jasper
47549	IN	Jasper
47550	IN	Lamar
47551	IN	Leopold
47552	IN	Lincoln City
47553	IN	Loogootee|Alfordsville|Burns City
47556	IN	Mariah Hill
47557	IN	Monroe City
47558	IN	Montgomery
47561	IN	Oaktown|Emison
47562	IN	Odon|Raglesville
47564	IN	Otwell
47567	IN	Petersburg
47568	IN	Plainville
47573	IN	Ragsdale
47574	IN	Rome
47575	IN	Saint Anthony
47576	IN	Saint Croix
47577	IN	Saint Meinrad|St. Meinrad
47578	IN	Sandborn
47579	IN	Santa Claus
47580	IN	Schnellville
47581	IN	Shoals|Dover Hill
47584	IN	Spurgeon
47585	IN	Stendal
47586	IN	Tell City
47588	IN	Troy
47590	IN	Velpen
47591	IN	Vincennes
47596	IN	Westphalia
47597	IN	Wheatland
47598	IN	Winslow
47601	IN	Boonville|Chandler
47610	IN	Chandler
47611	IN	Chrisney
47612	IN	Cynthiana
47613	IN	Elberfeld
47615	IN	Grandview
47616	IN	Griffin
47617	IN	Hatfield
47618	IN	Inglefield
47619	IN	Lynnville
47620	IN	Mount Vernon
47629	IN	Newburgh
47630	IN	Newburgh
47631	IN	New Harmony
47633	IN	Poseyville
47634	IN	Richland|Hatfield
47635	IN	Rockport
47637	IN	Tennyson
47638	IN	Wadesville|Parkers Settlement
47639	IN	Haubstadt
47640	IN	Hazleton
47647	IN	Buckskin
47648	IN	Fort Branch
47649	IN	Francisco
47654	IN	Mackey
47660	IN	Oakland City|Somerville|Mackey|Spurgeon
47665	IN	Owensville
47666	IN	Patoka
47670	IN	Princeton
47683	IN	Somerville
47701	IN	Evansville
47702	IN	Evansville
47703	IN	Evansville
47704	IN	Evansville
47705	IN	Evansville
47706	IN	Evansville
47708	IN	Evansville
47710	IN	Evansville|Highland
47711	IN	Evansville|Melody Hill|Highland
47712	IN	Evansville|Parkers Settlement
47713	IN	Evansville
47714	IN	Evansville
47715	IN	Evansville
47716	IN	Evansville
47719	IN	Evansville
47720	IN	Evansville|Darmstadt
47721	IN	Evansville
47722	IN	Evansville
47724	IN	Evansville
47725	IN	Evansville|Darmstadt
47728	IN	Evansville
47730	IN	Evansville
47731	IN	Evansville
47732	IN	Evansville
47733	IN	Evansville
47734	IN	Evansville
47735	IN	Evansville
47736	IN	Evansville
47737	IN	Evansville
47740	IN	Evansville
47747	IN	Evansville
47750	IN	Evansville
47801	IN	Terre Haute
47802	IN	Terre Haute
47803	IN	Terre Haute|Seelyville
47804	IN	Terre Haute
47805	IN	Terre Haute|North Terre Haute|Fontanet
47807	IN	Terre Haute
47808	IN	Terre Haute
47809	IN	Terre Haute
47830	IN	Bellmore
47831	IN	Blanford
47832	IN	Bloomingdale
47833	IN	Bowling Green
47834	IN	Brazil|Harmony|Knightsville|Staunton|Fontanet
47836	IN	Bridgeton
47837	IN	Carbon
47838	IN	Carlisle
47840	IN	Centerpoint|Center Point
47841	IN	Clay City
47842	IN	Clinton|Fairview Park|Universal|St. Bernice|Blanford|Shepardsville
47845	IN	Coalmont
47846	IN	Cory
47847	IN	Dana
47848	IN	Dugger
47849	IN	Fairbanks
47850	IN	Farmersburg
47851	IN	Fontanet
47852	IN	Graysville
47853	IN	Harmony
47854	IN	Hillsdale
47855	IN	Hymera
47857	IN	Knightsville
47858	IN	Lewis
47859	IN	Marshall
47860	IN	Mecca
47861	IN	Merom
47862	IN	Montezuma
47863	IN	New Goshen
47865	IN	Paxton
47866	IN	Pimento
47868	IN	Poland
47869	IN	Prairie Creek
47870	IN	Prairieton
47871	IN	Riley
47872	IN	Rockville|Mecca
47874	IN	Rosedale|Fontanet
47875	IN	Saint Bernice|St. Bernice
47876	IN	Saint Mary Of The Woods|St. Mary of the Woods
47878	IN	Seelyville
47879	IN	Shelburn
47880	IN	Shepardsville
47881	IN	Staunton
47882	IN	Sullivan
47884	IN	Universal
47885	IN	West Terre Haute|Tecumseh|New Goshen|St. Mary of the Woods|Toad Hop|Shepardsville|Dresser
47901	IN	Lafayette
47902	IN	Lafayette
47903	IN	Lafayette
47904	IN	Lafayette
47905	IN	Lafayette|Dayton|Americus|Colburn
47906	IN	West Lafayette|Battle Ground|Otterbein|Montmorenci|Green Hill
47907	IN	West Lafayette
47909	IN	Lafayette|Shadeland|Stockwell
47916	IN	Alamo
47917	IN	Ambia|Tab
47918	IN	Attica|Kramer|Rainsville|Independence
47920	IN	Battle Ground
47921	IN	Boswell
47922	IN	Brook
47923	IN	Brookston
47924	IN	Buck Creek
47925	IN	Buffalo
47926	IN	Burnettsville
47928	IN	Cayuga
47929	IN	Chalmers
47930	IN	Clarks Hill|Stockwell
47932	IN	Covington|Foster
47933	IN	Crawfordsville|New Market|Lake Holiday
47940	IN	Darlington
47941	IN	Dayton
47942	IN	Earl Park|Raub
47943	IN	Fair Oaks
47944	IN	Fowler
47946	IN	Francesville
47948	IN	Goodland
47949	IN	Hillsboro|Wallace
47950	IN	Idaville
47951	IN	Kentland
47952	IN	Kingman
47954	IN	Ladoga
47955	IN	Linden
47957	IN	Medaryville
47958	IN	Mellott
47959	IN	Monon
47960	IN	Monticello|Buffalo|Norway
47962	IN	Montmorenci
47963	IN	Morocco
47964	IN	Mount Ayr
47965	IN	New Market
47966	IN	Newport
47967	IN	New Richmond
47968	IN	New Ross
47969	IN	Newtown
47970	IN	Otterbein|Green Hill
47971	IN	Oxford|Templeton
47974	IN	Perrysville
47975	IN	Pine Village
47977	IN	Remington
47978	IN	Rensselaer|Mount Ayr|Collegeville
47980	IN	Reynolds
47981	IN	Romney
47982	IN	State Line City|State Line
47983	IN	Stockwell
47984	IN	Talbot
47986	IN	Templeton
47987	IN	Veedersburg|Mellott
47988	IN	Wallace
47989	IN	Waveland
47990	IN	Waynetown
47991	IN	West Lebanon
47992	IN	Westpoint|West Point
47993	IN	Williamsport|State Line City|Pence|Marshfield|Judyville|Hedrick
47994	IN	Wingate|Newtown
47995	IN	Wolcott
47996	IN	West Lafayette
47997	IN	Yeoman
48001	MI	Algonac|Pearl Beach
48002	MI	Allenton
48003	MI	Almont
48004	MI	Anchorville
48005	MI	Armada
48006	MI	Avoca
48007	MI	Troy
48009	MI	Birmingham
48012	MI	Birmingham
48014	MI	Capac
48015	MI	Center Line
48017	MI	Clawson
48021	MI	Eastpointe
48022	MI	Emmett
48023	MI	Fair Haven
48025	MI	Beverly Hills|Franklin|Bingham Farms
48026	MI	Fraser
48027	MI	Goodells
48028	MI	Harsens Island
48030	MI	Hazel Park
48032	MI	Jeddo
48033	MI	Southfield
48034	MI	Southfield
48035	MI	Clinton Township
48036	MI	Clinton Township
48037	MI	Southfield
48038	MI	Clinton Township
48039	MI	Marine City
48040	MI	Marysville
48041	MI	Memphis
48042	MI	Macomb
48043	MI	Mount Clemens
48044	MI	Macomb
48045	MI	Harrison Township
48046	MI	Mount Clemens
48047	MI	New Baltimore
48048	MI	New Haven
48049	MI	North Street|Ruby
48050	MI	New Haven
48051	MI	New Baltimore
48054	MI	East China
48059	MI	Fort Gratiot|Lakeport
48060	MI	Port Huron
48061	MI	Port Huron
48062	MI	Richmond
48063	MI	Columbus
48064	MI	Casco
48065	MI	Romeo
48066	MI	Roseville
48067	MI	Royal Oak
48068	MI	Royal Oak
48069	MI	Pleasant Ridge
48070	MI	Huntington Woods
48071	MI	Madison Heights
48072	MI	Berkley
48073	MI	Royal Oak|Berkley
48074	MI	Smiths Creek
48075	MI	Southfield
48076	MI	Southfield|Lathrup Village
48079	MI	Saint Clair|St. Clair
48080	MI	St. Clair Shores|Saint Clair Shores
48081	MI	St. Clair Shores|Saint Clair Shores
48082	MI	St. Clair Shores|Saint Clair Shores
48083	MI	Troy
48084	MI	Troy
48085	MI	Troy
48086	MI	Southfield
48088	MI	Warren
48089	MI	Warren
48090	MI	Warren
48091	MI	Warren
48092	MI	Warren
48093	MI	Warren
48094	MI	Washington
48095	MI	Washington
48096	MI	Ray
48097	MI	Yale
48098	MI	Troy
48099	MI	Troy
48101	MI	Allen Park
48103	MI	Ann Arbor
48104	MI	Ann Arbor
48105	MI	Ann Arbor|Barton Hills
48106	MI	Ann Arbor
48107	MI	Ann Arbor
48108	MI	Ann Arbor
48109	MI	Ann Arbor
48110	MI	Azalia
48111	MI	Belleville
48112	MI	Belleville
48113	MI	Ann Arbor
48114	MI	Brighton
48115	MI	Bridgewater
48116	MI	Brighton
48117	MI	Carleton
48118	MI	Chelsea
48120	MI	Dearborn
48121	MI	Dearborn
48122	MI	Melvindale
48123	MI	Dearborn
48124	MI	Dearborn
48125	MI	Dearborn Heights
48126	MI	Dearborn
48127	MI	Dearborn Heights
48128	MI	Dearborn
48130	MI	Dexter
48131	MI	Dundee
48133	MI	Erie|Luna Pier
48134	MI	Flat Rock
48135	MI	Garden City
48136	MI	Garden City
48137	MI	Gregory
48138	MI	Grosse Ile
48139	MI	Hamburg
48140	MI	Ida
48141	MI	Inkster
48143	MI	Lakeland
48144	MI	Lambertville
48145	MI	La Salle
48146	MI	Lincoln Park
48150	MI	Livonia
48151	MI	Livonia
48152	MI	Livonia
48153	MI	Livonia
48154	MI	Livonia
48157	MI	Luna Pier
48158	MI	Manchester
48159	MI	Maybee
48160	MI	Milan
48161	MI	Monroe|South Monroe|West Monroe
48162	MI	Monroe|Maybee|Detroit Beach|Woodland Beach
48164	MI	New Boston
48165	MI	New Hudson
48166	MI	Newport|Estral Beach|Stony Point
48167	MI	Northville|Novi|Farmington Hills
48168	MI	Northville
48169	MI	Pinckney
48170	MI	Plymouth
48173	MI	Rockwood|Gibraltar|Flat Rock
48174	MI	Romulus
48175	MI	Salem
48176	MI	Saline
48177	MI	Samaria
48178	MI	South Lyon|Whitmore Lake
48179	MI	South Rockwood
48180	MI	Taylor
48182	MI	Temperance|Lambertville
48183	MI	Trenton|Woodhaven
48184	MI	Wayne
48185	MI	Westland
48186	MI	Westland
48187	MI	Canton
48188	MI	Canton
48189	MI	Whitmore Lake
48190	MI	Whittaker
48191	MI	Willis
48192	MI	Wyandotte
48193	MI	Riverview
48195	MI	Southgate
48197	MI	Ypsilanti
48198	MI	Ypsilanti
48201	MI	Detroit
48202	MI	Detroit
48203	MI	Detroit|Highland Park
48204	MI	Detroit
48205	MI	Detroit
48206	MI	Detroit
48207	MI	Detroit
48208	MI	Detroit
48209	MI	Detroit
48210	MI	Detroit
48211	MI	Detroit|Hamtramck
48212	MI	Detroit|Hamtramck
48213	MI	Detroit
48214	MI	Detroit
48215	MI	Detroit
48216	MI	Detroit
48217	MI	Detroit
48218	MI	River Rouge
48219	MI	Detroit
48220	MI	Ferndale
48221	MI	Detroit
48222	MI	Detroit
48223	MI	Detroit
48224	MI	Detroit
48225	MI	Harper Woods
48226	MI	Detroit
48227	MI	Detroit
48228	MI	Detroit
48229	MI	Ecorse
48230	MI	Grosse Pointe Park|Grosse Pointe
48231	MI	Detroit
48232	MI	Detroit
48233	MI	Detroit
48234	MI	Detroit
48235	MI	Detroit
48236	MI	Grosse Pointe|Grosse Pointe Woods|Grosse Pointe Farms|Village of Grosse Pointe Shores
48237	MI	Oak Park
48238	MI	Detroit
48239	MI	Redford|Detroit
48240	MI	Redford
48242	MI	Romulus|Detroit
48243	MI	Detroit
48244	MI	Detroit
48255	MI	Detroit
48260	MI	Detroit
48264	MI	Detroit
48265	MI	Detroit
48266	MI	Detroit
48267	MI	Detroit
48268	MI	Detroit
48269	MI	Detroit
48272	MI	Detroit
48275	MI	Detroit
48277	MI	Detroit
48278	MI	Detroit
48279	MI	Detroit
48288	MI	Detroit
48301	MI	Bloomfield Hills
48302	MI	Bloomfield Hills
48303	MI	Bloomfield Hills
48304	MI	Bloomfield Hills
48306	MI	Rochester|Rochester Hills
48307	MI	Rochester Hills|Rochester
48308	MI	Rochester
48309	MI	Rochester Hills|Rochester
48310	MI	Sterling Heights
48311	MI	Sterling Heights
48312	MI	Sterling Heights
48313	MI	Sterling Heights
48314	MI	Sterling Heights
48315	MI	Utica
48316	MI	Utica
48317	MI	Utica
48318	MI	Utica
48320	MI	Keego Harbor|Sylvan Lake|Orchard Lake Village
48321	MI	Auburn Hills
48322	MI	West Bloomfield
48323	MI	West Bloomfield|Orchard Lake Village
48324	MI	West Bloomfield|Orchard Lake Village|Sylvan Lake
48325	MI	West Bloomfield
48326	MI	Auburn Hills|Lake Angelus
48327	MI	Waterford
48328	MI	Waterford
48329	MI	Waterford
48330	MI	Drayton Plains
48331	MI	Farmington Hills|Farmington
48332	MI	Farmington
48333	MI	Farmington
48334	MI	Farmington Hills|Farmington
48335	MI	Farmington Hills|Farmington
48336	MI	Farmington Hills|Farmington
48340	MI	Pontiac
48341	MI	Pontiac|Sylvan Lake
48342	MI	Pontiac
48343	MI	Pontiac
48346	MI	Clarkston|Village of Clarkston
48347	MI	Clarkston
48348	MI	Clarkston
48350	MI	Davisburg
48353	MI	Hartland
48356	MI	Highland
48357	MI	Highland
48359	MI	Lake Orion
48360	MI	Lake Orion
48361	MI	Lake Orion
48362	MI	Lake Orion
48363	MI	Oakland
48366	MI	Lakeville
48367	MI	Leonard
48370	MI	Oxford
48371	MI	Oxford
48374	MI	Novi
48375	MI	Novi
48376	MI	Novi
48377	MI	Novi
48380	MI	Milford
48381	MI	Milford
48382	MI	Commerce Township
48383	MI	White Lake
48386	MI	White Lake
48387	MI	Union Lake
48390	MI	Walled Lake|Wolverine Lake
48391	MI	Walled Lake
48393	MI	Wixom
48397	MI	Warren
48401	MI	Applegate
48410	MI	Argyle
48411	MI	Atlas
48412	MI	Attica
48413	MI	Bad Axe
48414	MI	Bancroft
48415	MI	Birch Run
48416	MI	Brown City
48417	MI	Burt
48418	MI	Byron
48419	MI	Carsonville
48420	MI	Clio
48421	MI	Columbiaville|Millers Lake|Barnes Lake
48422	MI	Croswell
48423	MI	Davison
48426	MI	Decker
48427	MI	Deckerville
48428	MI	Dryden
48429	MI	Durand|Vernon
48430	MI	Fenton|Lake Fenton|Hartland|Argentine
48432	MI	Filion
48433	MI	Flushing
48434	MI	Forestville
48435	MI	Fostoria
48436	MI	Gaines
48437	MI	Genesee
48438	MI	Goodrich
48439	MI	Grand Blanc|Burton
48440	MI	Hadley
48441	MI	Harbor Beach
48442	MI	Holly
48444	MI	Imlay City
48445	MI	Kinde
48446	MI	Lapeer
48449	MI	Lennon
48450	MI	Lexington
48451	MI	Linden|Argentine
48453	MI	Marlette
48454	MI	Melvin
48455	MI	Metamora
48456	MI	Minden City
48457	MI	Montrose|Burt
48458	MI	Mount Morris|Beecher
48460	MI	New Lothrop
48461	MI	North Branch|Barnes Lake
48462	MI	Ortonville
48463	MI	Otisville
48464	MI	Otter Lake
48465	MI	Palms
48466	MI	Peck
48467	MI	Port Austin
48468	MI	Port Hope
48469	MI	Port Sanilac
48470	MI	Ruth
48471	MI	Sandusky
48472	MI	Snover
48473	MI	Swartz Creek
48475	MI	Ubly
48476	MI	Vernon
48480	MI	Grand Blanc
48501	MI	Flint
48502	MI	Flint
48503	MI	Flint
48504	MI	Flint
48505	MI	Flint|Beecher
48506	MI	Flint
48507	MI	Flint
48509	MI	Burton
48519	MI	Burton
48529	MI	Burton
48531	MI	Flint
48532	MI	Flint
48550	MI	Flint
48551	MI	Flint
48552	MI	Flint
48553	MI	Flint
48554	MI	Flint
48555	MI	Flint
48556	MI	Flint
48557	MI	Flint
48601	MI	Saginaw|Bridgeport|Buena Vista|Robin Glen-Indiantown
48602	MI	Saginaw
48603	MI	Saginaw|Freeland
48604	MI	Saginaw|Zilwaukee
48605	MI	Saginaw
48606	MI	Saginaw
48607	MI	Saginaw
48608	MI	Saginaw
48609	MI	Saginaw|Shields
48610	MI	Alger|Skidway Lake
48611	MI	Auburn
48612	MI	Beaverton
48613	MI	Bentley
48614	MI	Brant
48615	MI	Breckenridge
48616	MI	Chesaning
48617	MI	Clare|Loomis
48618	MI	Coleman
48619	MI	Comins
48620	MI	Edenville
48621	MI	Fairview
48622	MI	Farwell
48623	MI	Freeland
48624	MI	Gladwin
48625	MI	Harrison
48626	MI	Hemlock
48627	MI	Higgins Lake
48628	MI	Hope
48629	MI	Houghton Lake
48630	MI	Houghton Lake Heights|Houghton Lake
48631	MI	Kawkawlin
48632	MI	Lake
48633	MI	Lake George
48634	MI	Linwood
48635	MI	Lupton
48636	MI	Luzerne
48637	MI	Merrill
48638	MI	Saginaw
48640	MI	Midland
48641	MI	Midland
48642	MI	Midland
48647	MI	Mio
48649	MI	Oakley
48650	MI	Pinconning
48651	MI	Prudenville|Houghton Lake
48652	MI	Rhodes
48653	MI	Roscommon
48654	MI	Rose City
48655	MI	Saint Charles|St. Charles
48656	MI	Saint Helen|St. Helen
48657	MI	Sanford
48658	MI	Standish
48659	MI	Sterling
48661	MI	West Branch
48662	MI	Wheeler
48663	MI	Saginaw
48667	MI	Midland
48670	MI	Midland
48674	MI	Midland
48686	MI	Midland
48701	MI	Akron
48703	MI	Au Gres
48705	MI	Barton City
48706	MI	Bay City
48707	MI	Bay City
48708	MI	Bay City
48710	MI	University Center
48720	MI	Bay Port
48721	MI	Black River
48722	MI	Bridgeport
48723	MI	Caro
48724	MI	Carrollton
48725	MI	Caseville
48726	MI	Cass City
48727	MI	Clifford
48728	MI	Curran
48729	MI	Deford
48730	MI	East Tawas
48731	MI	Elkton
48732	MI	Essexville
48733	MI	Fairgrove
48734	MI	Frankenmuth
48735	MI	Gagetown
48737	MI	Glennie
48738	MI	Greenbush
48739	MI	Hale
48740	MI	Harrisville
48741	MI	Kingston
48742	MI	Lincoln|Lost Lake Woods
48743	MI	Long Lake
48744	MI	Mayville
48745	MI	Mikado
48746	MI	Millington
48747	MI	Munger
48748	MI	National City|Sand Lake
48749	MI	Omer
48750	MI	Oscoda|Au Sable
48754	MI	Owendale
48755	MI	Pigeon
48756	MI	Prescott|Skidway Lake
48757	MI	Reese
48758	MI	Richville
48759	MI	Sebewaing
48760	MI	Silverwood
48761	MI	South Branch
48762	MI	Spruce|Hubbard Lake
48763	MI	Tawas City|Sand Lake
48764	MI	Tawas City
48765	MI	Turner
48766	MI	Twining
48767	MI	Unionville
48768	MI	Vassar
48770	MI	Whittemore
48787	MI	Frankenmuth
48801	MI	Alma
48804	MI	Mount Pleasant
48805	MI	Okemos
48806	MI	Ashley
48807	MI	Bannister
48808	MI	Bath
48809	MI	Belding
48811	MI	Carson City
48812	MI	Cedar Lake
48813	MI	Charlotte
48815	MI	Clarksville
48816	MI	Cohoctah
48817	MI	Corunna
48818	MI	Crystal
48819	MI	Dansville
48820	MI	Dewitt|Wacousta
48821	MI	Dimondale
48822	MI	Eagle|Wacousta
48823	MI	East Lansing|Haslett|Okemos
48824	MI	East Lansing
48825	MI	East Lansing
48826	MI	East Lansing
48827	MI	Eaton Rapids
48829	MI	Edmore|McBride
48830	MI	Elm Hall
48831	MI	Elsie|Eureka
48832	MI	Elwell
48833	MI	Eureka
48834	MI	Fenwick|Palo
48835	MI	Fowler|Maple Rapids
48836	MI	Fowlerville
48837	MI	Grand Ledge|Wacousta
48838	MI	Greenville
48840	MI	Haslett
48841	MI	Henderson
48842	MI	Holt
48843	MI	Howell
48844	MI	Howell
48845	MI	Hubbardston
48846	MI	Ionia
48847	MI	Ithaca
48848	MI	Laingsburg|Lake Victoria
48849	MI	Lake Odessa
48850	MI	Lakeview
48851	MI	Lyons|Muir
48852	MI	McBride|Mcbrides
48853	MI	Maple Rapids
48854	MI	Mason|Holt
48855	MI	Howell
48856	MI	Middleton
48857	MI	Morrice
48858	MI	Mount Pleasant|Beal City|Winn
48859	MI	Mount Pleasant
48860	MI	Muir
48861	MI	Mulliken
48862	MI	North Star
48864	MI	Okemos
48865	MI	Orleans
48866	MI	Ovid
48867	MI	Owosso|Henderson|Middletown
48870	MI	Palo
48871	MI	Perrinton
48872	MI	Perry|Shaftsburg
48873	MI	Pewamo
48874	MI	Pompeii
48875	MI	Portland
48876	MI	Potterville
48877	MI	Riverdale|Elm Hall
48878	MI	Rosebush
48879	MI	Saint Johns|St. Johns|Maple Rapids|Eureka
48880	MI	Saint Louis|St. Louis
48881	MI	Saranac
48882	MI	Shaftsburg
48883	MI	Shepherd
48884	MI	Sheridan
48885	MI	Sidney
48886	MI	Six Lakes
48887	MI	Smyrna
48888	MI	Stanton
48889	MI	Sumner
48890	MI	Sunfield
48891	MI	Vestaburg
48892	MI	Webberville
48893	MI	Weidman|Lake Isabella|Beal City
48894	MI	Westphalia
48895	MI	Williamston
48896	MI	Winn
48897	MI	Woodland
48901	MI	Lansing
48906	MI	Lansing
48908	MI	Lansing
48909	MI	Lansing
48910	MI	Lansing
48911	MI	Lansing|Holt
48912	MI	Lansing
48913	MI	Lansing
48915	MI	Lansing
48916	MI	Lansing
48917	MI	Lansing|Waverly|Edgemont Park
48918	MI	Lansing
48919	MI	Lansing
48922	MI	Lansing
48924	MI	Lansing
48929	MI	Lansing
48930	MI	Lansing
48933	MI	Lansing
48937	MI	Lansing
48951	MI	Lansing
48956	MI	Lansing
48980	MI	Lansing
49001	MI	Kalamazoo
49002	MI	Portage|Kalamazoo
49003	MI	Kalamazoo
49004	MI	Kalamazoo|Parchment|Comstock Northwest
49005	MI	Kalamazoo
49006	MI	Kalamazoo|Westwood
49007	MI	Kalamazoo
49008	MI	Kalamazoo
49009	MI	Kalamazoo
49010	MI	Allegan
49011	MI	Athens
49012	MI	Augusta|Level Park-Oak Park|South Gull Lake
49013	MI	Bangor
49014	MI	Battle Creek|Brownlee Park
49015	MI	Battle Creek
49016	MI	Battle Creek
49017	MI	Battle Creek|Level Park-Oak Park
49018	MI	Battle Creek
49019	MI	Kalamazoo
49020	MI	Bedford
49021	MI	Bellevue
49022	MI	Benton Harbor|Fair Plain|Benton Heights|Millburg
49023	MI	Benton Harbor
49024	MI	Portage
49026	MI	Bloomingdale
49027	MI	Breedsville
49028	MI	Bronson
49029	MI	Burlington
49030	MI	Burr Oak
49031	MI	Cassopolis
49032	MI	Centreville
49033	MI	Ceresco
49034	MI	Climax
49035	MI	Cloverdale
49036	MI	Coldwater
49037	MI	Battle Creek|Springfield|Level Park-Oak Park
49038	MI	Coloma|Lake Michigan Beach|Paw Paw Lake
49039	MI	Hagar Shores
49040	MI	Colon
49041	MI	Comstock
49042	MI	Constantine
49043	MI	Covert
49045	MI	Decatur
49046	MI	Delton
49047	MI	Dowagiac
49048	MI	Kalamazoo|Comstock Northwest|Eastwood
49050	MI	Dowling
49051	MI	East Leroy
49052	MI	Fulton
49053	MI	Galesburg
49055	MI	Gobles
49056	MI	Grand Junction|Breedsville
49057	MI	Hartford
49058	MI	Hastings|Dowling
49060	MI	Hickory Corners|South Gull Lake
49061	MI	Jones
49062	MI	Kendall
49063	MI	Lacota
49064	MI	Lawrence
49065	MI	Lawton
49066	MI	Leonidas
49067	MI	Marcellus
49068	MI	Marshall
49070	MI	Martin
49071	MI	Mattawan
49072	MI	Mendon
49073	MI	Nashville
49074	MI	Kalamazoo|Nazareth
49075	MI	Nottawa
49076	MI	Olivet
49077	MI	Oshtemo
49078	MI	Otsego
49079	MI	Paw Paw
49080	MI	Plainwell
49081	MI	Portage
49082	MI	Quincy
49083	MI	Richland|South Gull Lake
49084	MI	Riverside
49085	MI	Saint Joseph|St. Joseph|Shoreham
49087	MI	Schoolcraft
49088	MI	Scotts
49089	MI	Sherwood
49090	MI	South Haven
49091	MI	Sturgis
49092	MI	Tekonsha
49093	MI	Three Rivers
49094	MI	Union City
49095	MI	Vandalia
49096	MI	Vermontville
49097	MI	Vicksburg
49098	MI	Watervliet|Paw Paw Lake
49099	MI	White Pigeon
49101	MI	Baroda
49102	MI	Berrien Center
49103	MI	Berrien Springs
49104	MI	Berrien Springs
49106	MI	Bridgman
49107	MI	Buchanan
49111	MI	Eau Claire
49112	MI	Edwardsburg
49113	MI	Galien
49115	MI	Harbert|Shorewood-Tower Hills-Harbert
49116	MI	Lakeside
49117	MI	New Buffalo|Grand Beach|Michiana
49119	MI	New Troy
49120	MI	Niles
49125	MI	Sawyer|Shorewood-Tower Hills-Harbert|New Troy
49126	MI	Sodus
49127	MI	Stevensville
49128	MI	Three Oaks|Shorewood-Tower Hills-Harbert|New Troy
49129	MI	Union Pier
49130	MI	Union
49201	MI	Jackson|Napoleon|Vandercook Lake|Michigan Center
49202	MI	Jackson
49203	MI	Jackson|Vandercook Lake|Michigan Center
49204	MI	Jackson
49220	MI	Addison|Manitou Beach-Devils Lake
49221	MI	Adrian
49224	MI	Albion
49227	MI	Allen
49228	MI	Blissfield
49229	MI	Britton
49230	MI	Brooklyn|Vineyard Lake
49232	MI	Camden
49233	MI	Cement City
49234	MI	Clarklake
49235	MI	Clayton
49236	MI	Clinton
49237	MI	Concord
49238	MI	Deerfield
49239	MI	Frontier
49240	MI	Grass Lake
49241	MI	Hanover
49242	MI	Hillsdale|Cambria
49245	MI	Homer
49246	MI	Horton
49247	MI	Hudson
49248	MI	Jasper
49249	MI	Jerome|Lake LeAnn
49250	MI	Jonesville
49251	MI	Leslie
49252	MI	Litchfield
49253	MI	Manitou Beach|Manitou Beach-Devils Lake
49254	MI	Michigan Center
49255	MI	Montgomery
49256	MI	Morenci
49257	MI	Moscow
49258	MI	Mosherville
49259	MI	Munith
49261	MI	Napoleon
49262	MI	North Adams
49263	MI	Norvell
49264	MI	Onondaga
49265	MI	Onsted
49266	MI	Osseo
49267	MI	Ottawa Lake
49268	MI	Palmyra
49269	MI	Parma
49270	MI	Petersburg
49271	MI	Pittsford
49272	MI	Pleasant Lake
49274	MI	Reading
49276	MI	Riga
49277	MI	Rives Junction
49279	MI	Sand Creek
49281	MI	Somerset
49282	MI	Somerset Center
49283	MI	Spring Arbor
49284	MI	Springport
49285	MI	Stockbridge
49286	MI	Tecumseh
49287	MI	Tipton
49288	MI	Waldron
49289	MI	Weston
49301	MI	Ada|Forest Hills|Cannonsburg
49302	MI	Alto
49303	MI	Bailey
49304	MI	Baldwin
49305	MI	Barryton
49306	MI	Belmont
49307	MI	Big Rapids
49309	MI	Bitely
49310	MI	Blanchard
49311	MI	Bradley
49312	MI	Brohman
49314	MI	Burnips
49315	MI	Byron Center|Cutlerville
49316	MI	Caledonia
49317	MI	Cannonsburg
49318	MI	Casnovia
49319	MI	Cedar Springs
49320	MI	Chippewa Lake
49321	MI	Comstock Park
49322	MI	Coral
49323	MI	Dorr
49325	MI	Freeport
49326	MI	Gowen
49327	MI	Grant
49328	MI	Hopkins
49329	MI	Howard City
49330	MI	Kent City
49331	MI	Lowell
49332	MI	Mecosta|Canadian Lakes
49333	MI	Middleville
49335	MI	Moline
49336	MI	Morley
49337	MI	Newaygo
49338	MI	Paris
49339	MI	Pierson
49340	MI	Remus
49341	MI	Rockford|Cannonsburg
49342	MI	Rodney
49343	MI	Sand Lake
49344	MI	Shelbyville
49345	MI	Sparta
49346	MI	Stanwood|Canadian Lakes
49347	MI	Trufant
49348	MI	Wayland
49349	MI	White Cloud
49351	MI	Rockford
49355	MI	Ada
49356	MI	Ada
49357	MI	Ada
49401	MI	Allendale
49402	MI	Branch
49403	MI	Conklin
49404	MI	Coopersville|Lamont
49405	MI	Custer
49406	MI	Douglas
49408	MI	Fennville|Douglas
49409	MI	Ferrysburg
49410	MI	Fountain
49411	MI	Free Soil
49412	MI	Fremont
49413	MI	Fremont
49415	MI	Fruitport
49416	MI	Glenn
49417	MI	Grand Haven
49418	MI	Grandville|Wyoming
49419	MI	Hamilton
49420	MI	Hart
49421	MI	Hesperia
49422	MI	Holland
49423	MI	Holland
49424	MI	Holland|Beechwood
49425	MI	Holton
49426	MI	Hudsonville
49427	MI	Jamestown
49428	MI	Jenison
49429	MI	Jenison
49430	MI	Lamont
49431	MI	Ludington
49434	MI	Macatawa
49435	MI	Marne|Lamont
49436	MI	Mears
49437	MI	Montague|Rothbury
49440	MI	Muskegon
49441	MI	Norton Shores|Muskegon|Roosevelt Park
49442	MI	Muskegon|Wolf Lake
49443	MI	Muskegon
49444	MI	Muskegon|Norton Shores|Muskegon Heights
49445	MI	Muskegon|North Muskegon
49446	MI	New Era|Rothbury
49448	MI	Nunica
49449	MI	Pentwater
49450	MI	Pullman
49451	MI	Ravenna
49452	MI	Rothbury
49453	MI	Saugatuck
49454	MI	Scottville|Custer
49455	MI	Shelby
49456	MI	Spring Lake|Ferrysburg|Norton Shores|Grand Haven
49457	MI	Twin Lake|Lakewood Club
49458	MI	Walhalla
49459	MI	Walkerville
49460	MI	West Olive
49461	MI	Whitehall
49463	MI	Sylvan Beach
49464	MI	Zeeland
49468	MI	Grandville
49501	MI	Grand Rapids
49502	MI	Grand Rapids
49503	MI	Grand Rapids
49504	MI	Grand Rapids|Walker
49505	MI	Grand Rapids
49506	MI	Grand Rapids|East Grand Rapids
49507	MI	Grand Rapids
49508	MI	Grand Rapids|Kentwood
49509	MI	Wyoming
49510	MI	Grand Rapids
49512	MI	Grand Rapids|Kentwood
49514	MI	Grand Rapids
49515	MI	Grand Rapids
49516	MI	Grand Rapids
49518	MI	Grand Rapids
49519	MI	Wyoming
49523	MI	Grand Rapids
49525	MI	Grand Rapids|Northview
49528	MI	Grand Rapids
49530	MI	Grand Rapids
49534	MI	Grand Rapids|Walker
49544	MI	Grand Rapids|Walker
49546	MI	Grand Rapids|Kentwood|Forest Hills
49548	MI	Grand Rapids|Wyoming|Kentwood|Cutlerville
49555	MI	Grand Rapids
49560	MI	Grand Rapids
49588	MI	Grand Rapids
49599	MI	Grand Rapids
49601	MI	Cadillac|Haring|Wedgewood|Caberfae
49610	MI	Acme
49611	MI	Alba
49612	MI	Alden
49613	MI	Arcadia
49614	MI	Bear Lake
49615	MI	Bellaire
49616	MI	Benzonia
49617	MI	Beulah
49618	MI	Boon
49619	MI	Brethren
49620	MI	Buckley
49621	MI	Cedar|Greilickville
49622	MI	Central Lake|Eastport
49623	MI	Chase
49625	MI	Copemish
49626	MI	Eastlake
49627	MI	Eastport
49628	MI	Elberta
49629	MI	Elk Rapids
49630	MI	Empire
49631	MI	Evart
49632	MI	Falmouth
49633	MI	Fife Lake
49634	MI	Filer City
49635	MI	Frankfort|Crystal Downs Country Club|Pilgrim
49636	MI	Glen Arbor
49637	MI	Grawn|Interlochen
49638	MI	Harrietta
49639	MI	Hersey
49640	MI	Honor
49642	MI	Idlewild
49643	MI	Interlochen|Bendon
49644	MI	Irons
49645	MI	Kaleva
49646	MI	Kalkaska|Bear Lake|Manistee Lake
49648	MI	Kewadin
49649	MI	Kingsley
49650	MI	Lake Ann|Hardwood Acres|Maple Grove
49651	MI	Lake City|Jennings
49653	MI	Lake Leelanau
49654	MI	Leland
49655	MI	Leroy|Le Roy
49656	MI	Luther
49657	MI	Mc Bain|McBain
49659	MI	Mancelona|Lakes of the North
49660	MI	Manistee|Eastlake|Parkdale|Oak Hill|Stronach
49663	MI	Manton
49664	MI	Maple City
49665	MI	Marion
49666	MI	Mayfield
49667	MI	Merritt
49668	MI	Mesick
49670	MI	Northport|Omena
49673	MI	Old Mission
49674	MI	Omena
49675	MI	Onekama
49676	MI	Rapid City
49677	MI	Reed City
49679	MI	Sears
49680	MI	South Boardman
49682	MI	Suttons Bay
49683	MI	Thompsonville|Crystal Mountain|Nessen City
49684	MI	Traverse City|Greilickville
49685	MI	Traverse City|Chums Corner|Grawn
49686	MI	Traverse City
49688	MI	Tustin
49689	MI	Wellston
49690	MI	Williamsburg
49696	MI	Traverse City
49701	MI	Mackinaw City
49705	MI	Afton
49706	MI	Alanson|Brutus|Oden|Conway|Ponshewaing
49707	MI	Alpena
49709	MI	Atlanta|Canada Creek Ranch
49710	MI	Barbeau
49711	MI	Bay Shore
49712	MI	Boyne City|Horton Bay|Advance
49713	MI	Boyne Falls
49715	MI	Brimley
49716	MI	Brutus
49717	MI	Burt Lake
49718	MI	Carp Lake
49719	MI	Cedarville
49720	MI	Charlevoix|Norwood|Bay Shore|Ironton|Horton Bay
49721	MI	Cheboygan
49722	MI	Conway
49723	MI	Cross Village
49724	MI	Dafter
49725	MI	De Tour Village
49726	MI	Drummond Island
49727	MI	East Jordan
49728	MI	Eckerman
49729	MI	Ellsworth
49730	MI	Elmira|Lakes of the North|Alba
49733	MI	Frederic
49734	MI	Gaylord
49735	MI	Gaylord
49736	MI	Goetzville
49737	MI	Good Hart
49738	MI	Grayling
49739	MI	Grayling
49740	MI	Harbor Springs|Cross Village
49743	MI	Hawks
49744	MI	Herron
49745	MI	Hessel
49746	MI	Hillman
49747	MI	Hubbard Lake
49748	MI	Hulbert
49749	MI	Indian River
49751	MI	Johannesburg
49752	MI	Kinross
49753	MI	Lachine
49755	MI	Levering|Carp Lake
49756	MI	Lewiston
49757	MI	Mackinac Island
49759	MI	Millersburg
49760	MI	Moran
49761	MI	Mullett Lake
49762	MI	Naubinway
49764	MI	Oden
49765	MI	Onaway|Tower
49766	MI	Ossineke
49768	MI	Paradise
49769	MI	Pellston
49770	MI	Petoskey|Bay View|Conway
49774	MI	Pickford
49775	MI	Pointe Aux Pins
49776	MI	Posen
49777	MI	Presque Isle|Presque Isle Harbor
49779	MI	Rogers City
49780	MI	Rudyard
49781	MI	Saint Ignace|St. Ignace
49782	MI	Beaver Island|St. James
49783	MI	Sault Sainte Marie|Sault Ste. Marie
49784	MI	Kincheloe
49785	MI	Kincheloe
49786	MI	Kincheloe
49788	MI	Kincheloe
49791	MI	Topinabee
49792	MI	Tower
49793	MI	Trout Lake
49795	MI	Vanderbilt
49796	MI	Walloon Lake
49797	MI	Waters
49799	MI	Wolverine
49801	MI	Iron Mountain
49802	MI	Kingsford
49805	MI	Allouez
49806	MI	Au Train
49807	MI	Bark River
49808	MI	Big Bay
49812	MI	Carney
49814	MI	Champion|Michigamme
49815	MI	Channing
49816	MI	Chatham
49817	MI	Cooks
49818	MI	Cornell
49819	MI	Arnold
49820	MI	Curtis
49821	MI	Daggett
49822	MI	Deerton
49825	MI	Eben Junction
49826	MI	Rumely
49827	MI	Engadine
49829	MI	Escanaba
49831	MI	Felch
49833	MI	Little Lake
49834	MI	Foster City
49835	MI	Garden
49836	MI	Germfask
49837	MI	Gladstone
49838	MI	Gould City
49839	MI	Grand Marais
49840	MI	Gulliver
49841	MI	Gwinn|K. I. Sawyer
49845	MI	Harris
49847	MI	Hermansville
49848	MI	Ingalls
49849	MI	Ishpeming|West Ishpeming
49852	MI	Loretto
49853	MI	Mc Millan
49854	MI	Manistique
49855	MI	Marquette|Harvey|Trowbridge Park|Big Bay
49858	MI	Menominee
49861	MI	Michigamme|Three Lakes
49862	MI	Munising
49863	MI	Nadeau
49864	MI	Nahma
49865	MI	National Mine
49866	MI	Negaunee|Ishpeming
49868	MI	Newberry
49870	MI	Norway
49871	MI	Palmer
49872	MI	Perkins
49873	MI	Perronville
49874	MI	Powers
49876	MI	Quinnesec
49877	MI	Ralph
49878	MI	Rapid River
49879	MI	Republic
49880	MI	Rock
49881	MI	Sagola
49883	MI	Seney
49884	MI	Shingleton
49885	MI	Skandia
49886	MI	Spalding
49887	MI	Stephenson
49891	MI	Trenary
49892	MI	Vulcan
49893	MI	Wallace
49894	MI	Wells
49895	MI	Wetmore
49896	MI	Wilson
49901	MI	Ahmeek
49902	MI	Alpha
49903	MI	Amasa
49905	MI	Atlantic Mine|Trimountain|Painesdale
49908	MI	Baraga
49910	MI	Bergland|Lake Gogebic
49911	MI	Bessemer
49912	MI	Bruce Crossing
49913	MI	Calumet|Laurium|Hubbell
49915	MI	Caspian
49916	MI	Chassell
49917	MI	Copper City
49918	MI	Copper Harbor
49919	MI	Covington
49920	MI	Crystal Falls|Alpha|Amasa
49921	MI	Dodgeville
49922	MI	Dollar Bay
49925	MI	Ewen
49927	MI	Gaastra
49929	MI	Greenland
49930	MI	Hancock|Dollar Bay
49931	MI	Houghton|Hurontown|Dodgeville
49934	MI	Hubbell
49935	MI	Iron River|Caspian
49938	MI	Ironwood
49942	MI	Kearsarge
49945	MI	Lake Linden|Hubbell
49946	MI	Lanse|L'Anse|Zeba
49947	MI	Marenisco|Lake Gogebic|Bergland
49948	MI	Mass City
49950	MI	Mohawk|Eagle River|Eagle Harbor|Fulton
49952	MI	Nisula
49953	MI	Ontonagon|Greenland
49955	MI	Painesdale
49958	MI	Pelkie
49959	MI	Ramsay
49960	MI	Rockland
49961	MI	Sidnaw
49962	MI	Skanee
49963	MI	South Range
49964	MI	Stambaugh
49965	MI	Toivola
49967	MI	Trout Creek
49968	MI	Wakefield
49969	MI	Watersmeet
49970	MI	Watton|Covington
49971	MI	White Pine
50001	IA	Ackworth|Sandyville
50002	IA	Adair
50003	IA	Adel|Waukee|De Soto
50005	IA	Albion
50006	IA	Alden|Buckeye|Popejoy
50007	IA	Alleman
50008	IA	Allerton
50009	IA	Altoona
50010	IA	Ames
50011	IA	Ames
50012	IA	Ames
50013	IA	Ames
50014	IA	Ames
50020	IA	Anita
50021	IA	Ankeny|Saylorville
50022	IA	Atlantic
50023	IA	Ankeny|Saylorville
50025	IA	Audubon|Gray
50026	IA	Bagley
50027	IA	Barnes City
50028	IA	Baxter
50029	IA	Bayard
50031	IA	Beaver
50032	IA	Berwick
50033	IA	Bevington
50034	IA	Blairsburg
50035	IA	Bondurant
50036	IA	Boone|Fraser
50037	IA	Boone
50038	IA	Booneville
50039	IA	Bouton
50040	IA	Boxholm
50041	IA	Bradford
50042	IA	Brayton
50043	IA	Buckeye
50044	IA	Bussey|Hamilton
50046	IA	Cambridge|Huxley
50047	IA	Carlisle|Hartford
50048	IA	Casey
50049	IA	Chariton
50050	IA	Churdan
50051	IA	Clemons|St. Anthony
50052	IA	Clio
50054	IA	Colfax|Valeria
50055	IA	Collins
50056	IA	Colo
50057	IA	Columbia
50058	IA	Coon Rapids
50059	IA	Cooper
50060	IA	Corydon
50061	IA	Cumming|West Des Moines|Norwalk
50062	IA	Melcher Dallas|Melcher-Dallas
50063	IA	Dallas Center
50064	IA	Dana
50065	IA	Davis City|Pleasanton
50066	IA	Dawson
50067	IA	Decatur|Decatur City
50068	IA	Derby
50069	IA	De Soto
50070	IA	Dexter|Diamondhead Lake
50071	IA	Dows
50072	IA	Earlham
50073	IA	Elkhart
50074	IA	Ellston|Beaconsfield|Sun Valley Lake
50075	IA	Ellsworth
50076	IA	Exira
50078	IA	Ferguson
50099	IA	Boone
50101	IA	Galt
50102	IA	Garden City
50103	IA	Garden Grove|Le Roy
50104	IA	Gibson
50105	IA	Gilbert
50106	IA	Gilman
50107	IA	Grand Junction
50108	IA	Grand River
50109	IA	Granger|Johnston
50110	IA	Gray
50111	IA	Grimes|Johnston|Urbandale
50112	IA	Grinnell|Oakland Acres
50115	IA	Guthrie Center
50116	IA	Hamilton|Marysville
50117	IA	Hamlin
50118	IA	Hartford
50119	IA	Harvey
50120	IA	Haverhill
50122	IA	Hubbard
50123	IA	Humeston|Le Roy
50124	IA	Huxley|Alleman
50125	IA	Indianola|Spring Hill
50126	IA	Iowa Falls|Owasa|Bradford
50127	IA	Ira
50128	IA	Jamaica
50129	IA	Jefferson
50130	IA	Jewell|Jewell Junction
50131	IA	Johnston
50132	IA	Kamrar
50133	IA	Kellerton
50134	IA	Kelley
50135	IA	Kellogg
50136	IA	Keswick
50137	IA	Killduff
50138	IA	Knoxville
50139	IA	Lacona
50140	IA	Lamoni
50141	IA	Laurel
50142	IA	Le Grand
50143	IA	Leighton
50144	IA	Leon
50145	IA	Liberty Center
50146	IA	Linden
50147	IA	Lineville
50148	IA	Liscomb
50149	IA	Lorimor
50150	IA	Lovilia
50151	IA	Lucas
50152	IA	Luther
50153	IA	Lynnville
50154	IA	Mc Callsburg|McCallsburg
50155	IA	Macksburg
50156	IA	Madrid|Luther
50157	IA	Malcom
50158	IA	Marshalltown|Le Grand|Green Mountain
50160	IA	Martensdale
50161	IA	Maxwell
50162	IA	Melbourne
50163	IA	Melcher-Dallas|Melcher Dallas
50164	IA	Menlo
50165	IA	Millerton
50166	IA	Milo
50167	IA	Minburn
50168	IA	Mingo
50169	IA	Mitchellville
50170	IA	Monroe
50171	IA	Montezuma|Barnes City
50173	IA	Montour
50174	IA	Murray
50201	IA	Nevada
50206	IA	New Providence
50207	IA	New Sharon
50208	IA	Newton|Lambs Grove
50210	IA	New Virginia
50211	IA	Norwalk
50212	IA	Ogden|Fraser|Beaver
50213	IA	Osceola
50214	IA	Otley
50216	IA	Panora|Lake Panorama
50217	IA	Paton
50218	IA	Patterson
50219	IA	Pella
50220	IA	Perry|Berkley
50222	IA	Peru|East Peru
50223	IA	Pilot Mound|Fraser
50225	IA	Pleasantville
50226	IA	Polk City
50227	IA	Popejoy
50228	IA	Prairie City
50229	IA	Prole|Bevington
50230	IA	Radcliffe|Garden City
50231	IA	Randall
50232	IA	Reasnor
50233	IA	Redfield
50234	IA	Rhodes
50235	IA	Rippey
50236	IA	Roland
50237	IA	Runnells
50238	IA	Russell
50239	IA	Saint Anthony|St. Anthony
50240	IA	Saint Charles|St. Charles
50241	IA	St. Marys|Saint Marys
50242	IA	Searsboro
50243	IA	Sheldahl
50244	IA	Slater|Alleman
50246	IA	Stanhope
50247	IA	State Center
50248	IA	Story City
50249	IA	Stratford
50250	IA	Stuart
50251	IA	Sully
50252	IA	Swan
50254	IA	Thayer
50255	IA	Thornburg
50256	IA	Tracy
50257	IA	Truro
50258	IA	Union
50259	IA	Gifford
50261	IA	Van Meter|West Des Moines
50262	IA	Van Wert
50263	IA	Waukee
50264	IA	Weldon|Le Roy
50265	IA	West Des Moines
50266	IA	West Des Moines
50268	IA	What Cheer
50269	IA	Whitten
50271	IA	Williams
50272	IA	Williamson
50273	IA	Winterset
50274	IA	Wiota
50275	IA	Woodburn
50276	IA	Woodward
50277	IA	Yale
50278	IA	Zearing
50301	IA	Des Moines
50302	IA	Des Moines
50303	IA	Des Moines
50304	IA	Des Moines
50305	IA	Des Moines
50306	IA	Des Moines
50307	IA	Des Moines
50308	IA	Des Moines
50309	IA	Des Moines
50310	IA	Des Moines
50311	IA	Des Moines
50312	IA	Des Moines
50313	IA	Des Moines|Saylorville
50314	IA	Des Moines
50315	IA	Des Moines
50316	IA	Des Moines
50317	IA	Des Moines
50318	IA	Des Moines
50319	IA	Des Moines
50320	IA	Des Moines
50321	IA	Des Moines
50322	IA	Urbandale|Des Moines
50323	IA	Urbandale
50324	IA	Windsor Heights
50325	IA	Clive
50327	IA	Pleasant Hill
50328	IA	Des Moines
50329	IA	Des Moines
50330	IA	Des Moines
50331	IA	Des Moines
50332	IA	Des Moines
50333	IA	Des Moines
50334	IA	Des Moines
50335	IA	Des Moines
50336	IA	Des Moines
50339	IA	Des Moines
50340	IA	Des Moines
50359	IA	Des Moines
50360	IA	Des Moines
50361	IA	Des Moines
50362	IA	Des Moines
50363	IA	Des Moines
50364	IA	Des Moines
50367	IA	Des Moines
50368	IA	Des Moines
50369	IA	Des Moines
50380	IA	Des Moines
50381	IA	Des Moines
50391	IA	Des Moines
50392	IA	Des Moines
50393	IA	Des Moines
50394	IA	Des Moines
50395	IA	Des Moines
50396	IA	Des Moines
50398	IA	Urbandale
50401	IA	Mason City|Rock Falls|Plymouth|Portland
50402	IA	Mason City
50420	IA	Alexander
50421	IA	Belmond
50423	IA	Britt|Duncan|Hutchins
50424	IA	Buffalo Center|Rake
50426	IA	Carpenter
50427	IA	Chapin
50428	IA	Clear Lake|Ventura
50430	IA	Corwith
50431	IA	Coulter
50432	IA	Crystal Lake
50433	IA	Dougherty
50434	IA	Fertile
50435	IA	Floyd
50436	IA	Forest City|Leland
50438	IA	Garner|Miller|Hayfield|Duncan
50439	IA	Goodell
50440	IA	Grafton
50441	IA	Hampton|Coulter|Hansell|Bradford
50444	IA	Hanlontown|Fertile
50446	IA	Joice
50447	IA	Kanawha
50448	IA	Kensett|Bolan
50449	IA	Klemme
50450	IA	Lake Mills|Scarville
50451	IA	Lakota
50452	IA	Latimer|Coulter
50453	IA	Leland
50454	IA	Little Cedar
50455	IA	Mc Intire|McIntire|Meyer
50456	IA	Manly
50457	IA	Meservey
50458	IA	Nora Springs
50459	IA	Northwood
50460	IA	Orchard
50461	IA	Osage|Mitchell|New Haven
50464	IA	Plymouth
50465	IA	Rake
50466	IA	Riceville
50467	IA	Rock Falls
50468	IA	Rockford|Roseville
50469	IA	Rockwell|Burchinal
50470	IA	Rowan
50471	IA	Rudd
50472	IA	Saint Ansgar|St. Ansgar|Mona|Toeterville|Otranto
50473	IA	Scarville
50475	IA	Sheffield|Chapin
50476	IA	Stacyville
50477	IA	Swaledale
50478	IA	Thompson
50479	IA	Thornton
50480	IA	Titonka
50481	IA	Toeterville
50482	IA	Ventura
50483	IA	Wesley
50484	IA	Woden
50501	IA	Fort Dodge|Coalville
50510	IA	Albert City
50511	IA	Algona|Sexton|St. Benedict
50514	IA	Armstrong
50515	IA	Ayrshire
50516	IA	Badger
50517	IA	Bancroft
50518	IA	Barnum
50519	IA	Bode|St. Joseph
50520	IA	Bradgate
50521	IA	Burnside
50522	IA	Burt
50523	IA	Callender
50524	IA	Clare
50525	IA	Clarion
50526	IA	Clarion
50527	IA	Curlew
50528	IA	Cylinder
50529	IA	Dakota City
50530	IA	Dayton
50531	IA	Dolliver
50532	IA	Duncombe
50533	IA	Eagle Grove
50535	IA	Early
50536	IA	Emmetsburg
50538	IA	Farnhamville|Rinard
50539	IA	Fenton
50540	IA	Fonda|Varina
50541	IA	Gilmore City|Pioneer
50542	IA	Goldfield
50543	IA	Gowrie
50544	IA	Harcourt
50545	IA	Hardy
50546	IA	Havelock|Plover
50548	IA	Humboldt|Dakota City
50551	IA	Jolley
50552	IA	Knierim
50554	IA	Laurens
50556	IA	Ledyard
50557	IA	Lehigh
50558	IA	Livermore
50559	IA	Lone Rock
50560	IA	Lu Verne|Irvington
50561	IA	Lytton
50562	IA	Mallard
50563	IA	Manson|Knierim|Twin Lakes
50565	IA	Marathon
50566	IA	Moorland
50567	IA	Nemaha
50568	IA	Newell
50569	IA	Otho
50570	IA	Ottosen
50571	IA	Palmer
50573	IA	Plover
50574	IA	Pocahontas
50575	IA	Pomeroy
50576	IA	Rembrandt
50577	IA	Renwick
50578	IA	Ringsted
50579	IA	Rockwell City|Twin Lakes
50581	IA	Rolfe|Plover
50582	IA	Rutland
50583	IA	Sac City
50585	IA	Sioux Rapids
50586	IA	Somers|Knierim
50588	IA	Storm Lake|Lakeside
50590	IA	Swea City
50591	IA	Thor
50592	IA	Truesdale
50593	IA	Varina
50594	IA	Vincent
50595	IA	Webster City
50597	IA	West Bend|Rodman
50598	IA	Whittemore
50599	IA	Woolstock
50601	IA	Ackley
50602	IA	Allison
50603	IA	Alta Vista
50604	IA	Aplington
50605	IA	Aredale
50606	IA	Arlington
50607	IA	Aurora
50608	IA	Austinville
50609	IA	Beaman
50611	IA	Bristow
50612	IA	Buckingham
50613	IA	Cedar Falls|Hudson
50614	IA	Cedar Falls
50616	IA	Charles City|Floyd|Colwell
50619	IA	Clarksville
50620	IA	Colwell
50621	IA	Conrad
50622	IA	Denver
50623	IA	Dewar
50624	IA	Dike
50625	IA	Dumont
50626	IA	Dunkerton
50627	IA	Eldora
50628	IA	Elma
50629	IA	Fairbank
50630	IA	Fredericksburg
50631	IA	Frederika
50632	IA	Garwin|Green Mountain
50633	IA	Geneva
50634	IA	Gilbertville
50635	IA	Gladbrook|Lincoln
50636	IA	Greene
50638	IA	Grundy Center
50641	IA	Hazleton
50642	IA	Holland
50643	IA	Hudson
50644	IA	Independence
50645	IA	Ionia|Bassett
50647	IA	Janesville
50648	IA	Jesup
50649	IA	Kesley
50650	IA	Lamont
50651	IA	La Porte City
50652	IA	Lincoln
50653	IA	Marble Rock|Roseville
50654	IA	Masonville
50655	IA	Maynard
50657	IA	Morrison
50658	IA	Nashua
50659	IA	New Hampton|North Washington
50660	IA	New Hartford
50661	IA	North Washington
50662	IA	Oelwein
50664	IA	Oran
50665	IA	Parkersburg|Stout
50666	IA	Plainfield
50667	IA	Raymond
50668	IA	Readlyn
50669	IA	Reinbeck|Morrison
50670	IA	Shell Rock
50671	IA	Stanley
50672	IA	Steamboat Rock
50673	IA	Stout
50674	IA	Sumner|Frederika
50675	IA	Traer
50676	IA	Tripoli
50677	IA	Waverly
50680	IA	Wellsburg
50681	IA	Westgate
50682	IA	Winthrop
50701	IA	Waterloo|Hudson
50702	IA	Waterloo|Washburn
50703	IA	Waterloo|Elk Run Heights
50704	IA	Waterloo
50707	IA	Evansdale|Waterloo|Elk Run Heights
50801	IA	Creston|Cromwell
50830	IA	Afton|Arispe
50831	IA	Arispe
50833	IA	Bedford|Conway
50835	IA	Benton
50836	IA	Blockton|Maloy|Athelstan
50837	IA	Bridgewater
50839	IA	Carbon
50840	IA	Clearfield
50841	IA	Corning|Carbon
50842	IA	Cromwell
50843	IA	Cumberland
50845	IA	Diagonal
50846	IA	Fontanelle
50847	IA	Grant
50848	IA	Gravity
50849	IA	Greenfield
50851	IA	Lenox|Kent
50853	IA	Massena
50854	IA	Mount Ayr
50857	IA	Nodaway
50858	IA	Orient
50859	IA	Prescott
50860	IA	Redding|Delphos
50861	IA	Shannon City
50862	IA	Sharpsburg
50863	IA	Tingley
50864	IA	Villisca|Grant
50936	IA	Des Moines
50940	IA	Des Moines
50947	IA	Des Moines
50950	IA	Des Moines
50980	IA	Des Moines
50981	IA	Des Moines
50982	IA	Des Moines
50983	IA	Des Moines
51001	IA	Akron
51002	IA	Alta
51003	IA	Alton
51004	IA	Anthon
51005	IA	Aurelia
51006	IA	Battle Creek
51007	IA	Bronson
51008	IA	Brunsville
51009	IA	Calumet
51010	IA	Castana
51011	IA	Chatsworth
51012	IA	Cherokee
51014	IA	Cleghorn
51015	IA	Climbing Hill
51016	IA	Correctionville
51018	IA	Cushing
51019	IA	Danbury
51020	IA	Galva
51022	IA	Granville
51023	IA	Hawarden|Chatsworth
51024	IA	Hinton
51025	IA	Holstein
51026	IA	Hornick
51027	IA	Ireton
51028	IA	Kingsley
51029	IA	Larrabee
51030	IA	Lawton
51031	IA	Le Mars|Struble|Craig|Oyens
51033	IA	Linn Grove
51034	IA	Mapleton
51035	IA	Marcus
51036	IA	Maurice
51037	IA	Meriden
51038	IA	Merrill
51039	IA	Moville
51040	IA	Onawa|Turin
51041	IA	Orange City
51044	IA	Oto
51045	IA	Oyens
51046	IA	Paullina
51047	IA	Peterson
51048	IA	Pierson
51049	IA	Quimby
51050	IA	Remsen
51051	IA	Rodney
51052	IA	Salix
51053	IA	Schaller
51054	IA	Sergeant Bluff
51055	IA	Sloan
51056	IA	Smithland
51058	IA	Sutherland
51060	IA	Ute
51061	IA	Washta
51062	IA	Westfield
51063	IA	Whiting
51101	IA	Sioux City
51102	IA	Sioux City
51103	IA	Sioux City
51104	IA	Sioux City
51105	IA	Sioux City
51106	IA	Sioux City
51108	IA	Sioux City
51109	IA	Sioux City
51111	IA	Sioux City
51201	IA	Sheldon
51230	IA	Alvord
51231	IA	Archer
51232	IA	Ashton
51234	IA	Boyden
51235	IA	Doon
51237	IA	George
51238	IA	Hospers
51239	IA	Hull
51240	IA	Inwood
51241	IA	Larchwood
51242	IA	Lester
51243	IA	Little Rock
51244	IA	Matlock
51245	IA	Primghar
51246	IA	Rock Rapids
51247	IA	Rock Valley
51248	IA	Sanborn
51249	IA	Sibley
51250	IA	Sioux Center
51301	IA	Spencer|Fostoria
51331	IA	Arnolds Park|West Okoboji
51333	IA	Dickens
51334	IA	Estherville|Gruver
51338	IA	Everly
51340	IA	Fostoria
51341	IA	Gillett Grove
51342	IA	Graettinger
51343	IA	Greenville
51345	IA	Harris
51346	IA	Hartley
51347	IA	Lake Park
51350	IA	Melvin
51351	IA	Milford|West Okoboji|Wahpeton|Arnolds Park
51354	IA	Ocheyedan
51355	IA	Okoboji
51357	IA	Royal|Rossie
51358	IA	Ruthven
51360	IA	Spirit Lake|Orleans|Wahpeton
51363	IA	Superior
51364	IA	Terril
51365	IA	Wallingford
51366	IA	Webb
51401	IA	Carroll|Willey
51430	IA	Arcadia
51431	IA	Arthur
51432	IA	Aspinwall
51433	IA	Auburn|Yetter
51436	IA	Breda
51439	IA	Charter Oak|Ricketts
51440	IA	Dedham
51441	IA	Deloit
51442	IA	Denison
51443	IA	Glidden|Ralston|Lanesboro
51444	IA	Halbur
51445	IA	Ida Grove
51446	IA	Irwin
51447	IA	Kirkman
51448	IA	Kiron
51449	IA	Lake City
51450	IA	Lake View
51451	IA	Lanesboro
51452	IA	Lidderdale
51453	IA	Lohrville|Lanesboro
51454	IA	Manilla
51455	IA	Manning
51458	IA	Odebolt
51459	IA	Ralston
51460	IA	Ricketts
51461	IA	Schleswig
51462	IA	Scranton|Ralston
51463	IA	Templeton
51465	IA	Vail
51466	IA	Wall Lake
51467	IA	Westside
51501	IA	Council Bluffs
51502	IA	Council Bluffs
51503	IA	Council Bluffs
51510	IA	Carter Lake
51520	IA	Arion
51521	IA	Avoca
51523	IA	Blencoe
51525	IA	Carson
51526	IA	Crescent
51527	IA	Defiance
51528	IA	Dow City|Buck Grove|Arion
51529	IA	Dunlap
51530	IA	Earling
51531	IA	Elk Horn
51532	IA	Elliott|Grant
51533	IA	Emerson
51534	IA	Glenwood
51535	IA	Griswold
51536	IA	Hancock
51537	IA	Harlan|Tennant|Westphalia|Jacksonville|Corley
51540	IA	Hastings
51541	IA	Henderson
51542	IA	Honey Creek
51543	IA	Kimballton
51544	IA	Lewis
51545	IA	Little Sioux|River Sioux
51546	IA	Logan
51548	IA	Mc Clelland|McClelland
51549	IA	Macedonia
51550	IA	Magnolia
51551	IA	Malvern
51552	IA	Marne
51553	IA	Minden
51554	IA	Mineola
51555	IA	Missouri Valley|California Junction|Loveland
51556	IA	Modale
51557	IA	Mondamin
51558	IA	Moorhead
51559	IA	Neola|Bentley
51560	IA	Oakland
51561	IA	Pacific Junction
51562	IA	Panama
51563	IA	Persia
51564	IA	Pisgah
51565	IA	Portsmouth
51566	IA	Red Oak|Coburg
51570	IA	Shelby
51571	IA	Silver City
51572	IA	Soldier
51573	IA	Stanton
51575	IA	Treynor
51576	IA	Underwood|Weston|Bentley
51577	IA	Walnut
51578	IA	Westphalia
51579	IA	Woodbine
51591	IA	Red Oak
51593	IA	Harlan
51601	IA	Shenandoah
51603	IA	Shenandoah
51630	IA	Blanchard|College Springs
51631	IA	Braddyville
51632	IA	Clarinda|Shambaugh|Hepburn
51636	IA	Coin
51637	IA	College Springs
51638	IA	Essex
51639	IA	Farragut
51640	IA	Hamburg
51645	IA	Imogene
51646	IA	New Market
51647	IA	Northboro
51648	IA	Percival
51649	IA	Randolph
51650	IA	Riverton
51651	IA	Shambaugh
51652	IA	Sidney|Anderson
51653	IA	Tabor
51654	IA	Thurman|Bartlett
51656	IA	Yorktown
52001	IA	Dubuque|Sageville
52002	IA	Dubuque|Asbury
52003	IA	Dubuque
52004	IA	Dubuque
52030	IA	Andrew
52031	IA	Bellevue
52032	IA	Bernard
52033	IA	Cascade
52035	IA	Colesburg|Osterdock
52036	IA	Delaware
52037	IA	Delmar|Welton
52038	IA	Dundee
52039	IA	Durango|Rickardsville|Graf
52040	IA	Dyersville
52041	IA	Earlville
52042	IA	Edgewood
52043	IA	Elkader
52044	IA	Elkport
52045	IA	Epworth|Bankston
52046	IA	Farley
52047	IA	Farmersburg
52048	IA	Garber
52049	IA	Garnavillo|Clayton
52050	IA	Greeley
52052	IA	Guttenberg|Osterdock
52053	IA	Holy Cross|North Buena Vista
52054	IA	La Motte
52056	IA	Luxemburg
52057	IA	Manchester|Delaware
52060	IA	Maquoketa
52064	IA	Miles
52065	IA	New Vienna
52066	IA	North Buena Vista
52068	IA	Peosta|Centralia
52069	IA	Preston|Spragueville
52070	IA	Sabula
52071	IA	St. Donatus|Saint Donatus
52072	IA	Saint Olaf|St. Olaf
52073	IA	Sherrill|Balltown
52074	IA	Spragueville
52075	IA	Springbrook
52076	IA	Strawberry Point
52077	IA	Volga
52078	IA	Worthington
52079	IA	Zwingle
52099	IA	Dubuque
52101	IA	Decorah|Burr Oak
52132	IA	Calmar|Spillville
52133	IA	Castalia
52134	IA	Chester
52135	IA	Clermont
52136	IA	Cresco
52140	IA	Dorchester
52141	IA	Elgin
52142	IA	Fayette
52144	IA	Fort Atkinson
52146	IA	Harpers Ferry
52147	IA	Hawkeye
52149	IA	Highlandville
52151	IA	Lansing
52154	IA	Lawler
52155	IA	Lime Springs
52156	IA	Luana
52157	IA	Mc Gregor|McGregor|Marquette
52158	IA	Marquette
52159	IA	Monona
52160	IA	New Albin
52161	IA	Ossian
52162	IA	Postville
52163	IA	Protivin
52164	IA	Randalia
52165	IA	Ridgeway
52166	IA	St. Lucas|Saint Lucas
52168	IA	Spillville
52169	IA	Wadena
52170	IA	Waterville
52171	IA	Waucoma|Jackson Junction|St. Lucas|Protivin
52172	IA	Waukon
52175	IA	West Union
52201	IA	Ainsworth
52202	IA	Alburnett
52203	IA	Amana|Middle Amana|High Amana|East Amana|West Amana
52204	IA	Amana
52205	IA	Anamosa|Morley|Stone City
52206	IA	Atkins
52207	IA	Baldwin
52208	IA	Belle Plaine
52209	IA	Blairstown
52210	IA	Brandon
52211	IA	Brooklyn|Holiday Lake
52212	IA	Center Junction
52213	IA	Center Point
52214	IA	Central City
52215	IA	Chelsea|Vining
52216	IA	Clarence
52217	IA	Clutier
52218	IA	Coggon
52219	IA	Prairieburg
52220	IA	Conroy
52221	IA	Guernsey
52222	IA	Deep River
52223	IA	Delhi|Delaware
52224	IA	Dysart
52225	IA	Elberon
52227	IA	Ely
52228	IA	Fairfax
52229	IA	Garrison
52231	IA	Harper
52232	IA	Hartwick
52233	IA	Hiawatha
52235	IA	Hills
52236	IA	Homestead
52237	IA	Hopkinton
52240	IA	Iowa City|Hills
52241	IA	Coralville
52242	IA	Iowa City
52243	IA	Iowa City
52244	IA	Iowa City
52245	IA	Iowa City
52246	IA	Iowa City|University Heights
52247	IA	Kalona|Frytown
52248	IA	Keota|Kinross
52249	IA	Keystone
52251	IA	Ladora
52252	IA	Langworthy
52253	IA	Lisbon
52254	IA	Lost Nation
52255	IA	Lowden
52257	IA	Luzerne
52301	IA	Marengo
52302	IA	Marion|Robins
52305	IA	Martelle
52306	IA	Mechanicsville
52307	IA	Middle Amana
52308	IA	Millersburg
52309	IA	Monmouth
52310	IA	Monticello
52312	IA	Morley
52313	IA	Mount Auburn
52314	IA	Mount Vernon
52315	IA	Newhall
52316	IA	North English
52317	IA	North Liberty
52318	IA	Norway
52320	IA	Olin
52321	IA	Onslow
52322	IA	Oxford
52323	IA	Oxford Junction
52324	IA	Palo
52325	IA	Parnell
52326	IA	Quasqueton
52327	IA	Riverside
52328	IA	Robins
52329	IA	Rowley|Quasqueton
52330	IA	Ryan
52332	IA	Shellsburg
52333	IA	Solon
52334	IA	South Amana
52335	IA	South English|Kinross
52336	IA	Springville
52337	IA	Stanwood
52338	IA	Swisher|Shueyville
52339	IA	Tama
52340	IA	Tiffin
52341	IA	Toddville
52342	IA	Toledo
52344	IA	Troy Mills
52345	IA	Urbana
52346	IA	Van Horne
52347	IA	Victor
52348	IA	Vining
52349	IA	Vinton
52351	IA	Walford
52352	IA	Walker
52353	IA	Washington
52354	IA	Watkins
52355	IA	Webster
52356	IA	Wellman
52358	IA	West Branch|Downey
52359	IA	West Chester
52361	IA	Williamsburg
52362	IA	Wyoming
52401	IA	Cedar Rapids
52402	IA	Cedar Rapids
52403	IA	Cedar Rapids|Bertram
52404	IA	Cedar Rapids|Shueyville
52405	IA	Cedar Rapids
52406	IA	Cedar Rapids
52407	IA	Cedar Rapids
52408	IA	Cedar Rapids
52409	IA	Cedar Rapids
52410	IA	Cedar Rapids
52411	IA	Cedar Rapids|Robins|Hiawatha
52497	IA	Cedar Rapids
52498	IA	Cedar Rapids
52499	IA	Cedar Rapids
52501	IA	Ottumwa|Chillicothe
52530	IA	Agency
52531	IA	Albia|Melrose
52533	IA	Batavia
52534	IA	Beacon
52535	IA	Birmingham
52536	IA	Blakesburg
52537	IA	Bloomfield
52540	IA	Brighton|Pleasant Plain
52542	IA	Cantril
52543	IA	Cedar
52544	IA	Centerville|Numa|Rathbun
52548	IA	Chillicothe
52549	IA	Cincinnati
52550	IA	Delta
52551	IA	Douds|Leando
52552	IA	Drakesville
52553	IA	Eddyville
52554	IA	Eldon
52555	IA	Exline
52556	IA	Fairfield|Maharishi Vedic City
52557	IA	Fairfield
52560	IA	Floris
52561	IA	Fremont
52562	IA	Hayesville
52563	IA	Hedrick|Martinsburg
52565	IA	Keosauqua
52566	IA	Kirkville
52567	IA	Libertyville
52568	IA	Martinsburg
52569	IA	Melrose
52570	IA	Milton
52571	IA	Moravia
52572	IA	Moulton
52573	IA	Mount Sterling
52574	IA	Mystic
52576	IA	Ollie
52577	IA	Oskaloosa|University Park|Beacon|Keomah Village
52580	IA	Packwood
52581	IA	Plano
52583	IA	Promise City
52584	IA	Pulaski
52585	IA	Richland
52586	IA	Rose Hill
52588	IA	Selma
52590	IA	Seymour
52591	IA	Sigourney|Hayesville
52593	IA	Udell
52594	IA	Unionville
52595	IA	University Park
52601	IA	Burlington|Oak Hills
52619	IA	Argyle
52620	IA	Bonaparte
52621	IA	Crawfordsville
52623	IA	Danville
52624	IA	Denmark
52625	IA	Donnellson|Houghton|Franklin
52626	IA	Farmington
52627	IA	Fort Madison|Denmark
52630	IA	Hillsboro
52631	IA	Houghton
52632	IA	Keokuk|Mooar|Sandusky
52635	IA	Lockridge
52637	IA	Mediapolis|Kingston
52638	IA	Middletown
52639	IA	Montrose|Fort Madison
52640	IA	Morning Sun
52641	IA	Mount Pleasant|Rome|Westwood|Swedesburg|Trenton
52642	IA	Rome
52644	IA	Mount Union
52645	IA	New London|Lowell
52646	IA	Oakville
52647	IA	Olds
52648	IA	Pilot Grove
52649	IA	Salem
52650	IA	Sperry
52651	IA	Stockport
52652	IA	Swedesburg
52653	IA	Wapello
52654	IA	Wayland|Coppock
52655	IA	West Burlington|Beaverdale
52656	IA	West Point|Franklin
52657	IA	St. Paul|Saint Paul
52658	IA	Wever|Augusta|Denmark
52659	IA	Winfield|Olds
52660	IA	Yarmouth
52701	IA	Andover
52720	IA	Atalissa
52721	IA	Bennett
52722	IA	Bettendorf|Riverdale|Panorama Park
52726	IA	Blue Grass|Buffalo|Montpelier
52727	IA	Bryant
52728	IA	Buffalo
52729	IA	Calamus
52730	IA	Camanche|Low Moor
52731	IA	Charlotte
52732	IA	Clinton
52733	IA	Clinton
52734	IA	Clinton
52736	IA	Clinton
52737	IA	Columbus City
52738	IA	Columbus Junction|Fredonia|Cotter
52739	IA	Conesville
52742	IA	De Witt|DeWitt
52745	IA	Dixon|Big Rock
52746	IA	Donahue
52747	IA	Durant
52748	IA	Eldridge|Park View
52749	IA	Fruitland
52750	IA	Goose Lake
52751	IA	Grand Mound
52752	IA	Grandview
52753	IA	Le Claire|Princeton|Argo
52754	IA	Letts|Grandview
52755	IA	Lone Tree
52756	IA	Long Grove|McCausland|Park View
52757	IA	Low Moor
52758	IA	McCausland|Mc Causland
52759	IA	Montpelier
52760	IA	Moscow
52761	IA	Muscatine|Kent Estates|Fairport|Montpelier
52765	IA	New Liberty
52766	IA	Nichols
52767	IA	Pleasant Valley
52768	IA	Princeton
52769	IA	Stockton
52771	IA	Teeds Grove
52772	IA	Tipton|Rochester
52773	IA	Walcott|Maysville|Plainview
52774	IA	Welton
52776	IA	West Liberty
52777	IA	Wheatland|Toronto|Big Rock
52778	IA	Wilton
52801	IA	Davenport
52802	IA	Davenport
52803	IA	Davenport
52804	IA	Davenport|Buffalo
52805	IA	Davenport
52806	IA	Davenport
52807	IA	Davenport
52808	IA	Davenport
52809	IA	Davenport
53001	WI	Adell|Batavia
53002	WI	Allenton
53003	WI	Ashippun
53004	WI	Belgium|Fredonia
53005	WI	Brookfield
53006	WI	Brownsville
53007	WI	Butler
53008	WI	Brookfield
53010	WI	Campbellsport
53011	WI	Cascade
53012	WI	Cedarburg
53013	WI	Cedar Grove
53014	WI	Chilton|Stockbridge|Brothertown|Collins
53015	WI	Cleveland
53016	WI	Clyman
53017	WI	Richfield|Colgate|Germantown
53018	WI	Delafield
53019	WI	Eden
53020	WI	Elkhart Lake
53021	WI	Fredonia|Waubeka
53022	WI	Germantown
53023	WI	Glenbeulah|Greenbush
53024	WI	Grafton|Port Washington
53026	WI	Greenbush
53027	WI	Hartford
53029	WI	Hartland|Delafield|Merton|Chenequa|North Lake
53031	WI	Hingham
53032	WI	Horicon|Kekoskee
53033	WI	Richfield|Hubertus
53034	WI	Hustisford
53035	WI	Iron Ridge
53036	WI	Ixonia|Lac La Belle|Ashippun
53037	WI	Jackson
53038	WI	Johnson Creek
53039	WI	Juneau|Clyman
53040	WI	Kewaskum
53042	WI	Kiel
53044	WI	Kohler
53045	WI	Brookfield
53046	WI	Lannon
53047	WI	Lebanon
53048	WI	Lomira
53049	WI	Malone|St. Peter
53050	WI	Mayville|Kekoskee
53051	WI	Menomonee Falls
53052	WI	Menomonee Falls
53056	WI	Merton
53057	WI	Mount Calvary
53058	WI	Nashotah|Chenequa|Delafield
53059	WI	Neosho|Hustisford
53060	WI	Newburg
53061	WI	New Holstein
53062	WI	New Holstein
53063	WI	Newton
53064	WI	North Lake
53065	WI	Oakfield
53066	WI	Oconomowoc|Summit|Oconomowoc Lake|Lac La Belle|Dousman|Okauchee Lake|Ashippun
53069	WI	Okauchee|Okauchee Lake
53070	WI	Oostburg|Gibbsville
53072	WI	Pewaukee
53073	WI	Plymouth|Glenbeulah
53074	WI	Port Washington
53075	WI	Random Lake
53076	WI	Richfield|Germantown
53078	WI	Rubicon|Hartford
53079	WI	Saint Cloud|St. Cloud
53080	WI	Saukville|Waubeka
53081	WI	Sheboygan|Kohler
53082	WI	Sheboygan
53083	WI	Sheboygan|Howards Grove
53085	WI	Sheboygan Falls|Gibbsville|Hingham
53086	WI	Slinger
53088	WI	Stockbridge
53089	WI	Sussex|Merton
53090	WI	West Bend|Newburg
53091	WI	Theresa
53092	WI	Mequon|Thiensville
53093	WI	Waldo|Hingham
53094	WI	Watertown|Johnson Creek
53095	WI	West Bend|Newburg
53097	WI	Mequon
53098	WI	Watertown|Lebanon
53099	WI	Woodland
53101	WI	Bassett
53102	WI	Benet Lake
53103	WI	Big Bend
53104	WI	Bristol|Salem Lakes
53105	WI	Burlington|Rochester|Bohners Lake|Browns Lake|Lyons|New Munster|Lily Lake|Lake Ivanhoe|Powers Lake
53108	WI	Caledonia|Raymond
53109	WI	Camp Lake
53110	WI	Cudahy
53114	WI	Darien|Allens Grove
53115	WI	Delavan|Delavan Lake|Turtle Lake|Lake Lorraine
53118	WI	Dousman
53119	WI	Eagle
53120	WI	East Troy|Mukwonago|Potter Lake
53121	WI	Elkhorn|Lauderdale Lakes
53122	WI	Elm Grove
53125	WI	Fontana-on-Geneva Lake|Fontana
53126	WI	Raymond|Franksville|Caledonia|Yorkville
53127	WI	Genesee Depot
53128	WI	Genoa City|Bloomfield|Twin Lakes|Powers Lake|Lake Ivanhoe
53129	WI	Greendale
53130	WI	Hales Corners
53132	WI	Franklin|Greendale
53137	WI	Helenville|Rome
53138	WI	Honey Creek
53139	WI	Kansasville|Eagle Lake
53140	WI	Kenosha|Somers
53141	WI	Kenosha
53142	WI	Kenosha|Bristol|Pleasant Prairie
53143	WI	Kenosha|Pleasant Prairie
53144	WI	Kenosha|Somers
53146	WI	New Berlin
53147	WI	Lake Geneva|Bloomfield|Como|Springfield
53148	WI	Lyons
53149	WI	Mukwonago
53150	WI	Muskego
53151	WI	New Berlin
53152	WI	New Munster
53153	WI	North Prairie
53154	WI	Oak Creek
53156	WI	Palmyra
53157	WI	Bloomfield|Pell Lake
53158	WI	Pleasant Prairie
53159	WI	Powers Lake
53167	WI	Rochester
53168	WI	Salem|Salem Lakes|Paddock Lake
53170	WI	Salem Lakes|Silver Lake
53171	WI	Somers
53172	WI	South Milwaukee
53176	WI	Springfield
53177	WI	Sturtevant|Mount Pleasant|Yorkville|Somers
53178	WI	Sullivan|Rome
53179	WI	Salem Lakes|Trevor
53181	WI	Twin Lakes
53182	WI	Union Grove|Yorkville
53183	WI	Wales
53184	WI	Walworth|Big Foot Prairie
53185	WI	Waterford|Rochester|Tichigan|Wind Lake
53186	WI	Waukesha|Pewaukee
53187	WI	Waukesha
53188	WI	Waukesha|Pewaukee
53189	WI	Waukesha|Big Bend
53190	WI	Whitewater|Lake Lorraine
53191	WI	Williams Bay
53192	WI	Salem Lakes|Wilmot
53194	WI	Woodworth
53195	WI	Zenda
53201	WI	Milwaukee
53202	WI	Milwaukee
53203	WI	Milwaukee
53204	WI	Milwaukee
53205	WI	Milwaukee
53206	WI	Milwaukee
53207	WI	Milwaukee
53208	WI	Milwaukee
53209	WI	Milwaukee|Glendale|Brown Deer
53210	WI	Milwaukee
53211	WI	Milwaukee|Shorewood|Whitefish Bay
53212	WI	Milwaukee|Glendale
53213	WI	Wauwatosa|Milwaukee
53214	WI	West Allis|Milwaukee|West Milwaukee
53215	WI	Milwaukee|West Milwaukee
53216	WI	Milwaukee
53217	WI	Milwaukee|River Hills|Fox Point|Bayside|Glendale|Whitefish Bay
53218	WI	Milwaukee
53219	WI	Milwaukee|West Allis|West Milwaukee
53220	WI	Greenfield|Milwaukee
53221	WI	Milwaukee|Greenfield
53222	WI	Milwaukee|Wauwatosa
53223	WI	Milwaukee|Brown Deer
53224	WI	Milwaukee
53225	WI	Milwaukee|Wauwatosa
53226	WI	Wauwatosa|Milwaukee
53227	WI	West Allis|Milwaukee
53228	WI	Greenfield|Milwaukee
53233	WI	Milwaukee
53234	WI	Milwaukee
53235	WI	St. Francis|Saint Francis
53237	WI	Milwaukee
53259	WI	Milwaukee
53263	WI	Milwaukee
53267	WI	Milwaukee
53268	WI	Milwaukee
53274	WI	Milwaukee
53278	WI	Milwaukee
53288	WI	Milwaukee
53290	WI	Milwaukee
53293	WI	Milwaukee
53295	WI	Milwaukee
53401	WI	Racine
53402	WI	Caledonia|Racine|Wind Point|North Bay
53403	WI	Mount Pleasant|Racine|Somers
53404	WI	Racine|Caledonia
53405	WI	Racine|Mount Pleasant|Caledonia|Elmwood Park
53406	WI	Mount Pleasant|Racine|Caledonia
53407	WI	Racine
53408	WI	Racine
53501	WI	Afton
53502	WI	Albany
53503	WI	Arena
53504	WI	Argyle
53505	WI	Avalon
53506	WI	Avoca
53507	WI	Barneveld
53508	WI	Belleville
53510	WI	Belmont
53511	WI	Beloit|Shopiere
53512	WI	Beloit
53515	WI	Black Earth
53516	WI	Blanchardville
53517	WI	Blue Mounds
53518	WI	Blue River
53520	WI	Brodhead
53521	WI	Brooklyn
53522	WI	Browntown
53523	WI	Cambridge|Rockdale|Lake Ripley
53525	WI	Clinton|Shopiere|Allens Grove
53526	WI	Cobb
53527	WI	Cottage Grove
53528	WI	Cross Plains
53529	WI	Dane
53530	WI	Darlington
53531	WI	Deerfield
53532	WI	Deforest|Windsor
53533	WI	Dodgeville|Edmund
53534	WI	Edgerton|Lake Koshkonong|Fulton
53535	WI	Edmund
53536	WI	Evansville
53537	WI	Footville
53538	WI	Fort Atkinson|Lake Koshkonong|Hebron
53540	WI	Gotham
53541	WI	Gratiot|Wiota
53542	WI	Hanover
53543	WI	Highland
53544	WI	Hollandale
53545	WI	Janesville
53546	WI	Janesville
53547	WI	Janesville
53548	WI	Janesville|Footville|Hanover
53549	WI	Jefferson
53550	WI	Juda
53551	WI	Lake Mills
53553	WI	Linden
53554	WI	Livingston
53555	WI	Lodi|Lake Wisconsin
53556	WI	Lone Rock|Sextonville|Gotham
53557	WI	Lowell
53558	WI	Mc Farland|McFarland
53559	WI	Marshall
53560	WI	Mazomanie
53561	WI	Merrimac|Lake Wisconsin
53562	WI	Middleton|Madison
53563	WI	Milton|Lake Koshkonong
53565	WI	Mineral Point
53566	WI	Monroe
53569	WI	Montfort
53570	WI	Monticello
53571	WI	Windsor|Morrisonville
53572	WI	Mount Horeb
53573	WI	Muscoda|Boaz
53574	WI	New Glarus
53575	WI	Oregon|Fitchburg
53576	WI	Orfordville|Hanover
53577	WI	Plain
53578	WI	Prairie Du Sac|Lake Wisconsin
53579	WI	Reeseville
53580	WI	Rewey
53581	WI	Richland Center|Boaz|Sextonville
53582	WI	Ridgeway
53583	WI	Sauk City
53584	WI	Sextonville
53585	WI	Sharon
53586	WI	Shullsburg
53587	WI	South Wayne|Wiota
53588	WI	Spring Green
53589	WI	Stoughton
53590	WI	Sun Prairie|Windsor|Cottage Grove
53593	WI	Verona|Madison|Fitchburg
53594	WI	Waterloo
53595	WI	Dodgeville
53596	WI	Sun Prairie
53597	WI	Waunakee|Middleton
53598	WI	Windsor|DeForest
53599	WI	Woodford
53701	WI	Madison
53702	WI	Madison
53703	WI	Madison
53704	WI	Madison|Maple Bluff
53705	WI	Madison|Shorewood Hills
53706	WI	Madison
53707	WI	Madison
53708	WI	Madison
53711	WI	Fitchburg|Madison
53713	WI	Madison|Fitchburg|Monona
53714	WI	Madison
53715	WI	Madison
53716	WI	Madison|Monona
53717	WI	Madison
53718	WI	Madison
53719	WI	Madison|Fitchburg
53725	WI	Madison
53726	WI	Madison
53744	WI	Madison
53774	WI	Madison
53777	WI	Madison
53778	WI	Madison
53779	WI	Madison
53782	WI	Madison
53783	WI	Madison
53784	WI	Madison
53785	WI	Madison
53786	WI	Madison
53788	WI	Madison
53789	WI	Madison
53790	WI	Madison
53791	WI	Madison
53792	WI	Madison
53793	WI	Madison
53794	WI	Madison
53801	WI	Bagley
53802	WI	Beetown
53803	WI	Benton
53804	WI	Bloomington
53805	WI	Boscobel|Woodman
53806	WI	Cassville
53807	WI	Cuba City|Dickeyville|Kieler
53808	WI	Dickeyville
53809	WI	Fennimore
53810	WI	Glen Haven
53811	WI	Hazel Green|Sandy Hook
53812	WI	Kieler
53813	WI	Lancaster
53816	WI	Mount Hope
53817	WI	Patch Grove
53818	WI	Platteville
53820	WI	Potosi|Tennyson
53821	WI	Prairie Du Chien
53824	WI	Sinsinawa
53825	WI	Stitzer
53826	WI	Wauzeka|Eastman
53827	WI	Woodman
53901	WI	Portage|Briggsville
53910	WI	Adams|Easton
53911	WI	Arlington
53913	WI	Baraboo|Lake Delton|West Baraboo
53916	WI	Beaver Dam
53919	WI	Brandon|Alto
53920	WI	Briggsville
53922	WI	Burnett
53923	WI	Cambria
53924	WI	Cazenovia
53925	WI	Columbus|Doylestown
53926	WI	Dalton
53927	WI	Dellwood
53928	WI	Doylestown
53929	WI	Elroy
53930	WI	Endeavor
53931	WI	Fairwater
53932	WI	Fall River
53933	WI	Fox Lake
53934	WI	Friendship|Dellwood
53935	WI	Friesland
53936	WI	Grand Marsh|Easton
53937	WI	Hillpoint
53939	WI	Kingston
53940	WI	Lake Delton
53941	WI	La Valle|Lime Ridge|Ironton
53942	WI	Lime Ridge
53943	WI	Loganville
53944	WI	Lyndon Station
53946	WI	Markesan|Kingston|Marquette
53947	WI	Marquette
53948	WI	Mauston
53949	WI	Montello|Harrisville|Packwaukee
53950	WI	New Lisbon
53951	WI	North Freedom|Bluffview
53952	WI	Oxford
53953	WI	Packwaukee
53954	WI	Pardeeville|Wyocena
53955	WI	Poynette|Lake Wisconsin|Dekorra
53956	WI	Randolph
53957	WI	Randolph
53958	WI	Reedsburg
53959	WI	Reedsburg
53960	WI	Rio|Doylestown|Wyocena
53961	WI	Rock Springs
53962	WI	Union Center
53963	WI	Waupun|Alto
53964	WI	Westfield|Harrisville
53965	WI	Wisconsin Dells|Lake Delton
53968	WI	Wonewoc|Union Center
53969	WI	Wyocena
54001	WI	Amery
54002	WI	Baldwin
54003	WI	Beldenville
54004	WI	Clayton
54005	WI	Clear Lake
54006	WI	Cushing
54007	WI	Deer Park
54009	WI	Dresser
54010	WI	East Ellsworth
54011	WI	Ellsworth
54013	WI	Glenwood City|Emerald
54014	WI	Hager City|Diamond Bluff
54015	WI	Hammond
54016	WI	Hudson|North Hudson
54017	WI	New Richmond
54020	WI	Osceola|Dresser
54021	WI	Prescott
54022	WI	River Falls
54023	WI	Roberts
54024	WI	Saint Croix Falls|St. Croix Falls
54025	WI	Somerset
54026	WI	Star Prairie
54027	WI	Wilson
54028	WI	Woodville
54082	WI	Houlton
54101	WI	Abrams
54102	WI	Amberg
54103	WI	Armstrong Creek
54104	WI	Athelstane
54106	WI	Black Creek|Nichols
54107	WI	Bonduel|Navarino
54110	WI	Brillion|Forest Junction
54111	WI	Cecil|Pulcifer
54112	WI	Coleman
54113	WI	Combined Locks
54114	WI	Crivitz
54115	WI	De Pere|Hobart|Ashwaubenon|Bellevue
54119	WI	Dunbar
54120	WI	Fence
54121	WI	Florence
54123	WI	Forest Junction
54124	WI	Gillett|Legend Lake|Pulcifer
54125	WI	Goodman
54126	WI	Greenleaf
54127	WI	Green Valley
54128	WI	Gresham|Tilleda
54129	WI	Hilbert|Harrison|Stockbridge
54130	WI	Kaukauna|Harrison|Little Chute|Wrightstown
54131	WI	Freedom
54135	WI	Keshena|Legend Lake
54136	WI	Kimberly
54137	WI	Krakow
54138	WI	Lakewood
54139	WI	Lena
54140	WI	Little Chute
54141	WI	Little Suamico
54143	WI	Marinette
54149	WI	Mountain
54150	WI	Neopit|Zoar|Middle Village
54151	WI	Niagara
54152	WI	Nichols
54153	WI	Oconto
54154	WI	Oconto Falls
54155	WI	Oneida|Hobart
54156	WI	Pembine
54157	WI	Peshtigo
54159	WI	Porterfield
54160	WI	Potter
54161	WI	Pound|Coleman
54162	WI	Pulaski|Angelica
54165	WI	Seymour
54166	WI	Shawano|Thornton
54169	WI	Sherwood|Harrison
54170	WI	Shiocton
54171	WI	Sobieski
54173	WI	Suamico
54174	WI	Suring
54175	WI	Townsend
54177	WI	Wausaukee
54180	WI	Wrightstown
54182	WI	Zachow
54201	WI	Algoma
54202	WI	Baileys Harbor
54204	WI	Brussels
54205	WI	Casco
54207	WI	Collins
54208	WI	Denmark
54209	WI	Egg Harbor
54210	WI	Ellison Bay
54211	WI	Ephraim
54212	WI	Fish Creek
54213	WI	Forestville
54214	WI	Francis Creek
54215	WI	Kellnersville
54216	WI	Kewaunee
54217	WI	Luxemburg|Dyckesville
54220	WI	Manitowoc|Francis Creek
54221	WI	Manitowoc
54226	WI	Maplewood
54227	WI	Maribel
54228	WI	Mishicot
54229	WI	New Franken|Green Bay|Dyckesville
54230	WI	Reedsville|Collins|Clarks Mills
54232	WI	St. Nazianz|Saint Nazianz
54234	WI	Sister Bay|Ephraim
54235	WI	Sturgeon Bay|Little Sturgeon
54240	WI	Tisch Mills
54241	WI	Two Rivers
54245	WI	Valders
54246	WI	Washington Island
54247	WI	Whitelaw|Kellnersville|Francis Creek
54301	WI	Allouez|Green Bay
54302	WI	Green Bay|Bellevue
54303	WI	Green Bay|Howard
54304	WI	Ashwaubenon|Green Bay
54305	WI	Green Bay
54306	WI	Green Bay
54307	WI	Allouez|Green Bay
54308	WI	Green Bay
54311	WI	Green Bay|Bellevue
54313	WI	Green Bay|Suamico|Howard|Ashwaubenon|Hobart
54324	WI	Green Bay
54344	WI	Green Bay
54401	WI	Wausau|Maine|Rib Mountain
54402	WI	Wausau
54403	WI	Wausau
54404	WI	Marshfield
54405	WI	Abbotsford|Dorchester
54406	WI	Amherst|Amherst Junction
54407	WI	Amherst Junction|Nelsonville
54408	WI	Aniwa
54409	WI	Antigo|Mattoon
54410	WI	Arpin
54411	WI	Athens
54412	WI	Auburndale
54413	WI	Babcock
54414	WI	Birnamwood|Aniwa
54415	WI	Blenker
54416	WI	Bowler|Tilleda
54417	WI	Maine|Brokaw
54418	WI	Bryant
54420	WI	Chili
54421	WI	Colby|Abbotsford
54422	WI	Curtiss
54423	WI	Custer|Polonia
54424	WI	Deerbrook
54425	WI	Dorchester
54426	WI	Edgar|Fenwood
54427	WI	Eland|Elderon
54428	WI	Elcho|Post Lake
54429	WI	Elderon
54430	WI	Elton
54432	WI	Galloway
54433	WI	Gilman
54434	WI	Jump River
54435	WI	Gleason
54436	WI	Granton
54437	WI	Greenwood
54439	WI	Hannibal
54440	WI	Hatley
54441	WI	Hewitt
54442	WI	Irma
54443	WI	Junction City
54446	WI	Loyal
54447	WI	Lublin
54448	WI	Marathon|Marathon City
54449	WI	Marshfield
54450	WI	Mattoon
54451	WI	Medford|Whittlesey|Chelsea
54452	WI	Merrill|Maine
54454	WI	Milladore
54455	WI	Mosinee|Kronenwetter|Knowlton
54456	WI	Neillsville
54457	WI	Nekoosa|Lake Arrowhead|Lake Camelot|Lake Sherwood|Ceex Haci
54458	WI	Nelsonville
54459	WI	Ogema
54460	WI	Owen
54462	WI	Pearson
54463	WI	Pelican Lake
54464	WI	Phlox
54465	WI	Pickerel
54466	WI	Pittsville
54467	WI	Plover
54469	WI	Port Edwards
54470	WI	Rib Lake
54471	WI	Ringle
54472	WI	Marshfield
54473	WI	Rosholt|Polonia
54474	WI	Rothschild
54475	WI	Rudolph
54476	WI	Weston|Schofield|Rothschild
54479	WI	Spencer
54480	WI	Stetsonville
54481	WI	Stevens Point|Whiting|Park Ridge
54482	WI	Stevens Point
54484	WI	Stratford
54485	WI	Summit Lake
54486	WI	Tigerton|Big Falls|Caroline
54487	WI	Tomahawk
54488	WI	Unity
54489	WI	Vesper
54490	WI	Westboro|Chelsea
54491	WI	White Lake
54492	WI	Stevens Point
54493	WI	Willard
54494	WI	Wisconsin Rapids|Biron|Port Edwards|Lake Wazeecha
54495	WI	Wisconsin Rapids|Port Edwards
54498	WI	Withee|Owen
54499	WI	Wittenberg|Elderon|Paac Ciinak
54501	WI	Rhinelander
54511	WI	Argonne|Newald
54512	WI	Boulder Junction
54513	WI	Brantwood
54514	WI	Butternut
54515	WI	Catawba
54517	WI	Clam Lake
54519	WI	Conover
54520	WI	Crandon|Mole Lake
54521	WI	Eagle River
54524	WI	Fifield
54525	WI	Montreal|Gile
54526	WI	Glen Flora|Ingram
54527	WI	Glidden
54529	WI	Harshaw
54530	WI	Hawkins
54531	WI	Hazelhurst
54532	WI	Heafford Junction
54534	WI	Hurley
54536	WI	Iron Belt
54537	WI	Kennan
54538	WI	Lac Du Flambeau
54539	WI	Lake Tomahawk
54540	WI	Land O Lakes
54541	WI	Laona
54542	WI	Long Lake
54543	WI	Mc Naughton
54545	WI	Manitowish Waters
54546	WI	Mellen
54547	WI	Mercer
54548	WI	Minocqua|Woodruff
54550	WI	Montreal|Pence
54552	WI	Park Falls
54554	WI	Phelps
54555	WI	Phillips
54556	WI	Prentice
54557	WI	Presque Isle
54558	WI	Saint Germain
54559	WI	Saxon|Birch Hill
54560	WI	Sayner
54561	WI	Star Lake
54562	WI	Three Lakes
54563	WI	Tony|Glen Flora
54564	WI	Tripoli
54565	WI	Upson
54566	WI	Wabeno
54568	WI	Woodruff
54601	WI	La Crosse|St. Joseph
54602	WI	La Crosse
54603	WI	La Crosse|French Island
54610	WI	Alma
54611	WI	Alma Center
54612	WI	Arcadia|Independence
54613	WI	Arkdale|Dellwood
54614	WI	Bangor|Rockland
54615	WI	Black River Falls|Millston|Mission|Sand Pillow
54616	WI	Blair
54618	WI	Camp Douglas|Hustler
54619	WI	Cashton|Melvina
54620	WI	Cataract
54621	WI	Chaseburg
54622	WI	Cochrane|Buffalo City|Waumandee
54623	WI	Coon Valley
54624	WI	De Soto
54625	WI	Dodge
54626	WI	Eastman|Lynxville|Seneca
54627	WI	Ettrick
54628	WI	Ferryville
54629	WI	Fountain City
54630	WI	Galesville
54631	WI	Gays Mills|Bell Center|Mount Sterling|Seneca
54632	WI	Genoa
54634	WI	Hillsboro|Yuba
54635	WI	Hixton
54636	WI	Holmen
54637	WI	Hustler
54638	WI	Kendall
54639	WI	La Farge
54640	WI	Lynxville
54641	WI	Mather
54642	WI	Melrose
54643	WI	Millston
54644	WI	Mindoro
54645	WI	Mount Sterling
54646	WI	Necedah
54648	WI	Norwalk
54649	WI	Oakdale
54650	WI	Onalaska|Holmen|Brice Prairie
54651	WI	Ontario
54652	WI	Readstown
54653	WI	Rockland
54654	WI	Seneca
54655	WI	Soldiers Grove
54656	WI	Sparta|Cataract
54657	WI	Steuben
54658	WI	Stoddard
54659	WI	Taylor|Blair
54660	WI	Tomah|Oakdale|Wyeville|Tunnel City
54661	WI	Trempealeau
54662	WI	Tunnel City
54664	WI	Viola
54665	WI	Viroqua
54666	WI	Warrens|Wyeville
54667	WI	Westby
54669	WI	West Salem
54670	WI	Wilton
54701	WI	Eau Claire|Altoona
54702	WI	Eau Claire
54703	WI	Eau Claire|Lake Hallie|Seymour
54720	WI	Altoona
54721	WI	Arkansaw
54722	WI	Augusta
54723	WI	Bay City
54724	WI	Bloomer
54725	WI	Boyceville
54726	WI	Boyd
54727	WI	Cadott
54728	WI	Chetek
54729	WI	Chippewa Falls|Lake Hallie|Lake Wissota
54730	WI	Colfax|Tainter Lake
54731	WI	Conrath
54732	WI	Cornell
54733	WI	Dallas
54734	WI	Downing
54735	WI	Downsville
54736	WI	Durand
54737	WI	Eau Galle
54738	WI	Eleva
54739	WI	Elk Mound
54740	WI	Elmwood
54741	WI	Fairchild
54742	WI	Fall Creek
54743	WI	Gilmanton
54745	WI	Holcombe
54746	WI	Humbird
54747	WI	Independence
54748	WI	Jim Falls
54749	WI	Knapp
54750	WI	Maiden Rock
54751	WI	Menomonie|Tainter Lake|Downsville
54754	WI	Merrillan|Hatfield
54755	WI	Mondovi|Gilmanton|Rock Falls
54756	WI	Nelson
54757	WI	New Auburn
54758	WI	Osseo|Pigeon Falls
54759	WI	Pepin
54760	WI	Pigeon Falls
54761	WI	Plum City
54762	WI	Prairie Farm
54763	WI	Ridgeland
54764	WI	Rock Falls
54765	WI	Sand Creek
54766	WI	Sheldon|Jump River
54767	WI	Spring Valley
54768	WI	Stanley
54769	WI	Stockholm
54770	WI	Strum
54771	WI	Thorp
54772	WI	Wheeler
54773	WI	Whitehall|Blair|Independence|Pigeon Falls
54774	WI	Chippewa Falls
54801	WI	Spooner
54805	WI	Almena
54806	WI	Ashland|Odanah|Bayfront|Franks Field|New Odanah|Diaperville
54810	WI	Balsam Lake
54812	WI	Barron
54813	WI	Barronett
54814	WI	Bayfield
54816	WI	Benoit
54817	WI	Birchwood
54818	WI	Brill
54819	WI	Bruce
54820	WI	Brule
54821	WI	Cable
54822	WI	Cameron|Rice Lake
54824	WI	Centuria
54826	WI	Comstock
54827	WI	Cornucopia
54828	WI	Couderay|Reserve|New Post|Chief Lake
54829	WI	Cumberland
54830	WI	Danbury
54832	WI	Drummond
54834	WI	Edgewater
54835	WI	Exeland
54836	WI	Foxboro
54837	WI	Frederic|Lewis
54838	WI	Gordon
54839	WI	Grand View
54840	WI	Grantsburg
54841	WI	Haugen
54842	WI	Hawthorne
54843	WI	Hayward|Chief Lake|Little Round Lake|New Post
54844	WI	Herbster
54845	WI	Hertel
54846	WI	High Bridge
54847	WI	Iron River
54848	WI	Ladysmith
54849	WI	Lake Nebagamon
54850	WI	La Pointe
54853	WI	Luck
54854	WI	Maple
54855	WI	Marengo|Jolmaville
54856	WI	Mason
54857	WI	Mikana
54858	WI	Milltown
54859	WI	Minong
54861	WI	Odanah|New Odanah
54862	WI	Ojibwa
54864	WI	Poplar
54865	WI	Port Wing
54867	WI	Radisson
54868	WI	Rice Lake
54870	WI	Sarona
54871	WI	Shell Lake
54872	WI	Siren
54873	WI	Solon Springs
54874	WI	South Range|Superior
54875	WI	Springbrook
54876	WI	Stone Lake|Reserve
54880	WI	Superior|Oliver
54888	WI	Trego
54889	WI	Turtle Lake
54890	WI	Wascott
54891	WI	Washburn
54893	WI	Webster
54895	WI	Weyerhaeuser
54896	WI	Winter
54901	WI	Oshkosh
54902	WI	Oshkosh
54903	WI	Oshkosh
54904	WI	Oshkosh|Butte des Morts
54906	WI	Oshkosh
54909	WI	Almond
54911	WI	Appleton|Little Chute
54912	WI	Appleton
54913	WI	Appleton|Little Chute
54914	WI	Appleton|Fox Crossing
54915	WI	Appleton|Harrison|Fox Crossing|Kimberly
54919	WI	Appleton
54921	WI	Bancroft
54922	WI	Bear Creek
54923	WI	Berlin
54926	WI	Big Falls
54927	WI	Butte Des Morts
54928	WI	Caroline
54929	WI	Clintonville|Embarrass
54930	WI	Coloma
54931	WI	Dale
54932	WI	Eldorado
54933	WI	Embarrass
54934	WI	Eureka
54935	WI	Fond du Lac|Taycheedah
54936	WI	Fond Du Lac
54937	WI	Fond Du Lac|North Fond du Lac|St. Peter|Taycheedah
54940	WI	Fremont|Tustin|Dale
54941	WI	Green Lake
54942	WI	Greenville
54943	WI	Hancock
54944	WI	Hortonville|Dale
54945	WI	Iola
54946	WI	King
54947	WI	Larsen|Winchester
54948	WI	Leopolis
54949	WI	Manawa
54950	WI	Marion|Pella
54952	WI	Harrison|Menasha|Fox Crossing
54956	WI	Neenah|Fox Crossing
54957	WI	Neenah
54960	WI	Neshkoro
54961	WI	New London|Northport
54962	WI	Ogdensburg
54963	WI	Omro|Eureka|Waukau
54964	WI	Pickett|Waukau
54965	WI	Pine River
54966	WI	Plainfield
54967	WI	Poy Sippi
54968	WI	Princeton
54969	WI	Readfield
54970	WI	Redgranite|Lohrville
54971	WI	Ripon
54974	WI	Rosendale
54976	WI	Saxeville
54977	WI	Scandinavia
54978	WI	Tilleda
54979	WI	Van Dyne
54980	WI	Waukau
54981	WI	Waupaca|Chain O' Lakes|King
54982	WI	Wautoma
54983	WI	Weyauwega
54984	WI	Wild Rose
54985	WI	Oshkosh|Winnebago
54986	WI	Winneconne|Butte des Morts
54990	WI	Iola
55001	MN	Afton
55002	MN	Almelund
55003	MN	Bayport
55005	MN	East Bethel|Bethel|Oak Grove
55006	MN	Braham|Grasston
55007	MN	Brook Park|Quamba
55008	MN	Cambridge
55009	MN	Cannon Falls|Miesville
55010	MN	Castle Rock
55011	MN	East Bethel|Cedar|Oak Grove
55012	MN	Center City
55013	MN	Chisago City|Wyoming
55014	MN	Lino Lakes|Circle Pines|Blaine|Columbus|Lexington
55016	MN	Cottage Grove
55017	MN	Dalbo
55018	MN	Dennison
55019	MN	Dundas
55020	MN	Elko New Market
55021	MN	Faribault|Warsaw
55024	MN	Farmington
55025	MN	Columbus|Forest Lake|Wyoming|Chisago City
55026	MN	Frontenac
55027	MN	Goodhue|Bellechester
55029	MN	Grandy
55030	MN	Grasston
55031	MN	Hampton|New Trier
55032	MN	Harris|North Branch
55033	MN	Hastings|Cottage Grove|Miesville|Vermillion
55036	MN	Henriette
55037	MN	Hinckley
55038	MN	Hugo|Lino Lakes|Centerville
55040	MN	Isanti
55041	MN	Lake City|Frontenac
55042	MN	Lake Elmo
55043	MN	Lakeland|Lake St. Croix Beach|St. Marys Point|Lakeland Shores
55044	MN	Lakeville
55045	MN	Lindstrom
55046	MN	Lonsdale
55047	MN	Marine On Saint Croix|Scandia|Marine on St. Croix
55049	MN	Medford
55051	MN	Mora|Quamba
55052	MN	Morristown
55053	MN	Nerstrand
55054	MN	Elko New Market
55055	MN	Newport
55056	MN	North Branch
55057	MN	Northfield
55060	MN	Owatonna
55063	MN	Pine City|Rock Creek
55065	MN	Randolph
55066	MN	Red Wing|Frontenac
55067	MN	Rock Creek
55068	MN	Rosemount|Coates
55069	MN	Rush City|Rock Creek|Harris
55070	MN	St. Francis|Saint Francis
55071	MN	St. Paul Park|Saint Paul Park
55072	MN	Sandstone
55073	MN	Scandia
55074	MN	Shafer
55075	MN	South St. Paul|South Saint Paul
55076	MN	Inver Grove Heights
55077	MN	Inver Grove Heights|Sunfish Lake
55078	MN	Stacy
55079	MN	Stacy|Wyoming|Martin Lake
55080	MN	Stanchfield
55082	MN	Stillwater|Grant|Oak Park Heights
55083	MN	Stillwater
55084	MN	Taylors Falls
55085	MN	Vermillion
55087	MN	Warsaw
55088	MN	Webster
55089	MN	Welch|Red Wing
55090	MN	Willernie
55092	MN	Wyoming|East Bethel|Columbus
55101	MN	St. Paul|Saint Paul
55102	MN	St. Paul|Saint Paul
55103	MN	St. Paul|Saint Paul
55104	MN	St. Paul|Saint Paul
55105	MN	St. Paul|Saint Paul
55106	MN	St. Paul|Saint Paul
55107	MN	St. Paul|Saint Paul
55108	MN	St. Paul|Saint Paul|Falcon Heights|Lauderdale
55109	MN	Maplewood|Saint Paul|North St. Paul|Little Canada
55110	MN	Saint Paul|White Bear Lake|Hugo|Dellwood|Grant|Vadnais Heights|Gem Lake|Birchwood Village
55111	MN	Saint Paul
55112	MN	Saint Paul|Arden Hills|New Brighton|Mounds View
55113	MN	Roseville|Saint Paul|Falcon Heights|Lauderdale
55114	MN	St. Paul|Saint Paul
55115	MN	Mahtomedi|Saint Paul|Grant|Pine Springs|Willernie
55116	MN	St. Paul|Saint Paul
55117	MN	Saint Paul|St. Paul|Little Canada|Maplewood
55118	MN	Saint Paul|West St. Paul|Mendota Heights|Sunfish Lake|Lilydale
55119	MN	Maplewood|Saint Paul|St. Paul
55120	MN	Mendota Heights|Saint Paul
55121	MN	Eagan|Saint Paul
55122	MN	Eagan|Saint Paul
55123	MN	Eagan|Saint Paul
55124	MN	Apple Valley|Saint Paul
55125	MN	Woodbury|Saint Paul
55126	MN	Shoreview|Saint Paul|Arden Hills
55127	MN	North Oaks|Saint Paul|Vadnais Heights
55128	MN	Oakdale|Saint Paul|Pine Springs|Landfall
55129	MN	Woodbury|Saint Paul
55130	MN	St. Paul|Saint Paul
55131	MN	Saint Paul
55133	MN	Saint Paul
55144	MN	Saint Paul
55145	MN	Saint Paul
55146	MN	Saint Paul
55150	MN	Mendota|Mendota Heights
55155	MN	St. Paul|Saint Paul
55164	MN	Saint Paul
55165	MN	Saint Paul
55170	MN	Saint Paul
55172	MN	Saint Paul
55175	MN	Saint Paul
55187	MN	Saint Paul
55188	MN	Saint Paul
55301	MN	Albertville|Otsego
55302	MN	Annandale
55303	MN	Anoka|Ramsey|Nowthen|Oak Grove
55304	MN	Ham Lake|Andover
55305	MN	Minnetonka|Hopkins
55306	MN	Burnsville
55307	MN	Arlington
55308	MN	Becker
55309	MN	Big Lake
55310	MN	Bird Island
55311	MN	Maple Grove|Rogers
55312	MN	Brownton
55313	MN	Buffalo|St. Michael|Hanover|Rockford
55314	MN	Buffalo Lake
55315	MN	Carver
55316	MN	Champlin
55317	MN	Chanhassen
55318	MN	Chaska|Carver|Chanhassen|Victoria
55319	MN	Clear Lake
55320	MN	Clearwater|St. Augusta
55321	MN	Cokato
55322	MN	Cologne
55323	MN	Crystal Bay
55324	MN	Darwin
55325	MN	Dassel|Kingston
55327	MN	Dayton
55328	MN	Delano|Independence
55329	MN	Eden Valley
55330	MN	Elk River|Otsego|Nowthen|St. Francis
55331	MN	Excelsior|Shorewood|Chanhassen|Minnetrista|Victoria|Tonka Bay|Deephaven|Greenwood
55332	MN	Fairfax
55333	MN	Franklin
55334	MN	Gaylord
55335	MN	Gibbon
55336	MN	Glencoe|New Auburn|Biscay
55337	MN	Burnsville
55338	MN	Green Isle
55339	MN	Hamburg
55340	MN	Corcoran|Hamel|Medina
55341	MN	Hanover
55342	MN	Hector
55343	MN	Hopkins|Minnetonka|Edina
55344	MN	Eden Prairie
55345	MN	Minnetonka
55346	MN	Eden Prairie
55347	MN	Eden Prairie
55348	MN	Maple Plain
55349	MN	Howard Lake
55350	MN	Hutchinson|Cedar Mills
55352	MN	Jordan
55353	MN	Kimball|St. Augusta
55354	MN	Lester Prairie
55355	MN	Litchfield
55356	MN	Orono|Long Lake|Medina
55357	MN	Greenfield|Loretto|Corcoran|Medina
55358	MN	Maple Lake|Silver Creek
55359	MN	Independence|Maple Plain|Minnetrista|Medina|Orono
55360	MN	Mayer
55361	MN	Minnetonka Beach
55362	MN	Monticello|Otsego
55363	MN	Montrose
55364	MN	Minnetrista|Mound|Orono
55366	MN	New Auburn
55367	MN	New Germany
55368	MN	Norwood Young America
55369	MN	Maple Grove|Osseo|Dayton
55370	MN	Plato
55371	MN	Princeton
55372	MN	Prior Lake|Savage
55373	MN	Greenfield|Rockford
55374	MN	Rogers|Corcoran|Otsego
55375	MN	Saint Bonifacius|Minnetrista|St. Bonifacius|Crown College
55376	MN	St. Michael|Saint Michael
55377	MN	Santiago
55378	MN	Savage
55379	MN	Shakopee|Prior Lake
55380	MN	Silver Creek
55381	MN	Silver Lake
55382	MN	South Haven|St. Augusta|Fairhaven
55383	MN	Norwood
55384	MN	Spring Park
55385	MN	Stewart
55386	MN	Victoria
55387	MN	Waconia
55388	MN	Watertown|Minnetrista
55389	MN	Watkins
55390	MN	Waverly
55391	MN	Wayzata|Orono|Minnetonka|Medina|Deephaven|Woodland|Minnetonka Beach
55392	MN	Navarre
55395	MN	Winsted
55396	MN	Winthrop
55397	MN	Young America|Norwood Young America
55398	MN	Zimmerman
55401	MN	Minneapolis
55402	MN	Minneapolis
55403	MN	Minneapolis
55404	MN	Minneapolis
55405	MN	Minneapolis
55406	MN	Minneapolis
55407	MN	Minneapolis
55408	MN	Minneapolis
55409	MN	Minneapolis
55410	MN	Minneapolis|Edina
55411	MN	Minneapolis
55412	MN	Minneapolis
55413	MN	Minneapolis
55414	MN	Minneapolis
55415	MN	Minneapolis
55416	MN	St. Louis Park|Minneapolis|Golden Valley
55417	MN	Minneapolis
55418	MN	Minneapolis|St. Anthony
55419	MN	Minneapolis
55420	MN	Bloomington|Minneapolis
55421	MN	Columbia Heights|Minneapolis|Fridley|St. Anthony|Hilltop
55422	MN	Golden Valley|Minneapolis|Robbinsdale|Crystal
55423	MN	Richfield|Minneapolis
55424	MN	Edina|Minneapolis
55425	MN	Bloomington|Minneapolis
55426	MN	St. Louis Park|Minneapolis|Golden Valley
55427	MN	Golden Valley|Minneapolis|New Hope|Crystal
55428	MN	Minneapolis|Brooklyn Park|New Hope|Crystal
55429	MN	Brooklyn Center|Minneapolis|Crystal|Brooklyn Park
55430	MN	Brooklyn Center|Minneapolis
55431	MN	Bloomington|Minneapolis
55432	MN	Fridley|Minneapolis|Spring Lake Park
55433	MN	Coon Rapids|Minneapolis
55434	MN	Blaine|Minneapolis
55435	MN	Edina|Minneapolis|Bloomington
55436	MN	Edina|Minneapolis
55437	MN	Bloomington|Minneapolis
55438	MN	Bloomington|Minneapolis
55439	MN	Edina|Minneapolis|Bloomington
55440	MN	Minneapolis
55441	MN	Plymouth|Minneapolis|Medicine Lake
55442	MN	Plymouth|Minneapolis
55443	MN	Brooklyn Park|Minneapolis
55444	MN	Brooklyn Park|Minneapolis
55445	MN	Brooklyn Park|Minneapolis
55446	MN	Plymouth|Minneapolis
55447	MN	Plymouth|Minneapolis
55448	MN	Coon Rapids|Minneapolis
55449	MN	Blaine|Minneapolis
55450	MN	Minneapolis
55454	MN	Minneapolis
55455	MN	Minneapolis
55458	MN	Minneapolis
55459	MN	Minneapolis
55460	MN	Minneapolis
55467	MN	Minneapolis
55470	MN	Minneapolis
55472	MN	Minneapolis
55473	MN	Minneapolis
55474	MN	Minneapolis
55478	MN	Minneapolis
55479	MN	Minneapolis
55480	MN	Minneapolis
55483	MN	Minneapolis
55484	MN	Minneapolis
55485	MN	Minneapolis
55486	MN	Minneapolis
55487	MN	Minneapolis
55488	MN	Minneapolis
55550	MN	Young America
55551	MN	Young America
55553	MN	Young America
55554	MN	Norwood
55558	MN	Young America
55568	MN	Young America
55569	MN	Osseo
55570	MN	Maple Plain
55571	MN	Maple Plain
55572	MN	Rockford
55573	MN	Young America
55574	MN	Maple Plain
55575	MN	Howard Lake
55576	MN	Maple Plain
55577	MN	Maple Plain
55578	MN	Maple Plain
55579	MN	Maple Plain
55583	MN	Norwood
55592	MN	Maple Plain
55593	MN	Maple Plain
55594	MN	Young America
55595	MN	Loretto
55596	MN	Loretto
55597	MN	Loretto
55598	MN	Loretto
55599	MN	Loretto
55601	MN	Beaver Bay
55602	MN	Brimson
55603	MN	Finland
55604	MN	Grand Marais
55605	MN	Grand Portage
55606	MN	Hovland
55607	MN	Isabella
55609	MN	Knife River
55612	MN	Lutsen
55613	MN	Schroeder
55614	MN	Silver Bay
55615	MN	Tofte
55616	MN	Two Harbors|Knife River
55702	MN	Alborn
55703	MN	Angora
55704	MN	Askov|Rutledge
55705	MN	Aurora|Biwabik
55706	MN	Babbitt
55707	MN	Barnum|Mahtowa
55708	MN	Biwabik
55709	MN	Bovey|Taconite|Coleraine|Marble|Calumet
55710	MN	Britt|Mountain Iron
55711	MN	Brookston
55712	MN	Bruno|Kerrick
55713	MN	Buhl
55716	MN	Calumet
55717	MN	Canyon
55718	MN	Carlton|Mahtowa
55719	MN	Chisholm|Buhl
55720	MN	Cloquet|Scanlon|Big Lake|Mahnomen
55721	MN	Cohasset
55722	MN	Coleraine
55723	MN	Cook
55724	MN	Cotton
55725	MN	Crane Lake
55726	MN	Cromwell
55730	MN	Grand Rapids
55731	MN	Ely|Winton
55732	MN	Embarrass
55733	MN	Esko|Carlton
55734	MN	Eveleth|Leonidas|Gilbert
55735	MN	Finlayson
55736	MN	Floodwood
55738	MN	Forbes
55741	MN	Gilbert|McKinley
55742	MN	Goodland
55744	MN	Grand Rapids|Coleraine|La Prairie|Cohasset
55745	MN	Grand Rapids
55746	MN	Hibbing|Keewatin
55747	MN	Hibbing
55748	MN	Hill City
55749	MN	Holyoke
55750	MN	Hoyt Lakes
55751	MN	Iron|Iron Junction
55752	MN	Jacobson
55753	MN	Keewatin
55756	MN	Kerrick
55757	MN	Kettle River
55758	MN	Kinney
55760	MN	Mcgregor
55763	MN	Makinen
55764	MN	Marble
55765	MN	Meadowlands
55766	MN	Melrude
55767	MN	Moose Lake|Kettle River
55768	MN	Mountain Iron|Kinney
55769	MN	Nashwauk|Keewatin
55771	MN	Orr|Nett Lake
55772	MN	Nett Lake
55775	MN	Pengilly|Nashwauk
55777	MN	Virginia
55779	MN	Saginaw
55780	MN	Sawyer
55781	MN	Side Lake
55782	MN	Soudan
55783	MN	Sturgeon Lake|Denham
55784	MN	Swan River
55785	MN	Swatara
55786	MN	Taconite
55787	MN	Tamarack
55790	MN	Tower
55791	MN	Twig
55792	MN	Virginia
55793	MN	Warba
55795	MN	Willow River|Rutledge|Denham
55796	MN	Winton
55797	MN	Wrenshall
55798	MN	Wright
55801	MN	Duluth
55802	MN	Duluth
55803	MN	Duluth|Rice Lake
55804	MN	Duluth
55805	MN	Duluth
55806	MN	Duluth
55807	MN	Duluth
55808	MN	Duluth
55810	MN	Duluth|Hermantown|Proctor
55811	MN	Duluth|Hermantown
55812	MN	Duluth
55814	MN	Hermantown|Duluth
55815	MN	Duluth
55816	MN	Duluth
55901	MN	Rochester
55902	MN	Rochester
55903	MN	Rochester
55904	MN	Rochester|Marion
55905	MN	Rochester
55906	MN	Rochester
55909	MN	Adams
55910	MN	Altura|Elba|Minneiska
55912	MN	Austin|Mapleview|Lansing
55917	MN	Blooming Prairie
55918	MN	Brownsdale
55919	MN	Brownsville
55920	MN	Byron
55921	MN	Caledonia
55922	MN	Canton
55923	MN	Chatfield
55924	MN	Claremont
55925	MN	Dakota
55926	MN	Dexter
55927	MN	Dodge Center
55929	MN	Dover
55931	MN	Eitzen
55932	MN	Elgin
55933	MN	Elkton
55934	MN	Eyota
55935	MN	Fountain
55936	MN	Grand Meadow
55939	MN	Harmony
55940	MN	Hayfield
55941	MN	Hokah
55942	MN	Homer
55943	MN	Houston
55944	MN	Kasson
55945	MN	Kellogg|Minneiska
55946	MN	Kenyon
55947	MN	La Crescent|Dresbach
55949	MN	Lanesboro|Whalan
55950	MN	Lansing
55951	MN	Le Roy
55952	MN	Lewiston
55953	MN	Lyle
55954	MN	Mabel
55955	MN	Mantorville
55956	MN	Mazeppa
55957	MN	Millville
55959	MN	Minnesota City|Goodview
55960	MN	Oronoco|Pine Island
55961	MN	Ostrander
55962	MN	Peterson|Rushford Village
55963	MN	Pine Island
55964	MN	Plainview
55965	MN	Preston
55967	MN	Racine
55968	MN	Reads Landing
55969	MN	Rollingstone|Altura
55970	MN	Rose Creek
55971	MN	Rushford|Rushford Village
55972	MN	Saint Charles|St. Charles|Dover
55973	MN	Sargeant
55974	MN	Spring Grove
55975	MN	Spring Valley
55976	MN	Stewartville|High Forest
55977	MN	Taopi
55979	MN	Utica
55981	MN	Wabasha
55982	MN	Waltham
55983	MN	Wanamingo
55985	MN	West Concord
55987	MN	Winona|Stockton|Goodview|Homer|Pickwick
55988	MN	Stockton
55990	MN	Wykoff
55991	MN	Zumbro Falls|Hammond
55992	MN	Zumbrota
56001	MN	Mankato|Skyline|St. Clair
56002	MN	Mankato
56003	MN	Mankato|North Mankato
56007	MN	Albert Lea|Manchester
56009	MN	Alden|Conger|Manchester
56010	MN	Amboy
56011	MN	Belle Plaine
56013	MN	Blue Earth
56014	MN	Bricelyn
56016	MN	Clarks Grove
56017	MN	Cleveland
56019	MN	Comfrey
56020	MN	Conger
56021	MN	Courtland
56022	MN	Darfur
56023	MN	Delavan
56024	MN	Eagle Lake
56025	MN	Easton
56026	MN	Ellendale
56027	MN	Elmore
56028	MN	Elysian
56029	MN	Emmons
56030	MN	Essig
56031	MN	Fairmont|Northrop
56032	MN	Freeborn
56033	MN	Frost
56034	MN	Garden City
56035	MN	Geneva
56036	MN	Glenville|Myrtle
56037	MN	Good Thunder
56039	MN	Granada
56041	MN	Hanska
56042	MN	Hartland
56043	MN	Hayward
56044	MN	Henderson
56045	MN	Hollandale
56046	MN	Hope
56047	MN	Huntley
56048	MN	Janesville
56050	MN	Kasota
56051	MN	Kiester
56052	MN	Kilkenny
56054	MN	Lafayette
56055	MN	Lake Crystal
56056	MN	La Salle
56057	MN	Le Center
56058	MN	Le Sueur
56060	MN	Lewisville
56062	MN	Madelia
56063	MN	Madison Lake
56065	MN	Mapleton
56068	MN	Minnesota Lake
56069	MN	Montgomery
56071	MN	New Prague|Heidelberg
56072	MN	New Richland
56073	MN	New Ulm|Essig|Searles
56074	MN	Nicollet
56075	MN	Northrop
56078	MN	Pemberton
56080	MN	St. Clair|Saint Clair
56081	MN	Saint James|St. James
56082	MN	Saint Peter|St. Peter|Kasota
56083	MN	Sanborn
56084	MN	Searles
56085	MN	Sleepy Eye|Cobden|Evan
56087	MN	Springfield
56088	MN	Truman
56089	MN	Twin Lakes
56090	MN	Vernon Center
56091	MN	Waldorf
56093	MN	Waseca
56096	MN	Waterville
56097	MN	Wells|Walters
56098	MN	Winnebago
56101	MN	Windom|Wilder|Fish Lake
56110	MN	Adrian
56111	MN	Alpha
56113	MN	Arco
56114	MN	Avoca
56115	MN	Balaton
56116	MN	Beaver Creek
56117	MN	Bigelow
56118	MN	Bingham Lake
56119	MN	Brewster
56120	MN	Butterfield|Darfur
56121	MN	Ceylon
56122	MN	Chandler
56123	MN	Currie|The Lakes
56125	MN	Dovray
56127	MN	Dunnell
56128	MN	Edgerton|Hatfield|Leota
56129	MN	Ellsworth
56131	MN	Fulda|Kinbrae|Dundee
56132	MN	Garvin|The Lakes
56134	MN	Hardwick
56136	MN	Hendricks
56137	MN	Heron Lake
56138	MN	Hills
56139	MN	Holland
56140	MN	Ihlen
56141	MN	Iona
56142	MN	Ivanhoe
56143	MN	Jackson
56144	MN	Jasper|Trosky|Ihlen
56145	MN	Jeffers
56146	MN	Kanaranzi
56147	MN	Kenneth
56149	MN	Lake Benton
56150	MN	Lakefield
56151	MN	Lake Wilson|Hadley
56152	MN	Lamberton
56153	MN	Leota
56155	MN	Lismore
56156	MN	Luverne
56157	MN	Lynd
56158	MN	Magnolia
56159	MN	Mountain Lake
56160	MN	Odin
56161	MN	Okabena
56162	MN	Ormsby
56164	MN	Pipestone|Hatfield|Trosky
56165	MN	Reading
56166	MN	Revere
56167	MN	Round Lake
56168	MN	Rushmore
56169	MN	Russell
56170	MN	Ruthton|Florence
56171	MN	Sherburn
56172	MN	Slayton|The Lakes
56173	MN	Steen
56174	MN	Storden
56175	MN	Tracy|The Lakes
56176	MN	Trimont
56178	MN	Tyler
56180	MN	Walnut Grove
56181	MN	Welcome
56183	MN	Westbrook
56185	MN	Wilmont
56186	MN	Woodstock
56187	MN	Worthington
56201	MN	Willmar
56207	MN	Alberta
56208	MN	Appleton|Holloway
56209	MN	Atwater
56210	MN	Barry
56211	MN	Beardsley
56212	MN	Bellingham
56214	MN	Belview
56215	MN	Benson|Clontarf
56216	MN	Blomkest
56218	MN	Boyd
56219	MN	Browns Valley
56220	MN	Canby
56221	MN	Chokio
56222	MN	Clara City
56223	MN	Clarkfield
56224	MN	Clements
56225	MN	Clinton
56226	MN	Clontarf
56227	MN	Correll
56228	MN	Cosmos
56229	MN	Cottonwood
56230	MN	Danube
56231	MN	Danvers
56232	MN	Dawson
56235	MN	Donnelly
56236	MN	Dumont|Johnson
56237	MN	Echo
56239	MN	Ghent
56240	MN	Graceville|Barry
56241	MN	Granite Falls|Hazel Run
56243	MN	Grove City
56244	MN	Hancock
56245	MN	Hanley Falls
56248	MN	Herman
56249	MN	Holloway
56251	MN	Kandiyohi
56252	MN	Kerkhoven
56253	MN	Lake Lillian
56255	MN	Lucan
56256	MN	Madison|Louisburg
56257	MN	Marietta|Nassau
56258	MN	Marshall
56260	MN	Maynard
56262	MN	Milan
56263	MN	Milroy
56264	MN	Minneota|St. Leo
56265	MN	Montevideo
56266	MN	Morgan|Evan
56267	MN	Morris
56270	MN	Morton
56271	MN	Murdock|De Graff
56273	MN	New London
56274	MN	Norcross
56276	MN	Odessa
56277	MN	Olivia
56278	MN	Ortonville
56279	MN	Pennock
56280	MN	Porter
56281	MN	Prinsburg
56282	MN	Raymond
56283	MN	Redwood Falls|Delhi
56284	MN	Renville
56285	MN	Sacred Heart
56287	MN	Seaforth
56288	MN	Spicer
56289	MN	Sunburg
56291	MN	Taunton
56292	MN	Vesta|Seaforth
56293	MN	Wabasso|Seaforth
56294	MN	Wanda
56295	MN	Watson
56296	MN	Wheaton
56297	MN	Wood Lake
56301	MN	Saint Cloud|St. Cloud|St. Augusta|Rockville|Waite Park
56302	MN	Saint Cloud
56303	MN	St. Cloud|Saint Cloud
56304	MN	Saint Cloud|St. Cloud
56307	MN	Albany|St. Anthony
56308	MN	Alexandria|Forada|Nelson
56309	MN	Ashby
56310	MN	Avon|Holdingford
56311	MN	Barrett
56312	MN	Belgrade|Regal
56313	MN	Bock
56314	MN	Bowlus|Elmdale
56315	MN	Brandon|Millerville
56316	MN	Brooten
56317	MN	Buckman
56318	MN	Burtrum|Upsala
56319	MN	Carlos
56320	MN	Cold Spring|Rockville
56321	MN	Collegeville|St. John's University
56323	MN	Cyrus
56324	MN	Dalton
56325	MN	Elrosa
56326	MN	Evansville
56327	MN	Farwell
56328	MN	Flensburg
56329	MN	Foley|Gilman|Ronneby
56330	MN	Foreston
56331	MN	Freeport|St. Rosa
56332	MN	Garfield
56333	MN	Gilman
56334	MN	Glenwood|Long Beach|Sedan
56335	MN	Greenwald
56336	MN	Grey Eagle
56338	MN	Hillman
56339	MN	Hoffman
56340	MN	Holdingford|Upsala
56341	MN	Holmes City
56342	MN	Isle
56343	MN	Kensington
56344	MN	Lastrup
56345	MN	Little Falls|Flensburg|Sobieski
56347	MN	Long Prairie
56349	MN	Lowry
56350	MN	Mc Grath|McGrath
56352	MN	Melrose|Spring Hill|Meire Grove|New Munich|St. Rosa
56353	MN	Milaca|Bock
56354	MN	Miltona
56355	MN	Nelson
56356	MN	New Munich
56357	MN	Oak Park
56358	MN	Ogilvie
56359	MN	Onamia|Vineland
56360	MN	Osakis|West Union
56361	MN	Parkers Prairie|Urbank
56362	MN	Paynesville|Lake Henry|Roscoe|St. Martin
56363	MN	Pease
56364	MN	Pierz|Harding|Buckman|Lastrup|Genola
56367	MN	Rice
56368	MN	Richmond
56369	MN	Rockville
56371	MN	Roscoe
56372	MN	Saint Cloud
56373	MN	Royalton
56374	MN	Saint Joseph|St. Joseph
56375	MN	St. Stephen|Saint Stephen
56376	MN	St. Martin|Saint Martin
56377	MN	Sartell
56378	MN	Sauk Centre
56379	MN	Sauk Rapids
56381	MN	Starbuck
56382	MN	Swanville|Flensburg|Upsala
56384	MN	Upsala
56385	MN	Villard|Westport
56386	MN	Wahkon
56387	MN	Waite Park
56388	MN	Waite Park
56389	MN	West Union
56393	MN	Saint Cloud
56395	MN	Saint Cloud
56396	MN	Saint Cloud
56397	MN	Saint Cloud
56398	MN	Saint Cloud
56399	MN	Saint Cloud
56401	MN	Brainerd|East Gull Lake|Baxter
56425	MN	Baxter
56430	MN	Ah Gwah Ching
56431	MN	Aitkin
56433	MN	Akeley
56434	MN	Aldrich
56435	MN	Backus
56436	MN	Benedict
56437	MN	Bertha
56438	MN	Browerville
56440	MN	Clarissa
56441	MN	Crosby|Trommald|Crosslake|Ironton|Cuyuna
56442	MN	Crosslake|Fifty Lakes|Manhattan Beach
56443	MN	Cushing
56444	MN	Deerwood|Cuyuna
56446	MN	Eagle Bend
56447	MN	Emily
56448	MN	Fifty Lakes
56449	MN	Fort Ripley
56450	MN	Garrison
56452	MN	Hackensack
56453	MN	Hewitt
56455	MN	Ironton|Riverton
56456	MN	Jenkins
56458	MN	Lake George
56459	MN	Lake Hubert
56461	MN	Laporte
56464	MN	Menahga|Wolf Lake
56465	MN	Merrifield
56466	MN	Motley
56467	MN	Nevis
56468	MN	Nisswa|Lake Shore|Merrifield
56469	MN	Palisade
56470	MN	Park Rapids|Lake George|Hubbard
56472	MN	Pequot Lakes|Breezy Point|Jenkins
56473	MN	Pillager
56474	MN	Pine River|Jenkins|Chickamaw Beach
56475	MN	Randall
56477	MN	Sebeka|Nimrod
56479	MN	Staples
56481	MN	Verndale
56482	MN	Wadena|Bluffton
56484	MN	Walker|Whipholt
56501	MN	Detroit Lakes
56502	MN	Detroit Lakes
56510	MN	Ada
56511	MN	Audubon
56514	MN	Barnesville
56515	MN	Battle Lake
56516	MN	Bejou
56517	MN	Beltrami
56518	MN	Bluffton
56519	MN	Borup
56520	MN	Breckenridge
56521	MN	Callaway
56522	MN	Campbell|Doran
56523	MN	Climax
56524	MN	Clitherall
56525	MN	Comstock
56527	MN	Deer Creek
56528	MN	Dent
56529	MN	Dilworth
56531	MN	Elbow Lake
56533	MN	Elizabeth
56534	MN	Erhard
56535	MN	Erskine
56536	MN	Felton
56537	MN	Fergus Falls|Elizabeth
56538	MN	Fergus Falls
56540	MN	Fertile
56541	MN	Flom
56542	MN	Fosston
56543	MN	Foxhome
56544	MN	Frazee|Wolf Lake
56545	MN	Gary
56546	MN	Georgetown
56547	MN	Glyndon
56548	MN	Halstad
56549	MN	Hawley
56550	MN	Hendrum
56551	MN	Henning
56552	MN	Hitterdal
56553	MN	Kent
56554	MN	Lake Park
56556	MN	Mcintosh
56557	MN	Mahnomen|Beaulieu|Midway|West Roy Lake|Roy Lake|The Ranch|Riverland
56560	MN	Moorhead
56561	MN	Moorhead
56562	MN	Moorhead
56563	MN	Moorhead
56565	MN	Nashua
56566	MN	Naytahwaush|Twin Lakes
56567	MN	New York Mills
56568	MN	Nielsville
56569	MN	Ogema|White Earth
56570	MN	Osage
56571	MN	Ottertail
56572	MN	Pelican Rapids
56573	MN	Perham
56574	MN	Perley
56575	MN	Ponsford|Pine Point
56576	MN	Richville
56577	MN	Richwood
56578	MN	Rochert
56579	MN	Rothsay
56580	MN	Sabin|Baker
56581	MN	Shelly
56583	MN	Tintah
56584	MN	Twin Valley
56585	MN	Ulen
56586	MN	Underwood
56587	MN	Vergas
56588	MN	Vining|Urbank
56589	MN	Waubun|Twin Lakes|Elbow Lake
56590	MN	Wendell
56591	MN	White Earth
56592	MN	Winger
56593	MN	Wolf Lake
56594	MN	Wolverton
56601	MN	Bemidji|Wilton|Turtle River
56619	MN	Bemidji
56621	MN	Bagley|Rice Lake|South End|Ebro
56623	MN	Baudette
56626	MN	Bena
56627	MN	Big Falls
56628	MN	Bigfork
56629	MN	Birchdale
56630	MN	Blackduck|Funkley
56631	MN	Bowstring
56633	MN	Cass Lake
56634	MN	Clearbrook
56636	MN	Deer River|Zemple|Ball Club|Inger
56637	MN	Talmoon
56639	MN	Effie
56641	MN	Federal Dam
56644	MN	Gonvick
56646	MN	Gully
56647	MN	Hines|Tenstrike
56649	MN	International Falls|Ranier
56650	MN	Kelliher
56651	MN	Lengby|Pine Bend
56652	MN	Leonard
56653	MN	Littlefork
56654	MN	Loman
56655	MN	Longville
56657	MN	Marcell
56658	MN	Margie
56659	MN	Max
56660	MN	Mizpah
56661	MN	Northome|Mizpah
56662	MN	Outing
56663	MN	Pennington
56666	MN	Ponemah
56667	MN	Puposky
56668	MN	Ranier
56669	MN	Kabetogama
56670	MN	Redby
56671	MN	Redlake|Little Rock|Red Lake|Redby
56672	MN	Remer|Boy River
56673	MN	Roosevelt
56676	MN	Shevlin
56678	MN	Solway
56679	MN	South International Falls
56680	MN	Spring Lake
56681	MN	Squaw Lake
56682	MN	Swift
56683	MN	Tenstrike
56684	MN	Trail
56685	MN	Waskish
56686	MN	Williams
56687	MN	Wilton
56688	MN	Wirt
56701	MN	Thief River Falls
56710	MN	Alvarado
56711	MN	Angle Inlet
56713	MN	Argyle
56714	MN	Badger
56715	MN	Brooks|Oklee
56716	MN	Crookston
56720	MN	Donaldson
56721	MN	East Grand Forks
56722	MN	Euclid
56723	MN	Fisher
56724	MN	Gatzke
56725	MN	Goodridge
56726	MN	Greenbush
56727	MN	Grygla
56728	MN	Hallock
56729	MN	Halma
56731	MN	Humboldt
56732	MN	Karlstad
56733	MN	Kennedy
56734	MN	Lake Bronson
56735	MN	Lancaster
56736	MN	Mentor
56737	MN	Middle River
56738	MN	Newfolden|Holt
56740	MN	Noyes
56741	MN	Oak Island
56742	MN	Oklee
56744	MN	Oslo
56748	MN	Plummer
56750	MN	Red Lake Falls
56751	MN	Roseau
56754	MN	Saint Hilaire|St. Hilaire
56755	MN	Saint Vincent|St. Vincent
56756	MN	Salol
56757	MN	Stephen
56758	MN	Strandquist
56759	MN	Strathcona
56760	MN	Viking
56761	MN	Wannaska
56762	MN	Warren
56763	MN	Warroad
56901	DC	Washington
56915	DC	Washington
56920	DC	Washington
56933	DC	Washington
56944	DC	Washington
56972	DC	Washington
57001	SD	Alcester
57002	SD	Aurora
57003	SD	Baltic
57004	SD	Beresford
57005	SD	Brandon|Rowena
57006	SD	Brookings
57007	SD	Brookings
57010	SD	Burbank
57012	SD	Canistota
57013	SD	Canton
57014	SD	Centerville
57015	SD	Chancellor
57016	SD	Chester|Brant Lake|Brant Lake South
57017	SD	Colman
57018	SD	Colton
57020	SD	Crooks
57021	SD	Davis
57022	SD	Dell Rapids
57024	SD	Egan
57025	SD	Elk Point|Richland
57026	SD	Elkton|Ward|Newdale Colony
57027	SD	Fairview
57028	SD	Flandreau|Pleasant Valley Colony
57029	SD	Freeman|Wolf Creek Colony
57030	SD	Garretson|Sherman
57031	SD	Gayville
57032	SD	Harrisburg|Shindler
57033	SD	Hartford
57034	SD	Hudson
57035	SD	Humboldt
57036	SD	Hurley
57037	SD	Irene
57038	SD	Jefferson
57039	SD	Lennox
57040	SD	Lesterville
57041	SD	Lyons
57042	SD	Madison|Rustic Acres Colony|Lake Madison
57043	SD	Marion
57045	SD	Menno
57046	SD	Mission Hill
57047	SD	Monroe
57048	SD	Montrose|Orland Colony
57049	SD	North Sioux City|Dakota Dunes
57050	SD	Nunda
57051	SD	Oldham
57052	SD	Olivet|Tschetter Colony
57053	SD	Parker
57054	SD	Ramona
57055	SD	Renner|Renner Corner
57057	SD	Rutland
57058	SD	Salem|Golden View Colony
57059	SD	Scotland|Maxwell Colony
57061	SD	Sinai
57062	SD	Springfield|Running Water
57063	SD	Tabor|Bon Homme Colony
57064	SD	Tea
57065	SD	Trent
57066	SD	Tyndall
57067	SD	Utica|Jamesville Colony
57068	SD	Valley Springs
57069	SD	Vermillion|Meckling
57070	SD	Viborg|Cameron Colony
57071	SD	Volga
57072	SD	Volin
57073	SD	Wakonda
57075	SD	Wentworth|Lake Madison
57076	SD	Winfred|Graceville Colony|Shannon Colony
57077	SD	Worthing
57078	SD	Yankton
57101	SD	Sioux Falls
57103	SD	Sioux Falls
57104	SD	Sioux Falls|Meadow View Addition|Renner Corner
57105	SD	Sioux Falls
57106	SD	Sioux Falls|Tea
57107	SD	Sioux Falls
57108	SD	Sioux Falls|Shindler
57109	SD	Sioux Falls
57110	SD	Sioux Falls|Anderson|Pine Lakes Addition
57117	SD	Sioux Falls
57118	SD	Sioux Falls
57186	SD	Sioux Falls
57193	SD	Sioux Falls
57197	SD	Sioux Falls
57198	SD	Sioux Falls
57201	SD	Watertown|Waverly
57212	SD	Arlington|Hetland|Lake Poinsett|Spring Lake Colony
57213	SD	Astoria
57214	SD	Badger
57216	SD	Big Stone City
57217	SD	Bradley|Crocker
57218	SD	Brandt
57219	SD	Bristol|Butler
57220	SD	Bruce
57221	SD	Bryant
57223	SD	Castlewood|Claremont Colony|Poinsett Colony
57224	SD	Claire City
57225	SD	Clark|Silver Lake Colony
57226	SD	Clear Lake|Altamont
57227	SD	Corona
57231	SD	De Smet
57232	SD	Eden
57233	SD	Erwin
57234	SD	Estelline|Lake Poinsett
57235	SD	Florence
57236	SD	Garden City|Hillcrest Colony
57237	SD	Gary
57238	SD	Goodwin|Kranzburg
57239	SD	Grenville
57241	SD	Hayti
57242	SD	Hazel
57243	SD	Henry
57245	SD	Kranzburg
57246	SD	Labolt|La Bolt
57247	SD	Lake City|Clear Lake
57248	SD	Lake Norden|Lake Poinsett
57249	SD	Lake Preston
57251	SD	Marvin
57252	SD	Milbank
57255	SD	New Effington
57256	SD	Ortley
57257	SD	Peever|Peever Flats
57258	SD	Raymond|Fordham Colony|Clark Colony
57259	SD	Revillo|Albee
57260	SD	Rosholt|White Rock|White Rock Colony
57261	SD	Roslyn
57262	SD	Sisseton|Long Hollow|Agency Village|Clear Lake
57263	SD	South Shore
57264	SD	Stockholm
57265	SD	Strandburg
57266	SD	Summit
57268	SD	Toronto
57269	SD	Twin Brooks
57270	SD	Veblen
57271	SD	Vienna|Naples
57272	SD	Wallace
57273	SD	Waubay|Ortley|Enemy Swim
57274	SD	Webster|Grenville
57276	SD	White|Bushnell|Norfeld Colony|Rolland Colony
57278	SD	Willow Lake|Mayfield Colony
57279	SD	Wilmot
57301	SD	Mitchell|Millbrook Colony|Loomis|Rosedale Colony
57311	SD	Alexandria|Farmer|Oak Lane Colony|Rockport Colony|Rosedale Colony
57312	SD	Alpena
57313	SD	Armour
57314	SD	Artesian|Forestburg|Upland Colony
57315	SD	Avon
57317	SD	Bonesteel
57319	SD	Bridgewater|Dolton
57321	SD	Canova
57322	SD	Carpenter|Shamrock Colony
57323	SD	Carthage
57324	SD	Cavour
57325	SD	Chamberlain|Ola
57326	SD	Chamberlain
57328	SD	Corsica
57329	SD	Dante
57330	SD	Delmont|Clearfield Colony|Greenwood Colony
57331	SD	Dimock
57332	SD	Emery
57334	SD	Ethan|New Elm Spring Colony
57335	SD	Fairfax
57337	SD	Fedora
57339	SD	Fort Thompson
57340	SD	Fulton
57341	SD	Gann Valley
57342	SD	Geddes
57344	SD	Harrison
57345	SD	Highmore
57346	SD	Stephan
57348	SD	Hitchcock
57349	SD	Howard|Vilas|Roswell|Cloverleaf Colony
57350	SD	Huron|Broadland|Riverside Colony|Morningside|Huron Colony
57353	SD	Iroquois|Bancroft|Pearl Creek Colony|Collins Colony
57354	SD	Kaylor
57355	SD	Kimball|Grass Ranch Colony
57356	SD	Lake Andes|Ravinia|Pickstown|Lakeview Colony|Marty
57358	SD	Lane
57359	SD	Letcher|Storla
57361	SD	Marty
57362	SD	Miller|Millerdale Colony
57363	SD	Mount Vernon
57364	SD	New Holland
57365	SD	Oacoma
57366	SD	Parkston|Old Elm Spring Colony|Milltown
57367	SD	Pickstown
57368	SD	Plankinton
57369	SD	Platte|Bijou Hills|Cedar Grove Colony|Platte Colony
57370	SD	Pukwana
57371	SD	Ree Heights
57373	SD	Saint Lawrence|St. Lawrence
57374	SD	Spencer
57375	SD	Stickney|Aurora Center
57376	SD	Tripp
57379	SD	Virgil
57380	SD	Wagner
57381	SD	Wessington
57382	SD	Wessington Springs|Lane|Spring Valley Colony
57383	SD	White Lake
57384	SD	Wolsey
57385	SD	Woonsocket
57386	SD	Yale
57399	SD	Huron
57401	SD	Aberdeen|Prairiewood Village
57402	SD	Aberdeen
57420	SD	Akaska
57421	SD	Amherst
57422	SD	Andover
57424	SD	Ashton
57426	SD	Barnard
57427	SD	Bath|Bath Corner
57428	SD	Bowdle
57429	SD	Brentford
57430	SD	Britton|Westwood Colony|Sunset Colony|Kidder
57432	SD	Claremont|Newport Colony
57433	SD	Columbia
57434	SD	Conde|Verdon|Ferney
57435	SD	Cresbard
57436	SD	Doland|Hillside Colony
57437	SD	Eureka|Hillsview|Artas
57438	SD	Faulkton|Evergreen Colony|Brentwood Colony|Thunderbird Colony|Blumengard Colony
57439	SD	Ferney
57440	SD	Frankfort|Glendale Colony|Camrose Colony|Spink Colony
57441	SD	Frederick
57442	SD	Gettysburg|Swift Bird
57445	SD	Groton
57446	SD	Hecla
57448	SD	Hosmer
57449	SD	Houghton
57450	SD	Hoven
57451	SD	Ipswich|Mina|Deerfield Colony|Pembrook Colony
57452	SD	Java
57454	SD	Langford
57455	SD	Lebanon
57456	SD	Leola|Plainview Colony|Long Lake Colony
57457	SD	Long Lake
57460	SD	Mansfield
57461	SD	Mellette
57465	SD	Northville|Chelsea
57466	SD	Onaka
57467	SD	Orient
57468	SD	Pierpont
57469	SD	Redfield
57470	SD	Rockham
57471	SD	Roscoe
57472	SD	Selby|Lowry
57473	SD	Seneca
57474	SD	Stratford|Hutterville Colony
57475	SD	Tolstoy
57476	SD	Tulare
57477	SD	Turton
57479	SD	Warner
57481	SD	Westport|Wetonka|Long Lake Colony|Grassland Colony
57501	SD	Pierre|Cow Creek|Oahe Acres
57520	SD	Agar
57521	SD	Belvidere|Corn Creek
57522	SD	Blunt
57523	SD	Burke
57528	SD	Colome
57529	SD	Dallas
57531	SD	Draper
57532	SD	Fort Pierre
57533	SD	Gregory
57534	SD	Hamill
57536	SD	Harrold
57537	SD	Hayes
57538	SD	Herrick
57540	SD	Holabird
57541	SD	Ideal
57543	SD	Kadoka
57544	SD	Kennebec
57547	SD	Long Valley
57548	SD	Lower Brule|West Brule
57551	SD	Martin
57552	SD	Midland
57553	SD	Milesville
57555	SD	Mission|Soldier Creek|White Horse|Okreek|Antelope
57559	SD	Murdo
57560	SD	Norris|Corn Creek
57562	SD	Okaton
57563	SD	Okreek
57564	SD	Onida
57566	SD	Parmelee
57567	SD	Philip|Cottonwood
57568	SD	Presho
57569	SD	Reliance
57570	SD	Rosebud|Two Strike
57571	SD	Saint Charles|St. Charles
57572	SD	Saint Francis|St. Francis|Spring Creek
57574	SD	Tuthill
57576	SD	Vivian
57577	SD	Wanblee
57579	SD	White River|Horse Creek
57580	SD	Winner|Okreek
57584	SD	Witten|New Witten
57585	SD	Wood
57601	SD	Mobridge
57620	SD	Bison
57621	SD	Bullhead
57622	SD	Cherry Creek
57623	SD	Dupree
57625	SD	Eagle Butte|North Eagle Butte|Green Grass
57626	SD	Faith
57630	SD	Glencross
57631	SD	Glenham
57632	SD	Herreid
57633	SD	Isabel
57634	SD	Keldron
57636	SD	Lantry
57638	SD	Lemmon
57639	SD	Little Eagle
57640	SD	Lodgepole
57641	SD	Mc Intosh|McIntosh
57642	SD	Mc Laughlin|McLaughlin|Kenel
57644	SD	Meadow
57645	SD	Morristown
57646	SD	Mound City
57648	SD	Pollock
57649	SD	Prairie City
57650	SD	Ralph
57651	SD	Reva
57652	SD	Ridgeview|La Plant
57656	SD	Timber Lake
57657	SD	Trail City
57658	SD	Wakpala
57659	SD	Walker
57660	SD	Watauga
57661	SD	Whitehorse
57701	SD	Rapid City|Ashland Heights
57702	SD	Rapid City|Summerset|Colonial Pine Hills|Johnson Siding
57703	SD	Rapid City|Box Elder|Rapid Valley|Green Valley|Caputa
57706	SD	Ellsworth Afb|Box Elder
57709	SD	Rapid City
57714	SD	Allen
57716	SD	Batesland
57717	SD	Belle Fourche|Fruitdale
57718	SD	Black Hawk|Summerset|Blackhawk|Wonderland Homes
57719	SD	Box Elder|Ashland Heights
57720	SD	Buffalo
57722	SD	Buffalo Gap
57724	SD	Camp Crook
57725	SD	Caputa
57730	SD	Custer
57732	SD	Deadwood
57735	SD	Edgemont|Ardmore|Provo|Dudley
57737	SD	Enning
57738	SD	Fairburn
57741	SD	Fort Meade
57744	SD	Hermosa
57745	SD	Hill City
57747	SD	Hot Springs|Angostura|Maverick Junction
57748	SD	Howes|Bridger
57750	SD	Interior
57751	SD	Keystone
57752	SD	Kyle
57754	SD	Lead|Deadwood|Central City
57755	SD	Ludlow
57756	SD	Manderson|Manderson-White Horse Creek
57758	SD	Mud Butte
57759	SD	Nemo
57760	SD	Newell
57761	SD	New Underwood
57762	SD	Nisland
57763	SD	Oelrichs
57764	SD	Oglala
57766	SD	Oral
57767	SD	Owanka
57769	SD	Piedmont|Summerset
57770	SD	Pine Ridge
57772	SD	Porcupine
57773	SD	Pringle
57775	SD	Quinn|Cottonwood
57776	SD	Redig
57779	SD	Saint Onge|St. Onge
57780	SD	Scenic
57782	SD	Smithwick
57783	SD	Spearfish|North Spearfish|Mountain Plains
57785	SD	Sturgis|Buffalo Chip|Boulder Canyon|Blucksberg Mountain
57787	SD	Union Center
57788	SD	Vale
57790	SD	Wall|Wasta
57791	SD	Wasta
57792	SD	White Owl
57793	SD	Whitewood|Spearfish|Sturgis|Crook City
57794	SD	Wounded Knee
57799	SD	Spearfish
58001	ND	Abercrombie
58002	ND	Absaraka
58004	ND	Amenia
58005	ND	Argusville
58006	ND	Arthur
58007	ND	Ayr
58008	ND	Barney
58009	ND	Blanchard
58011	ND	Buffalo
58012	ND	Casselton
58013	ND	Cayuga
58015	ND	Christine
58016	ND	Clifford
58017	ND	Cogswell
58018	ND	Colfax
58021	ND	Davenport|Horace
58027	ND	Enderlin
58029	ND	Erie
58030	ND	Fairmount
58031	ND	Fingal|Alice
58032	ND	Forman
58033	ND	Fort Ransom|Englevale
58035	ND	Galesburg
58036	ND	Gardner
58038	ND	Grandin
58040	ND	Gwinner
58041	ND	Hankinson|Mantador
58042	ND	Harwood|Brooktree Park
58043	ND	Havana
58045	ND	Hillsboro
58046	ND	Hope
58047	ND	Horace|Oxbow
58048	ND	Hunter
58049	ND	Kathryn
58051	ND	Kindred
58052	ND	Leonard
58053	ND	Lidgerwood
58054	ND	Lisbon|Elliott
58056	ND	Luverne
58057	ND	Mcleod
58058	ND	Mantador
58059	ND	Mapleton
58060	ND	Milnor|De Lamere
58061	ND	Mooreton
58062	ND	Nome
58063	ND	Oriska
58064	ND	Page
58065	ND	Pillsbury
58067	ND	Rutland
58068	ND	Sheldon
58069	ND	Stirum
58071	ND	Tower City
58072	ND	Valley City
58074	ND	Wahpeton
58075	ND	Wahpeton|Great Bend|Dwight
58076	ND	Wahpeton
58077	ND	Walcott
58078	ND	West Fargo
58079	ND	Wheatland|Embden
58081	ND	Wyndmere
58102	ND	Fargo|Reile's Acres|North River
58103	ND	Fargo
58104	ND	Fargo|Frontier|Briarwood|Prairie Rose
58105	ND	Fargo
58106	ND	Fargo
58107	ND	Fargo
58108	ND	Fargo
58109	ND	Fargo
58121	ND	Fargo
58122	ND	Fargo
58124	ND	Fargo
58125	ND	Fargo
58126	ND	Fargo
58201	ND	Grand Forks
58202	ND	Grand Forks
58203	ND	Grand Forks
58204	ND	Grand Forks Afb
58205	ND	Grand Forks Afb
58206	ND	Grand Forks
58207	ND	Grand Forks
58208	ND	Grand Forks
58210	ND	Adams
58212	ND	Aneta
58214	ND	Arvilla
58216	ND	Bathgate
58218	ND	Buxton
58219	ND	Caledonia
58220	ND	Cavalier
58222	ND	Crystal
58223	ND	Cummings
58224	ND	Dahlen
58225	ND	Drayton
58227	ND	Edinburg
58228	ND	Emerado
58229	ND	Fairdale
58230	ND	Finley
58231	ND	Fordville
58233	ND	Forest River|Conway
58235	ND	Gilby
58236	ND	Glasston
58237	ND	Grafton|Nash|Auburn
58238	ND	Hamilton
58239	ND	Hannah
58240	ND	Hatton
58241	ND	Hensel|Canton City (Hensel)
58243	ND	Hoople
58244	ND	Inkster
58249	ND	Langdon
58250	ND	Lankin
58251	ND	Larimore
58254	ND	Mcville
58255	ND	Maida
58256	ND	Manvel
58257	ND	Mayville
58258	ND	Mekinock
58259	ND	Michigan|Michigan City
58260	ND	Milton
58261	ND	Minto|Ardoch
58262	ND	Mountain
58265	ND	Neche
58266	ND	Niagara
58267	ND	Northwood
58269	ND	Osnabrock
58270	ND	Park River
58271	ND	Pembina
58272	ND	Petersburg
58273	ND	Pisek
58274	ND	Portland
58275	ND	Reynolds
58276	ND	Saint Thomas|St. Thomas
58277	ND	Sharon
58278	ND	Thompson
58281	ND	Wales|Hannah
58282	ND	Walhalla
58301	ND	Devils Lake
58310	ND	Agate
58311	ND	Alsen|Loma
58313	ND	Balta
58316	ND	Belcourt|Shell Valley|Green Acres
58317	ND	Bisbee
58318	ND	Bottineau|Gardena
58321	ND	Brocket
58323	ND	Calvin
58324	ND	Cando
58325	ND	Churchs Ferry
58327	ND	Crary
58329	ND	Dunseith|East Dunseith
58330	ND	Edmore
58331	ND	Egeland
58332	ND	Esmond
58335	ND	Fort Totten
58338	ND	Hampden|Alsen
58339	ND	Hansboro
58341	ND	Harvey|Hamberg|Heimdal|Selz
58343	ND	Knox
58344	ND	Lakota
58345	ND	Lawton
58346	ND	Leeds
58348	ND	Maddock
58351	ND	Minnewaukan|Brinsmade
58352	ND	Munich|Calio|Alsen
58353	ND	Mylo
58355	ND	Nekoma
58356	ND	New Rockford
58357	ND	Oberon
58361	ND	Pekin
58362	ND	Penn
58363	ND	Perth
58365	ND	Rocklake
58366	ND	Rolette
58367	ND	Rolla
58368	ND	Rugby|Balta|Orrin
58369	ND	Saint John|St. John
58370	ND	Saint Michael|Fort Totten
58372	ND	Sarles
58374	ND	Sheyenne
58377	ND	Starkweather
58379	ND	Tokio
58380	ND	Tolna
58381	ND	Warwick
58382	ND	Webster
58384	ND	Willow City|Overly|Barton
58385	ND	Wolford
58386	ND	York
58401	ND	Jamestown|Spiritwood Lake
58402	ND	Jamestown
58405	ND	Jamestown
58413	ND	Ashley|Venturia
58415	ND	Berlin
58416	ND	Binford
58418	ND	Bowdon
58420	ND	Buchanan
58421	ND	Carrington
58422	ND	Cathay
58423	ND	Chaseley
58424	ND	Cleveland
58425	ND	Cooperstown
58426	ND	Courtenay|Spiritwood Lake
58428	ND	Dawson
58429	ND	Dazey|Sibley
58430	ND	Denhoff
58431	ND	Dickey
58433	ND	Edgeley
58436	ND	Ellendale|Monango
58438	ND	Fessenden
58439	ND	Forbes
58440	ND	Fredonia
58441	ND	Fullerton
58442	ND	Gackle
58443	ND	Glenfield
58444	ND	Goodrich
58445	ND	Grace City
58448	ND	Hannaford
58451	ND	Hurdsfield
58452	ND	Jessie
58454	ND	Jud
58455	ND	Kensal
58456	ND	Kulm
58458	ND	Lamoure
58460	ND	Lehr
58461	ND	Litchville
58463	ND	Mcclusky
58464	ND	Mchenry
58466	ND	Marion
58467	ND	Medina
58472	ND	Montpelier
58474	ND	Oakes|Ludden
58475	ND	Pettibone
58476	ND	Pingree
58477	ND	Regan
58478	ND	Robinson
58479	ND	Rogers|Leal
58480	ND	Sanborn
58481	ND	Spiritwood
58482	ND	Steele
58483	ND	Streeter
58484	ND	Sutton
58486	ND	Sykeston
58487	ND	Tappen
58488	ND	Tuttle
58490	ND	Verona
58492	ND	Wimbledon
58494	ND	Wing
58495	ND	Wishek
58496	ND	Woodworth
58497	ND	Ypsilanti
58501	ND	Bismarck
58502	ND	Bismarck
58503	ND	Bismarck
58504	ND	Bismarck|Lincoln
58505	ND	Bismarck
58506	ND	Bismarck
58507	ND	Bismarck
58520	ND	Almont
58521	ND	Baldwin
58523	ND	Beulah
58524	ND	Braddock
58528	ND	Cannon Ball
58529	ND	Carson|Leith
58530	ND	Center
58531	ND	Coleharbor|Riverdale
58532	ND	Driscoll
58533	ND	Elgin|Heil
58535	ND	Flasher
58538	ND	Fort Yates|Cannon Ball
58540	ND	Garrison|White Shield
58541	ND	Golden Valley
58542	ND	Hague
58544	ND	Hazelton
58545	ND	Hazen|Pick City
58549	ND	Kintyre
58552	ND	Linton
58554	ND	Mandan|Harmon
58558	ND	Menoken|Apple Valley
58559	ND	Mercer
58560	ND	Moffit
58561	ND	Napoleon
58562	ND	New Leipzig
58563	ND	New Salem
58564	ND	Raleigh
58565	ND	Riverdale
58566	ND	Saint Anthony
58568	ND	Selfridge|Porcupine
58569	ND	Shields
58570	ND	Solen|Cannon Ball
58571	ND	Stanton
58572	ND	Sterling
58573	ND	Strasburg
58575	ND	Turtle Lake
58576	ND	Underwood
58577	ND	Washburn
58579	ND	Wilton
58580	ND	Zap
58581	ND	Zeeland
58601	ND	Dickinson|South Heart
58602	ND	Dickinson
58620	ND	Amidon
58621	ND	Beach
58622	ND	Belfield
58623	ND	Bowman
58625	ND	Dodge
58626	ND	Dunn Center
58627	ND	Fairfield
58630	ND	Gladstone
58631	ND	Glen Ullin
58632	ND	Golva
58634	ND	Grassy Butte
58636	ND	Halliday
58638	ND	Hebron
58639	ND	Hettinger|Bucyrus|Haynes
58640	ND	Killdeer
58641	ND	Lefor
58642	ND	Manning
58643	ND	Marmarth
58644	ND	Marshall
58645	ND	Medora
58646	ND	Mott
58647	ND	New England
58649	ND	Reeder
58650	ND	Regent
58651	ND	Rhame
58652	ND	Richardton
58653	ND	Scranton|Gascoyne
58654	ND	Sentinel Butte
58655	ND	South Heart
58656	ND	Taylor|Richardton
58701	ND	Minot|Logan
58702	ND	Minot
58703	ND	Minot|Ruthville
58704	ND	Minot Afb
58705	ND	Minot Afb
58707	ND	Minot
58710	ND	Anamoose
58711	ND	Antler
58712	ND	Balfour|Kief
58713	ND	Bantry
58716	ND	Benedict
58718	ND	Berthold|Foxholm
58721	ND	Bowbells
58722	ND	Burlington
58723	ND	Butte|Kief
58725	ND	Carpio
58727	ND	Columbus|Larson
58730	ND	Crosby
58731	ND	Deering
58733	ND	Des Lacs
58734	ND	Donnybrook
58735	ND	Douglas
58736	ND	Drake
58737	ND	Flaxton
58740	ND	Glenburn
58741	ND	Granville
58744	ND	Karlsruhe
58746	ND	Kenmare
58748	ND	Kramer|Gardena
58750	ND	Lansford|Grano
58752	ND	Lignite
58755	ND	Mcgregor
58756	ND	Makoti
58757	ND	Mandaree
58758	ND	Martin
58759	ND	Max
58760	ND	Maxbass
58761	ND	Mohall|Loraine
58762	ND	Newburg
58763	ND	New Town|Four Bears Village
58765	ND	Noonan
58768	ND	Norwich
58769	ND	Palermo
58770	ND	Parshall
58771	ND	Plaza
58772	ND	Portal
58773	ND	Powers Lake
58775	ND	Roseglen|White Shield
58776	ND	Ross
58778	ND	Ruso
58779	ND	Ryder
58781	ND	Sawyer
58782	ND	Sherwood
58783	ND	Souris|Landa
58784	ND	Stanley
58785	ND	Surrey
58787	ND	Tolley
58788	ND	Towner
58789	ND	Upham
58790	ND	Velva
58792	ND	Voltaire|Bergen
58793	ND	Westhope
58794	ND	White Earth
58795	ND	Wildrose
58801	ND	Williston|Blacktail|Trenton
58802	ND	Williston
58803	ND	Williston
58830	ND	Alamo
58831	ND	Alexander
58833	ND	Ambrose
58835	ND	Arnegard
58838	ND	Cartwright
58843	ND	Epping|Springbrook|Long Creek
58844	ND	Fortuna
58845	ND	Grenora
58847	ND	Keene
58849	ND	Ray
58852	ND	Tioga
58853	ND	Trenton
58854	ND	Watford City
58856	ND	Zahl
59001	MT	Absarokee
59002	MT	Acton
59003	MT	Ashland
59004	MT	Ashland
59006	MT	Ballantine|Worden|Nibbe
59007	MT	Bearcreek
59008	MT	Belfry
59010	MT	Bighorn
59011	MT	Big Timber
59012	MT	Birney
59013	MT	Boyd
59014	MT	Bridger
59015	MT	Broadview|Mountain View Colony
59016	MT	Busby
59018	MT	Clyde Park
59019	MT	Columbus
59020	MT	Cooke City
59022	MT	Crow Agency
59024	MT	Custer
59025	MT	Decker
59026	MT	Edgar
59027	MT	Emigrant|South Glastonbury
59028	MT	Fishtail|Nye
59029	MT	Fromberg
59030	MT	Gardiner|Jardine|Corwin Springs
59031	MT	Garryowen
59032	MT	Grass Range|Ayers Ranch Colony|Fords Creek Colony
59033	MT	Greycliff
59034	MT	Hardin
59035	MT	Fort Smith
59036	MT	Harlowton|Duncan Ranch Colony|Springwater Colony
59037	MT	Huntley|Lockwood
59038	MT	Hysham
59039	MT	Ingomar
59041	MT	Joliet|Silesia|Rockvale|Montaqua
59043	MT	Lame Deer|Muddy|Birney
59044	MT	Laurel
59046	MT	Lavina
59047	MT	Livingston|Pray|Wineglass|Pine Creek
59050	MT	Lodge Grass|Forty Mile Colony
59052	MT	Mc Leod
59053	MT	Martinsdale|Martinsdale Colony
59054	MT	Melstone
59055	MT	Melville
59057	MT	Molt
59058	MT	Mosby
59059	MT	Musselshell
59061	MT	Nye
59062	MT	Otter
59063	MT	Park City
59064	MT	Pompeys Pillar
59065	MT	Pray|South Glastonbury|Emigrant
59066	MT	Pryor
59067	MT	Rapelje
59068	MT	Red Lodge|Luther
59069	MT	Reed Point
59070	MT	Roberts|Fox
59071	MT	Roscoe
59072	MT	Roundup|Klein|Camp Three|Flat Willow Colony|Kilby Butte Colony
59073	MT	Roundup
59074	MT	Ryegate|Golden Valley Colony
59075	MT	Saint Xavier|St. Xavier
59076	MT	Sanders
59077	MT	Sand Springs
59078	MT	Shawmut
59079	MT	Shepherd
59081	MT	Silver Gate
59082	MT	Springdale
59083	MT	Sumatra
59084	MT	Teigen
59085	MT	Two Dot|Twodot
59086	MT	Wilsall|Sedan
59087	MT	Winnett
59088	MT	Worden|Nibbe
59089	MT	Wyola
59101	MT	Billings|Lockwood
59102	MT	Billings
59103	MT	Billings
59104	MT	Billings
59105	MT	Billings
59106	MT	Billings
59107	MT	Billings
59108	MT	Billings
59111	MT	Billings
59112	MT	Billings
59114	MT	Billings
59115	MT	Billings
59116	MT	Billings
59117	MT	Billings
59201	MT	Wolf Point|Prairie Elk Colony
59211	MT	Antelope
59212	MT	Bainville
59213	MT	Brockton
59214	MT	Brockway
59215	MT	Circle|Brockway
59217	MT	Crane
59218	MT	Culbertson
59219	MT	Dagmar
59221	MT	Fairview
59222	MT	Flaxville
59223	MT	Fort Peck
59225	MT	Frazer
59226	MT	Froid
59230	MT	Glasgow|St. Marie
59231	MT	Saint Marie|St. Marie
59240	MT	Glentana
59241	MT	Hinsdale
59242	MT	Homestead
59243	MT	Lambert|Fox Lake
59244	MT	Larslan
59247	MT	Medicine Lake
59248	MT	Nashua|Fort Peck
59250	MT	Opheim
59252	MT	Outlook
59253	MT	Peerless
59254	MT	Plentywood
59255	MT	Poplar
59256	MT	Raymond
59257	MT	Redstone
59258	MT	Reserve
59259	MT	Richey
59260	MT	Richland
59261	MT	Saco|Sleeping Buffalo
59262	MT	Savage|Crane
59263	MT	Scobey
59270	MT	Sidney
59273	MT	Vandalia
59274	MT	Vida
59275	MT	Westby
59276	MT	Whitetail
59301	MT	Miles City
59311	MT	Alzada
59312	MT	Angela
59313	MT	Baker
59314	MT	Biddle
59315	MT	Bloomfield
59316	MT	Boyes
59317	MT	Broadus
59318	MT	Brusett
59319	MT	Capitol
59322	MT	Cohagen
59323	MT	Colstrip
59324	MT	Ekalaka
59326	MT	Fallon
59327	MT	Forsyth
59330	MT	Glendive|West Glendive
59332	MT	Hammond
59333	MT	Hathaway
59336	MT	Ismay
59337	MT	Jordan
59338	MT	Kinsey
59339	MT	Lindsay
59341	MT	Mildred
59343	MT	Olive
59344	MT	Plevna
59345	MT	Powderville
59347	MT	Rosebud
59349	MT	Terry|Fallon
59351	MT	Volborg
59353	MT	Wibaux
59354	MT	Willard
59401	MT	Great Falls
59402	MT	Malmstrom Afb
59403	MT	Great Falls
59404	MT	Great Falls|Sun Prairie|Ulm|Vaughn
59405	MT	Great Falls|Malmstrom AFB|Gibson Flats
59406	MT	Great Falls
59410	MT	Augusta|Gilman|Milford Colony
59411	MT	Babb|St. Mary
59412	MT	Belt|Riceville|Pleasant Valley Colony
59414	MT	Black Eagle
59416	MT	Brady|Midway Colony
59417	MT	Browning|Starr School|North Browning|South Browning|St. Mary|Blackfoot
59418	MT	Buffalo
59419	MT	Bynum
59420	MT	Carter|Twin Hills Colony
59421	MT	Cascade|Hardy|Cascade Colony
59422	MT	Choteau|New Rockport Colony|Miller Colony
59424	MT	Coffee Creek
59425	MT	Conrad|New Miami Colony|Midway Colony
59427	MT	Cut Bank|Santa Rita|Little Browning|Glacier Colony|Horizon Colony|Seville Colony|Glendale Colony|Zenith Colony|Big Sky Colony|Hidden Lake Colony
59430	MT	Denton
59432	MT	Dupuyer
59433	MT	Dutton
59434	MT	East Glacier Park|East Glacier Park Village
59435	MT	Ethridge
59436	MT	Fairfield
59440	MT	Floweree
59441	MT	Forest Grove
59442	MT	Fort Benton|Sunnybrook Colony
59443	MT	Fort Shaw
59444	MT	Galata|Eagle Creek Colony
59446	MT	Geraldine|Square Butte
59447	MT	Geyser
59448	MT	Heart Butte
59450	MT	Highwood
59451	MT	Hilger
59452	MT	Hobson|Sapphire Ridge|Utica
59453	MT	Judith Gap
59454	MT	Kevin
59456	MT	Ledger|Camrose Colony
59457	MT	Lewistown|Lewistown Heights|King Ranch Colony|Spring Creek Colony|Deerfield Colony|Warm Spring Creek|Danvers|Brooks
59460	MT	Loma
59461	MT	Lothair
59462	MT	Moccasin
59463	MT	Monarch
59464	MT	Moore
59465	MT	Neihart
59466	MT	Oilmont
59467	MT	Pendroy|Rockport Colony
59468	MT	Power
59469	MT	Raynesford
59471	MT	Roy
59472	MT	Sand Coulee|Big Stone Colony|Tracy|Centerville
59474	MT	Shelby
59477	MT	Simms
59479	MT	Stanford|Windham|Surprise Creek Colony
59480	MT	Stockett|Centerville
59482	MT	Sunburst|Hillside Colony|Rimrock Colony
59483	MT	Sun River|Fort Shaw|Cascade Colony
59484	MT	Sweet Grass
59485	MT	Ulm|Fair Haven Colony
59486	MT	Valier|Birch Creek Colony|Kingsbury Colony|Pondera Colony
59487	MT	Vaughn
59489	MT	Winifred
59501	MT	Havre|Herron|Beaver Creek|Havre North|Saddle Butte|West Havre|East End Colony|Hilldale Colony|Laredo|Hartland Colony
59520	MT	Big Sandy
59521	MT	Box Elder|Rocky Boy's Agency|St. Pierre|Parker School|Sangrey|Rocky Boy West|Azure|Boneau
59522	MT	Chester|Riverview Colony|Sage Creek Colony
59523	MT	Chinook
59524	MT	Dodson|Lodge Pole
59525	MT	Gildford|Gildford Colony
59526	MT	Harlem|Fort Belknap Agency|North Harlem Colony
59527	MT	Hays
59528	MT	Hingham
59529	MT	Hogeland
59530	MT	Inverness
59531	MT	Joplin
59532	MT	Kremlin
59535	MT	Lloyd
59537	MT	Loring|Loring Colony
59538	MT	Malta|East Malta Colony
59540	MT	Rudyard
59542	MT	Turner|Turner Colony
59544	MT	Whitewater
59545	MT	Whitlash
59546	MT	Zortman|Landusky
59547	MT	Zurich
59601	MT	Helena|Helena West Side|Unionville|Rimini
59602	MT	Helena|Helena Valley Northeast|Helena Valley West Central|Helena Valley Northwest|Helena Valley Southeast|Helena West Side|York
59604	MT	Helena
59620	MT	Helena
59623	MT	Helena
59624	MT	Helena
59625	MT	Helena
59626	MT	Helena
59631	MT	Basin
59632	MT	Boulder|Elkhorn
59633	MT	Canyon Creek
59634	MT	Clancy|Montana City|South Hills
59635	MT	East Helena|Spokane Creek|Helena Valley Southeast|Montana City
59636	MT	Fort Harrison|Helena West Side
59638	MT	Jefferson City|Clancy
59639	MT	Lincoln
59640	MT	Marysville
59641	MT	Radersburg
59642	MT	Ringling
59643	MT	Toston|Radersburg
59644	MT	Townsend|The Silos
59645	MT	White Sulphur Springs|Springdale Colony
59647	MT	Winston|Spokane Creek
59648	MT	Wolf Creek|Milford Colony|Craig
59701	MT	Butte|Walkerville
59702	MT	Butte
59703	MT	Butte
59707	MT	Butte
59710	MT	Alder
59711	MT	Anaconda-Deer Lodge County|Anaconda
59713	MT	Avon
59714	MT	Belgrade|Sedan|Springhill
59715	MT	Bozeman|Bridger
59716	MT	Big Sky
59717	MT	Bozeman
59718	MT	Bozeman|Four Corners|Gallatin Gateway|King Arthur Park
59719	MT	Bozeman
59720	MT	Cameron
59721	MT	Cardwell|Mammoth
59722	MT	Deer Lodge|Anaconda-Deer Lodge County|Racetrack
59724	MT	Dell
59725	MT	Dillon|Grant|Argenta
59727	MT	Divide|Dewey
59728	MT	Elliston
59729	MT	Ennis|Jeffers
59730	MT	Gallatin Gateway|Big Sky
59731	MT	Garrison
59732	MT	Glen
59733	MT	Gold Creek|Goldcreek
59735	MT	Harrison
59736	MT	Jackson
59739	MT	Lima|Lakeview
59740	MT	Mc Allister|McAllister
59741	MT	Manhattan|Gallatin River Ranch|Churchill|Amsterdam|Logan
59743	MT	Melrose
59745	MT	Norris
59746	MT	Polaris|Maverick Mountain
59747	MT	Pony|Mammoth
59748	MT	Ramsay
59749	MT	Sheridan|Brandon|Alder
59750	MT	Butte
59751	MT	Silver Star
59752	MT	Three Forks|Wheatland|Ponderosa Pines|Willow Creek
59754	MT	Twin Bridges
59755	MT	Virginia City
59756	MT	Anaconda-Deer Lodge County|Warm Springs
59758	MT	West Yellowstone|Hebgen Lake Estates
59759	MT	Whitehall|Rader Creek
59760	MT	Willow Creek
59761	MT	Wisdom
59762	MT	Anaconda-Deer Lodge County|Wise River
59771	MT	Bozeman
59772	MT	Bozeman
59801	MT	Missoula
59802	MT	Missoula|East Missoula|Bonner-West Riverside|Piltzville|Turah
59803	MT	Missoula
59804	MT	Missoula|Orchard Homes|Lolo
59806	MT	Missoula
59807	MT	Missoula
59808	MT	Missoula|Evaro|Wye
59812	MT	Missoula
59820	MT	Alberton|Cyr
59821	MT	Arlee|Evaro
59823	MT	Bonner|Twin Creeks|Potomac|Bonner-West Riverside
59824	MT	Charlo|Kicking Horse
59825	MT	Clinton|Turah
59826	MT	Condon
59827	MT	Conner
59828	MT	Corvallis
59829	MT	Darby|Conner
59830	MT	De Borgia
59831	MT	Dixon|Old Agency
59832	MT	Drummond
59833	MT	Florence|Carlton
59834	MT	Frenchtown
59835	MT	Grantsdale
59837	MT	Hall|Maxville
59840	MT	Hamilton|Charlos Heights
59841	MT	Pinesdale
59842	MT	Haugan
59843	MT	Helmville
59844	MT	Heron
59845	MT	Hot Springs|Niarada|Lonepine|Camas
59846	MT	Huson
59847	MT	Lolo
59848	MT	Lonepine
59851	MT	Milltown|Bonner-West Riverside
59853	MT	Noxon
59854	MT	Ovando
59855	MT	Pablo
59856	MT	Paradise
59858	MT	Philipsburg
59859	MT	Plains|Weeksville
59860	MT	Polson|Finley Point|Big Arm|Lindisfarne|Kings Point|Kerr|Pablo|Jette|Rocky Point|Turtle Lake
59863	MT	Ravalli
59864	MT	Ronan|Pablo|Kicking Horse
59865	MT	Saint Ignatius|St. Ignatius
59866	MT	Saint Regis|St. Regis
59867	MT	Saltese
59868	MT	Seeley Lake
59870	MT	Stevensville
59871	MT	Sula
59872	MT	Superior|Riverbend
59873	MT	Thompson Falls|Belknap|Weeksville
59874	MT	Trout Creek
59875	MT	Victor
59901	MT	Kalispell|Evergreen|Helena Flats|Batavia|Forest Hill Village|Rhodes|Somers
59903	MT	Kalispell
59904	MT	Kalispell
59910	MT	Big Arm|Lindisfarne
59911	MT	Bigfork|Swan Lake|Bear Dance|Woods Bay
59912	MT	Columbia Falls
59913	MT	Coram|Martin City
59914	MT	Dayton
59915	MT	Elmo
59916	MT	Essex|Snowslip|Pinnacle
59917	MT	Eureka|Indian Springs
59918	MT	Fortine
59919	MT	Hungry Horse
59920	MT	Kila|Marion
59921	MT	Lake Mc Donald
59922	MT	Lakeside
59923	MT	Libby|Happys Inn|Pioneer Junction|White Haven
59925	MT	Marion|Little Bitterroot Lake
59926	MT	Martin City
59927	MT	Olney
59928	MT	Polebridge
59929	MT	Proctor|Lake Mary Ronan
59930	MT	Rexford|West Kootenai
59931	MT	Rollins
59932	MT	Somers|Lakeside
59933	MT	Stryker
59934	MT	Trego
59935	MT	Troy|Yaak|Sylvanite|Bull Lake
59936	MT	West Glacier
59937	MT	Whitefish
60001	IL	Alden
60002	IL	Antioch|Fox Lake|Channel Lake|Lake Catherine
60004	IL	Arlington Heights
60005	IL	Arlington Heights|Mount Prospect
60006	IL	Arlington Heights
60007	IL	Elk Grove Village
60008	IL	Rolling Meadows
60009	IL	Elk Grove Village
60010	IL	Barrington|Barrington Hills|South Barrington|Lake Barrington|North Barrington|Deer Park|Inverness|Port Barrington|Tower Lakes|East Dundee
60011	IL	Barrington
60012	IL	Crystal Lake|Prairie Grove|Bull Valley|Ridgefield|Burtons Bridge
60013	IL	Cary|Oakwood Hills|Trout Valley
60014	IL	Crystal Lake|Lakewood|Prairie Grove|Burtons Bridge
60015	IL	Deerfield|Riverwoods|Bannockburn
60016	IL	Des Plaines
60017	IL	Des Plaines
60018	IL	Des Plaines|Chicago|Rosemont|Schiller Park
60019	IL	Des Plaines
60020	IL	Fox Lake|Volo
60021	IL	Fox River Grove
60022	IL	Glencoe
60025	IL	Glenview
60026	IL	Glenview
60029	IL	Golf
60030	IL	Grayslake|Round Lake Park|Hainesville|Third Lake|Gages Lake
60031	IL	Gurnee|Grandwood Park|Gages Lake
60033	IL	Harvard|Lawrence|Chemung|Big Foot Prairie|Alden
60034	IL	Hebron
60035	IL	Highland Park
60037	IL	Fort Sheridan
60038	IL	Palatine
60039	IL	Crystal Lake
60040	IL	Highwood
60041	IL	Ingleside|Fox Lake|Volo|Long Lake
60042	IL	Island Lake
60043	IL	Kenilworth
60044	IL	Lake Bluff|North Chicago|Green Oaks|Knollwood
60045	IL	Lake Forest|Mettawa|Lincolnshire|Green Oaks
60046	IL	Lake Villa|Lindenhurst|Old Mill Creek|Third Lake|Venetian Village|Fox Lake Hills|Grandwood Park
60047	IL	Lake Zurich|Long Grove|Hawthorn Woods|Kildeer|Forest Lake
60048	IL	Libertyville|Mettawa|Green Oaks|Waukegan|Gurnee|Mundelein
60050	IL	Mchenry|Bull Valley|Prairie Grove|Johnsburg|McCullom Lake|Pistakee Highlands|Burtons Bridge
60051	IL	Mchenry|Johnsburg|Lakemoor|Holiday Hills|Pistakee Highlands
60053	IL	Morton Grove
60055	IL	Palatine
60056	IL	Mount Prospect
60060	IL	Mundelein|Long Grove|Hawthorn Woods
60061	IL	Vernon Hills|Indian Creek
60062	IL	Northbrook|Glenview|Glencoe
60064	IL	North Chicago
60065	IL	Northbrook
60067	IL	Palatine|Inverness|Rolling Meadows
60068	IL	Park Ridge
60069	IL	Lincolnshire
60070	IL	Prospect Heights
60071	IL	Richmond|Solon Mills
60072	IL	Ringwood|Johnsburg
60073	IL	Round Lake|Round Lake Beach|Volo|Round Lake Park|Hainesville|Round Lake Heights|Lakemoor|Long Lake
60074	IL	Palatine
60075	IL	Russell
60076	IL	Skokie
60077	IL	Skokie
60078	IL	Palatine
60079	IL	Waukegan
60081	IL	Spring Grove|Fox Lake
60082	IL	Techny
60083	IL	Wadsworth|Old Mill Creek|Beach Park
60084	IL	Wauconda|Lake Barrington
60085	IL	Waukegan|Park City
60086	IL	North Chicago
60087	IL	Waukegan|Beach Park
60088	IL	North Chicago|Great Lakes
60089	IL	Buffalo Grove
60090	IL	Wheeling
60091	IL	Wilmette
60093	IL	Winnetka|Northfield
60094	IL	Palatine
60095	IL	Palatine
60096	IL	Winthrop Harbor
60097	IL	Wonder Lake|Greenwood|Bull Valley
60098	IL	Woodstock|Bull Valley|Greenwood|Lakewood|Ridgefield|Hartland|Franklinville
60099	IL	Zion|Beach Park|Wadsworth
60101	IL	Addison
60102	IL	Algonquin
60103	IL	Bartlett
60104	IL	Bellwood
60105	IL	Bensenville
60106	IL	Bensenville|Chicago
60107	IL	Streamwood
60108	IL	Bloomingdale
60109	IL	Burlington
60110	IL	Carpentersville|East Dundee
60111	IL	Clare
60112	IL	Cortland
60113	IL	Creston
60115	IL	Dekalb
60116	IL	Carol Stream
60117	IL	Bloomingdale
60118	IL	Dundee|West Dundee|East Dundee|Sleepy Hollow|Gilberts
60119	IL	Elburn|Campton Hills|Kaneville
60120	IL	Elgin|Hoffman Estates|Bartlett
60121	IL	Elgin
60122	IL	Elgin
60123	IL	Elgin
60124	IL	Elgin|Campton Hills
60126	IL	Elmhurst
60128	IL	Carol Stream
60129	IL	Esmond
60130	IL	Forest Park
60131	IL	Franklin Park
60132	IL	Carol Stream
60133	IL	Hanover Park
60134	IL	Geneva
60135	IL	Genoa
60136	IL	Gilberts
60137	IL	Glen Ellyn
60138	IL	Glen Ellyn
60139	IL	Glendale Heights
60140	IL	Hampshire|Pingree Grove|Elgin|Burlington
60141	IL	Hines
60142	IL	Huntley|Harmony
60143	IL	Itasca
60144	IL	Kaneville
60145	IL	Kingston
60146	IL	Kirkland
60147	IL	Lafox
60148	IL	Lombard
60150	IL	Malta
60151	IL	Maple Park|Virgil|Lily Lake|Cortland
60152	IL	Marengo|Harmony|Riley|Coral
60153	IL	Maywood
60154	IL	Westchester
60155	IL	Broadview
60156	IL	Lake in the Hills
60157	IL	Medinah|Roselle
60159	IL	Schaumburg
60160	IL	Melrose Park|River Grove
60161	IL	Melrose Park
60162	IL	Hillside
60163	IL	Berkeley|Melrose Park
60164	IL	Northlake|Melrose Park|Berkeley
60165	IL	Stone Park
60168	IL	Schaumburg
60169	IL	Hoffman Estates
60171	IL	River Grove
60172	IL	Roselle|Schaumburg
60173	IL	Schaumburg
60174	IL	St. Charles|Saint Charles
60175	IL	Saint Charles|Campton Hills|St. Charles|Lily Lake
60176	IL	Schiller Park
60177	IL	South Elgin
60178	IL	Sycamore|Burlington
60179	IL	Hoffman Estates
60180	IL	Union
60181	IL	Villa Park|Oakbrook Terrace
60183	IL	Campton Hills|Wasco
60184	IL	Wayne
60185	IL	West Chicago
60186	IL	West Chicago
60187	IL	Wheaton
60188	IL	Carol Stream
60189	IL	Wheaton
60190	IL	Winfield
60191	IL	Wood Dale
60192	IL	Hoffman Estates
60193	IL	Schaumburg
60194	IL	Schaumburg
60195	IL	Schaumburg
60196	IL	Schaumburg
60197	IL	Carol Stream
60199	IL	Carol Stream
60201	IL	Evanston
60202	IL	Evanston
60203	IL	Skokie|Evanston
60204	IL	Evanston
60208	IL	Evanston
60209	IL	Evanston
60301	IL	Oak Park
60302	IL	Oak Park
60303	IL	Oak Park
60304	IL	Oak Park
60305	IL	River Forest
60399	IL	Wood Dale
60401	IL	Beecher|Crete|Eagle Lake|Goodenow
60402	IL	Berwyn|Stickney|Forest View
60403	IL	Crest Hill
60404	IL	Shorewood
60406	IL	Blue Island|Dixmoor
60407	IL	Braceville|Godley|Coal City|Braidwood
60408	IL	Braidwood
60409	IL	Calumet City
60410	IL	Channahon
60411	IL	Chicago Heights|Lynwood|Sauk Village|Ford Heights|South Chicago Heights|Lansing|Glenwood
60412	IL	Chicago Heights
60415	IL	Chicago Ridge
60416	IL	Coal City|Diamond|Carbon Hill
60417	IL	Crete|Plum Valley|Willowbrook
60418	IL	Crestwood
60419	IL	Dolton
60420	IL	Dwight
60421	IL	Elwood|Joliet
60422	IL	Flossmoor
60423	IL	Frankfort|Matteson|Frankfort Square
60424	IL	Gardner|Essex
60425	IL	Glenwood
60426	IL	Harvey|Dixmoor|Phoenix
60428	IL	Markham
60429	IL	Hazel Crest|East Hazel Crest
60430	IL	Homewood|Thornton
60431	IL	Joliet|Crystal Lawns
60432	IL	Joliet|Ridgewood|Fairmont
60433	IL	Joliet|Ingalls Park|Preston Heights
60434	IL	Joliet
60435	IL	Joliet|Crystal Lawns|Sunnyland
60436	IL	Joliet|Rockdale|Preston Heights
60437	IL	Kinsman
60438	IL	Lansing
60439	IL	Lemont|Palos Park|Willow Springs
60440	IL	Bolingbrook
60441	IL	Lockport|Crest Hill|Romeoville|Fairmont|Bonnie Brae|Lockport Heights
60442	IL	Manhattan|Wilton Center
60443	IL	Matteson|Richton Park
60444	IL	Mazon
60445	IL	Midlothian
60446	IL	Romeoville
60447	IL	Minooka|Joliet|Plattville
60448	IL	Mokena|Homer Glen|Arbury Hills|Marley
60449	IL	Monee|University Park|Frankfort
60450	IL	Morris|Channahon|Seneca|Lisbon
60451	IL	New Lenox
60452	IL	Oak Forest
60453	IL	Oak Lawn
60454	IL	Oak Lawn
60455	IL	Bridgeview
60456	IL	Hometown
60457	IL	Hickory Hills
60458	IL	Justice
60459	IL	Burbank
60460	IL	Odell
60461	IL	Olympia Fields
60462	IL	Orland Park
60463	IL	Palos Heights
60464	IL	Palos Park
60465	IL	Palos Hills
60466	IL	Park Forest
60467	IL	Orland Park
60468	IL	Peotone|Andres
60469	IL	Posen
60470	IL	Ransom
60471	IL	Richton Park
60472	IL	Robbins|Crestwood
60473	IL	South Holland|East Hazel Crest
60474	IL	South Wilmington|East Brooklyn
60475	IL	Steger|South Chicago Heights
60476	IL	Thornton
60477	IL	Tinley Park
60478	IL	Country Club Hills
60479	IL	Verona
60480	IL	Willow Springs|Hodgkins
60481	IL	Wilmington|Braidwood|Diamond|Symerton|Ritchie|Rest Haven|Lakewood Shores|Lorenzo|Custer Park
60482	IL	Worth
60484	IL	University Park
60487	IL	Tinley Park|Orland Hills
60490	IL	Bolingbrook
60491	IL	Homer Glen|Lockport
60499	IL	Bedford Park
60501	IL	Summit Argo|Summit|Bedford Park|McCook|Justice
60502	IL	Aurora
60503	IL	Aurora
60504	IL	Aurora
60505	IL	Aurora
60506	IL	Aurora|Montgomery
60507	IL	Aurora
60510	IL	Batavia
60511	IL	Big Rock
60512	IL	Bristol|Yorkville
60513	IL	Brookfield
60514	IL	Clarendon Hills
60515	IL	Downers Grove
60516	IL	Downers Grove
60517	IL	Woodridge
60518	IL	Earlville|Harding
60519	IL	Eola|Aurora
60520	IL	Hinckley
60521	IL	Hinsdale
60522	IL	Hinsdale
60523	IL	Oak Brook|Westmont|Oakbrook Terrace
60525	IL	La Grange|Countryside|McCook|Hodgkins|Indian Head Park|Willow Springs|Lyons
60526	IL	La Grange Park
60527	IL	Willowbrook|Burr Ridge
60530	IL	Lee
60531	IL	Leland
60532	IL	Lisle
60534	IL	Lyons
60536	IL	Millbrook
60537	IL	Millington
60538	IL	Montgomery|Boulder Hill
60539	IL	Mooseheart|Batavia
60540	IL	Naperville
60541	IL	Newark|Lisbon|Millbrook
60542	IL	North Aurora
60543	IL	Oswego|Plainfield|Montgomery
60544	IL	Plainfield
60545	IL	Plano
60546	IL	Riverside|North Riverside|Forest Park
60548	IL	Sandwich|Somonauk|Lake Holiday
60549	IL	Serena
60550	IL	Shabbona
60551	IL	Sheridan|Harding
60552	IL	Somonauk|Lake Holiday
60553	IL	Steward
60554	IL	Sugar Grove|Big Rock|Prestbury
60555	IL	Warrenville
60556	IL	Waterman
60557	IL	Wedron
60558	IL	Western Springs
60559	IL	Westmont
60560	IL	Yorkville|Plattville|Millbrook|Oswego
60561	IL	Darien
60563	IL	Naperville|Warrenville
60564	IL	Naperville
60565	IL	Naperville
60566	IL	Naperville
60567	IL	Naperville
60568	IL	Aurora
60569	IL	Aurora
60572	IL	Aurora
60585	IL	Plainfield
60586	IL	Plainfield|Joliet|Crystal Lawns
60598	IL	Aurora
60599	IL	Fox Valley
60601	IL	Chicago
60602	IL	Chicago
60603	IL	Chicago
60604	IL	Chicago
60605	IL	Chicago
60606	IL	Chicago
60607	IL	Chicago
60608	IL	Chicago
60609	IL	Chicago
60610	IL	Chicago
60611	IL	Chicago
60612	IL	Chicago
60613	IL	Chicago
60614	IL	Chicago
60615	IL	Chicago
60616	IL	Chicago
60617	IL	Chicago
60618	IL	Chicago
60619	IL	Chicago
60620	IL	Chicago
60621	IL	Chicago
60622	IL	Chicago
60623	IL	Chicago
60624	IL	Chicago
60625	IL	Chicago
60626	IL	Chicago
60628	IL	Chicago
60629	IL	Chicago
60630	IL	Chicago
60631	IL	Chicago
60632	IL	Chicago
60633	IL	Chicago|Burnham
60634	IL	Chicago
60636	IL	Chicago
60637	IL	Chicago
60638	IL	Chicago|Bedford Park|Forest View
60639	IL	Chicago
60640	IL	Chicago
60641	IL	Chicago
60642	IL	Chicago
60643	IL	Chicago
60644	IL	Chicago
60645	IL	Chicago
60646	IL	Chicago
60647	IL	Chicago
60649	IL	Chicago
60651	IL	Chicago
60652	IL	Chicago
60653	IL	Chicago
60654	IL	Chicago
60655	IL	Chicago
60656	IL	Chicago
60657	IL	Chicago
60659	IL	Chicago
60660	IL	Chicago
60661	IL	Chicago
60664	IL	Chicago
60666	IL	Chicago
60668	IL	Chicago
60669	IL	Chicago
60670	IL	Chicago
60673	IL	Chicago
60674	IL	Chicago
60675	IL	Chicago
60677	IL	Chicago
60678	IL	Chicago
60680	IL	Chicago
60681	IL	Chicago
60682	IL	Chicago
60684	IL	Chicago
60685	IL	Chicago
60686	IL	Chicago
60687	IL	Chicago
60688	IL	Chicago
60689	IL	Chicago
60690	IL	Chicago
60691	IL	Chicago
60693	IL	Chicago
60694	IL	Chicago
60695	IL	Chicago
60696	IL	Chicago
60697	IL	Chicago
60699	IL	Chicago
60701	IL	Chicago
60706	IL	Norridge|Harwood Heights
60707	IL	Elmwood Park|Chicago
60712	IL	Lincolnwood
60714	IL	Niles
60803	IL	Alsip|Merrionette Park|Worth
60804	IL	Cicero|Stickney
60805	IL	Evergreen Park
60827	IL	Riverdale|Chicago|Calumet Park|Dolton
60901	IL	Kankakee|Limestone|Aroma Park|Sammons Point|Irwin
60910	IL	Aroma Park
60911	IL	Ashkum
60912	IL	Beaverville
60913	IL	Bonfield
60914	IL	Bourbonnais|Bradley
60915	IL	Bradley
60917	IL	Buckingham
60918	IL	Buckley
60919	IL	Cabery
60920	IL	Campus
60921	IL	Chatsworth
60922	IL	Chebanse|Sammons Point
60924	IL	Cissna Park
60926	IL	Claytonville
60927	IL	Clifton
60928	IL	Crescent City
60929	IL	Cullom
60930	IL	Danforth
60931	IL	Donovan
60932	IL	East Lynn
60933	IL	Elliott
60934	IL	Emington
60935	IL	Essex
60936	IL	Gibson City
60938	IL	Gilman
60939	IL	Goodwine
60940	IL	Grant Park
60941	IL	Herscher
60942	IL	Hoopeston|Rossville
60944	IL	Hopkins Park
60945	IL	Iroquois
60946	IL	Kempton
60948	IL	Loda
60949	IL	Ludlow
60950	IL	Manteno|Bourbonnais
60951	IL	Martinton
60952	IL	Melvin
60953	IL	Milford
60954	IL	Momence
60955	IL	Onarga
60956	IL	Papineau
60957	IL	Paxton
60958	IL	Pembroke Township|Hopkins Park
60959	IL	Piper City
60960	IL	Rankin
60961	IL	Reddick
60962	IL	Roberts
60963	IL	Rossville
60964	IL	Saint Anne|Aroma Park|St. Anne|Sun River Terrace
60966	IL	Sheldon
60967	IL	Stockland
60968	IL	Thawville
60969	IL	Union Hill
60970	IL	Watseka|Woodland
60973	IL	Wellington
60974	IL	Woodland
61001	IL	Apple River|Apple Canyon Lake
61006	IL	Ashton
61007	IL	Baileyville
61008	IL	Belvidere|Timberlane
61010	IL	Byron
61011	IL	Caledonia|Loves Park|Machesney Park|Poplar Grove|Timberlane|Argyle
61012	IL	Capron
61013	IL	Cedarville
61014	IL	Chadwick
61015	IL	Chana
61016	IL	Cherry Valley
61018	IL	Dakota
61019	IL	Davis|Lake Summerset
61020	IL	Davis Junction|Rockford|Holcomb
61021	IL	Dixon|Amboy|Nelson|Lost Nation|Grand Detour|Nachusa
61024	IL	Durand
61025	IL	East Dubuque|Menominee
61027	IL	Eleroy
61028	IL	Elizabeth
61030	IL	Forreston
61031	IL	Franklin Grove
61032	IL	Freeport|Willow Lake
61036	IL	Galena|The Galena Territory
61037	IL	Galt
61038	IL	Garden Prairie
61039	IL	German Valley
61041	IL	Hanover
61042	IL	Harmon
61043	IL	Holcomb
61044	IL	Kent
61046	IL	Lanark|Lake Carroll
61047	IL	Leaf River|Adeline
61048	IL	Lena
61049	IL	Lindenwood
61050	IL	Mc Connell
61051	IL	Milledgeville
61052	IL	Monroe Center
61053	IL	Mount Carroll
61054	IL	Mount Morris
61057	IL	Nachusa
61059	IL	Nora
61060	IL	Orangeville
61061	IL	Oregon
61062	IL	Pearl City
61063	IL	Pecatonica
61064	IL	Polo
61065	IL	Poplar Grove|Timberlane|Candlewick Lake
61067	IL	Ridott
61068	IL	Rochelle|Hillcrest|Creston|Kings
61070	IL	Rock City
61071	IL	Rock Falls|Nelson
61072	IL	Rockton
61073	IL	Roscoe|Machesney Park|South Beloit
61074	IL	Savanna
61075	IL	Scales Mound
61077	IL	Seward
61078	IL	Shannon
61079	IL	Shirland
61080	IL	South Beloit|Roscoe
61081	IL	Sterling|Coleta|Como|Galt
61084	IL	Stillman Valley
61085	IL	Stockton
61087	IL	Warren|Nora
61088	IL	Winnebago|Westlake Village
61089	IL	Winslow
61091	IL	Woosung
61101	IL	Rockford
61102	IL	Rockford
61103	IL	Rockford
61104	IL	Rockford
61105	IL	Rockford
61106	IL	Rockford
61107	IL	Rockford
61108	IL	Rockford|Cherry Valley
61109	IL	Rockford|New Milford|Cherry Valley
61110	IL	Rockford
61111	IL	Loves Park
61112	IL	Cherry Valley|Rockford
61114	IL	Rockford
61115	IL	Machesney Park
61125	IL	Rockford
61126	IL	Rockford
61130	IL	Loves Park
61131	IL	Loves Park
61132	IL	Loves Park
61201	IL	Rock Island|Rock Island Arsenal
61204	IL	Rock Island
61230	IL	Albany
61231	IL	Aledo|Preemption|Millersburg
61232	IL	Andalusia
61233	IL	Andover
61234	IL	Annawan
61235	IL	Atkinson
61236	IL	Barstow
61237	IL	Buffalo Prairie
61238	IL	Cambridge|Andover
61239	IL	Carbon Cliff
61240	IL	Coal Valley|Moline
61241	IL	Colona|Cleveland
61242	IL	Cordova
61243	IL	Deer Grove
61244	IL	East Moline|Silvis|Carbon Cliff|Campbell's Island|Barstow
61250	IL	Erie
61251	IL	Fenton
61252	IL	Fulton
61254	IL	Geneseo
61256	IL	Hampton
61257	IL	Hillsdale|East Moline|Joslin
61258	IL	Hooppole
61259	IL	Illinois City
61260	IL	Joy|Millersburg
61261	IL	Lyndon
61262	IL	Lynn Center|Andover|Ophiem|Swedona
61263	IL	Matherville
61264	IL	Milan|Rock Island|Oak Grove|Reynolds|Coyne Center|Preemption
61265	IL	Moline
61266	IL	Moline
61270	IL	Morrison
61272	IL	New Boston|Eliza
61273	IL	Orion
61274	IL	Osco
61275	IL	Port Byron|Rapids City
61276	IL	Preemption
61277	IL	Prophetstown
61278	IL	Rapids City
61279	IL	Reynolds|Buffalo Prairie|Hamlet
61281	IL	Sherrard|Cable|Preemption
61282	IL	Silvis|Carbon Cliff
61283	IL	Tampico
61284	IL	Taylor Ridge|Edgington
61285	IL	Thomson
61299	IL	Rock Island
61301	IL	La Salle|LaSalle
61310	IL	Amboy|Lee Center
61311	IL	Ancona
61312	IL	Arlington|Cherry
61313	IL	Blackstone
61314	IL	Buda
61315	IL	Bureau Junction|Bureau
61316	IL	Cedar Point
61317	IL	Cherry
61318	IL	Compton
61319	IL	Cornell
61320	IL	Dalzell
61321	IL	Dana
61322	IL	De Pue|Depue
61323	IL	Dover
61324	IL	Eldena
61325	IL	Grand Ridge
61326	IL	Granville|Standard|Mark
61327	IL	Hennepin|Mark
61328	IL	Kasbeer
61329	IL	Ladd
61330	IL	La Moille
61331	IL	Lee Center
61332	IL	Leonore
61333	IL	Long Point
61334	IL	Lostant
61335	IL	Mc Nabb|McNabb
61336	IL	Magnolia
61337	IL	Malden
61338	IL	Manlius
61340	IL	Mark
61341	IL	Marseilles
61342	IL	Mendota
61344	IL	Mineral|Annawan
61345	IL	Neponset
61346	IL	New Bedford
61348	IL	Oglesby
61349	IL	Ohio
61350	IL	Ottawa|Naplate|Dayton|Wedron
61353	IL	Paw Paw
61354	IL	Peru|Cedar Point
61356	IL	Princeton|De Pue|Bureau Junction|Dover|Hollowayville
61358	IL	Rutland|Wenona
61359	IL	Seatonville
61360	IL	Seneca
61361	IL	Sheffield
61362	IL	Spring Valley|Dalzell|Ladd
61363	IL	Standard
61364	IL	Streator|Kangley
61367	IL	Sublette
61368	IL	Tiskilwa
61369	IL	Toluca
61370	IL	Tonica
61371	IL	Triumph
61372	IL	Troy Grove
61373	IL	Utica|North Utica|Troy Grove
61374	IL	Van Orin
61375	IL	Varna
61376	IL	Walnut
61377	IL	Wenona
61378	IL	West Brooklyn
61379	IL	Wyanet|Manlius
61401	IL	Galesburg
61402	IL	Galesburg
61410	IL	Abingdon
61411	IL	Adair
61412	IL	Alexis
61413	IL	Alpha
61414	IL	Altona
61415	IL	Avon
61416	IL	Bardolph
61417	IL	Berwick
61418	IL	Biggsville
61419	IL	Bishop Hill
61420	IL	Blandinsville
61421	IL	Bradford
61422	IL	Bushnell
61423	IL	Cameron
61424	IL	Camp Grove
61425	IL	Carman|Gulfport
61426	IL	Castleton
61427	IL	Cuba
61428	IL	Dahinda|Oak Run
61430	IL	East Galesburg
61431	IL	Ellisville
61432	IL	Fairview
61433	IL	Fiatt
61434	IL	Galva
61435	IL	Gerlaw
61436	IL	Gilson
61437	IL	Gladstone
61438	IL	Good Hope
61439	IL	Henderson
61440	IL	Industry
61441	IL	Ipava
61442	IL	Keithsburg
61443	IL	Kewanee
61447	IL	Kirkwood
61448	IL	Knoxville
61449	IL	La Fayette
61450	IL	La Harpe
61451	IL	Laura
61452	IL	Littleton
61453	IL	Little York
61454	IL	Lomax
61455	IL	Macomb|Georgetown
61458	IL	Maquon
61459	IL	Marietta
61460	IL	Media
61462	IL	Monmouth
61465	IL	New Windsor|Windsor
61466	IL	North Henderson
61467	IL	Oneida
61468	IL	Ophiem
61469	IL	Oquawka
61470	IL	Prairie City
61471	IL	Raritan
61472	IL	Rio
61473	IL	Roseville
61474	IL	Saint Augustine|St. Augustine
61475	IL	Sciota
61476	IL	Seaton
61477	IL	Smithfield
61478	IL	Smithshire
61479	IL	Speer
61480	IL	Stronghurst
61482	IL	Table Grove
61483	IL	Toulon
61484	IL	Vermont
61485	IL	Victoria
61486	IL	Viola
61488	IL	Wataga|Henderson
61489	IL	Williamsfield
61490	IL	Woodhull|Nekoma
61491	IL	Wyoming
61501	IL	Astoria
61516	IL	Benson
61517	IL	Brimfield
61519	IL	Bryant
61520	IL	Canton|Banner|Dunfermline
61523	IL	Chillicothe|Rome
61524	IL	Dunfermline
61525	IL	Dunlap
61526	IL	Edelstein
61528	IL	Edwards
61529	IL	Elmwood
61530	IL	Eureka
61531	IL	Farmington
61532	IL	Forest City
61533	IL	Glasford
61534	IL	Green Valley
61535	IL	Groveland
61536	IL	Hanna City|Smithville
61537	IL	Henry
61539	IL	Kingston Mines
61540	IL	Lacon
61541	IL	La Rose
61542	IL	Lewistown
61543	IL	Liverpool
61544	IL	London Mills
61545	IL	Lowpoint
61546	IL	Manito
61547	IL	Mapleton|Kingston Mines|Lake Camelot
61548	IL	Metamora|Germantown Hills
61550	IL	Morton
61552	IL	Mossville
61553	IL	Norris
61554	IL	Pekin|North Pekin|Marquette Heights|South Pekin
61555	IL	Pekin
61558	IL	Pekin
61559	IL	Princeville
61560	IL	Putnam
61561	IL	Roanoke
61562	IL	Rome
61563	IL	St. David|Saint David
61564	IL	South Pekin
61565	IL	Sparland|Hopewell
61567	IL	Topeka|Forest City|Goofy Ridge
61568	IL	Tremont
61569	IL	Trivoli
61570	IL	Washburn|La Rose
61571	IL	Washington|East Peoria
61572	IL	Yates City
61601	IL	Peoria
61602	IL	Peoria
61603	IL	Peoria
61604	IL	Peoria|West Peoria|Bellevue|Norwood
61605	IL	Peoria|Bellevue
61606	IL	Peoria
61607	IL	Peoria|Bartonville|Bellevue|Lake Camelot
61610	IL	Creve Coeur
61611	IL	East Peoria|Spring Bay|Bay View Gardens
61612	IL	Peoria
61613	IL	Peoria
61614	IL	Peoria
61615	IL	Peoria|Mossville
61616	IL	Peoria Heights
61625	IL	Peoria
61629	IL	Peoria
61630	IL	Peoria
61633	IL	Peoria
61634	IL	Peoria
61635	IL	East Peoria
61636	IL	Peoria
61637	IL	Peoria
61638	IL	Peoria
61639	IL	Peoria
61641	IL	Peoria
61643	IL	Peoria
61650	IL	Peoria
61651	IL	Peoria
61652	IL	Peoria
61653	IL	Peoria
61654	IL	Peoria
61655	IL	Peoria
61656	IL	Peoria
61701	IL	Bloomington
61702	IL	Bloomington
61704	IL	Bloomington
61705	IL	Bloomington|Downs|Twin Grove
61709	IL	Bloomington
61710	IL	Bloomington
61720	IL	Anchor
61721	IL	Armington
61722	IL	Arrowsmith
61723	IL	Atlanta
61724	IL	Bellflower
61725	IL	Carlock
61726	IL	Chenoa
61727	IL	Clinton|Lane
61728	IL	Colfax
61729	IL	Congerville
61730	IL	Cooksville
61731	IL	Cropsey
61732	IL	Danvers
61733	IL	Deer Creek
61734	IL	Delavan
61735	IL	Dewitt|De Witt
61736	IL	Downs
61737	IL	Ellsworth
61738	IL	El Paso|Panola|Kappa
61739	IL	Fairbury
61740	IL	Flanagan
61741	IL	Forrest
61742	IL	Goodfield
61743	IL	Graymont
61744	IL	Gridley
61745	IL	Heyworth
61747	IL	Hopedale
61748	IL	Hudson
61749	IL	Kenney
61750	IL	Lane
61751	IL	Lawndale
61752	IL	Le Roy
61753	IL	Lexington
61754	IL	Mc Lean|McLean
61755	IL	Mackinaw|Heritage Lake
61756	IL	Maroa
61758	IL	Merna
61759	IL	Minier
61760	IL	Minonk
61761	IL	Normal
61764	IL	Pontiac
61769	IL	Saunemin
61770	IL	Saybrook
61771	IL	Secor
61772	IL	Shirley
61773	IL	Sibley
61774	IL	Stanford
61775	IL	Strawn
61776	IL	Towanda
61777	IL	Wapella
61778	IL	Waynesville
61790	IL	Normal
61791	IL	Bloomington
61799	IL	Bloomington
61801	IL	Urbana
61802	IL	Urbana
61803	IL	Urbana
61810	IL	Allerton
61811	IL	Alvin|Henning
61812	IL	Armstrong
61813	IL	Bement
61814	IL	Bismarck
61815	IL	Bondville
61816	IL	Broadlands
61817	IL	Catlin
61818	IL	Cerro Gordo
61820	IL	Champaign
61821	IL	Champaign
61822	IL	Champaign|Mahomet|Savoy|Bondville
61824	IL	Champaign
61825	IL	Champaign
61826	IL	Champaign
61830	IL	Cisco
61831	IL	Collison
61832	IL	Danville|Tilton
61833	IL	Tilton
61834	IL	Danville|Tilton|Belgium
61839	IL	De Land
61840	IL	Dewey
61841	IL	Fairmount
61842	IL	Farmer City
61843	IL	Fisher
61844	IL	Fithian
61845	IL	Foosland
61846	IL	Georgetown|Olivet
61847	IL	Gifford
61848	IL	Henning
61849	IL	Homer
61850	IL	Indianola
61851	IL	Ivesdale
61852	IL	Longview
61853	IL	Mahomet|Lake of the Woods
61854	IL	Mansfield
61855	IL	Milmine
61856	IL	Monticello
61857	IL	Muncie
61858	IL	Oakwood
61859	IL	Ogden
61862	IL	Penfield
61863	IL	Pesotum
61864	IL	Philo
61865	IL	Potomac|Henning
61866	IL	Rantoul
61870	IL	Ridge Farm
61871	IL	Royal
61872	IL	Sadorus
61873	IL	Saint Joseph|St. Joseph
61874	IL	Savoy
61875	IL	Seymour
61876	IL	Sidell
61877	IL	Sidney
61878	IL	Thomasboro
61880	IL	Tolono
61882	IL	Weldon
61883	IL	Westville|Belgium
61884	IL	White Heath
61910	IL	Arcola
61911	IL	Arthur
61912	IL	Ashmore
61913	IL	Atwood|Garrett
61914	IL	Bethany
61917	IL	Brocton
61919	IL	Camargo
61920	IL	Charleston
61924	IL	Chrisman
61925	IL	Dalton City
61928	IL	Gays
61929	IL	Hammond|LaPlace
61930	IL	Hindsboro
61931	IL	Humboldt
61932	IL	Hume
61933	IL	Kansas
61936	IL	La Place|LaPlace
61937	IL	Lovington|Lake City
61938	IL	Mattoon
61940	IL	Metcalf
61941	IL	Murdock
61942	IL	Newman
61943	IL	Oakland
61944	IL	Paris|Vermilion
61949	IL	Redmon
61951	IL	Sullivan|Allenville
61953	IL	Tuscola
61955	IL	Vermilion
61956	IL	Villa Grove
61957	IL	Windsor
62001	IL	Alhambra
62002	IL	Alton|Godfrey|East Alton
62006	IL	Batchtown
62009	IL	Benld|Mount Clare|Sawyerville
62010	IL	Bethalto
62011	IL	Bingham
62012	IL	Brighton
62013	IL	Brussels
62014	IL	Bunker Hill
62015	IL	Butler|Litchfield
62016	IL	Carrollton
62017	IL	Coffeen
62018	IL	Cottage Hills|East Alton|Alton|Bethalto|Rosewood Heights
62019	IL	Donnellson
62021	IL	Dorsey|Prairietown
62022	IL	Dow
62023	IL	Eagarville
62024	IL	East Alton|Wood River|Bethalto|Rosewood Heights
62025	IL	Edwardsville|Roxana|Pontoon Beach|Glen Carbon|South Roxana|Holiday Shores
62026	IL	Edwardsville
62027	IL	Eldred
62028	IL	Elsah
62030	IL	Fidelity
62031	IL	Fieldon
62032	IL	Fillmore
62033	IL	Gillespie|Mount Clare|Dorchester|East Gillespie|Eagarville
62034	IL	Glen Carbon
62035	IL	Godfrey
62036	IL	Golden Eagle
62037	IL	Grafton
62040	IL	Granite City|Pontoon Beach|Madison|Fairmont City|Mitchell
62044	IL	Greenfield
62045	IL	Hamburg
62046	IL	Hamel
62047	IL	Hardin
62048	IL	Hartford|Madison|Granite City|Edwardsville
62049	IL	Hillsboro|Schram City|Taylor Springs
62050	IL	Hillview
62051	IL	Irving|Hillsboro
62052	IL	Jerseyville|Otterville
62053	IL	Kampsville
62054	IL	Kane
62056	IL	Litchfield
62058	IL	Livingston
62059	IL	Brooklyn|Lovejoy
62060	IL	Madison|Venice
62061	IL	Marine
62062	IL	Maryville
62063	IL	Medora
62065	IL	Michael
62067	IL	Moro
62069	IL	Mount Olive|White City|Lake Ka-Ho|Eagarville
62070	IL	Mozier
62071	IL	National Stock Yards
62074	IL	New Douglas|Livingston
62075	IL	Nokomis|Wenonah|Coalton
62076	IL	Ohlman
62077	IL	Panama
62078	IL	Wilmington|Patterson
62079	IL	Piasa
62080	IL	Ramsey
62081	IL	Rockbridge
62082	IL	Roodhouse|Manchester|Wilmington|Alsey
62083	IL	Rosamond
62084	IL	Roxana|Wood River
62085	IL	Sawyerville
62086	IL	Sorento
62087	IL	South Roxana|Hartford|Roxana
62088	IL	Staunton|Williamson
62089	IL	Taylor Springs
62090	IL	Venice
62091	IL	Walshville
62092	IL	White Hall
62093	IL	Wilsonville
62094	IL	Witt
62095	IL	Wood River|East Alton
62097	IL	Worden|Hamel|Holiday Shores|Prairietown
62098	IL	Wrights
62201	IL	East Saint Louis|Fairmont City|East St. Louis|Madison|Sauget|Brooklyn
62202	IL	East Saint Louis
62203	IL	East Saint Louis|East St. Louis|Centreville|Caseyville|Washington Park
62204	IL	East Saint Louis|Washington Park|East St. Louis|Caseyville
62205	IL	East St. Louis|East Saint Louis|Centreville|Alorton
62206	IL	Cahokia|East Saint Louis|Sauget
62207	IL	East Saint Louis|Centreville|East St. Louis|Alorton
62208	IL	Fairview Heights
62214	IL	Addieville|Venedy
62215	IL	Albers|Damiansville
62216	IL	Aviston
62217	IL	Baldwin
62218	IL	Bartelso
62219	IL	Beckemeyer
62220	IL	Belleville|Smithton
62221	IL	Belleville|Shiloh|Freeburg|Rentchler
62222	IL	Belleville
62223	IL	Belleville|Swansea
62225	IL	Scott Air Force Base|Shiloh|Scott AFB
62226	IL	Belleville|Swansea
62230	IL	Breese|St. Rose
62231	IL	Carlyle|Huey
62232	IL	Caseyville
62233	IL	Chester
62234	IL	Collinsville|Pontoon Beach|Fairmont City|Maryville
62236	IL	Columbia|Dupo
62237	IL	Coulterville
62238	IL	Cutler
62239	IL	Dupo
62240	IL	East Carondelet|Dupo
62241	IL	Ellis Grove
62242	IL	Evansville
62243	IL	Freeburg|Smithton
62244	IL	Fults|Maeystown
62245	IL	Germantown|Albers
62246	IL	Greenville
62247	IL	Hagarstown
62248	IL	Hecker
62249	IL	Highland|Grantfork|St. Jacob|Pierron
62250	IL	Hoffman
62252	IL	Huey
62253	IL	Keyesport
62254	IL	Lebanon
62255	IL	Lenzburg|Darmstadt
62256	IL	Maeystown
62257	IL	Marissa|St. Libory
62258	IL	Mascoutah|Fayetteville
62259	IL	Menard
62260	IL	Millstadt
62261	IL	Modoc
62262	IL	Mulberry Grove
62263	IL	Nashville|New Minden
62264	IL	New Athens
62265	IL	New Baden
62266	IL	New Memphis
62268	IL	Oakdale
62269	IL	O Fallon|O'Fallon|Shiloh
62271	IL	Okawville
62272	IL	Percy
62273	IL	Pierron
62274	IL	Pinckneyville
62275	IL	Pocahontas|Pierron|Old Ripley
62277	IL	Prairie Du Rocher
62278	IL	Red Bud|Ruma
62279	IL	Renault
62280	IL	Rockwood
62281	IL	Saint Jacob|St. Jacob
62282	IL	Saint Libory|St. Libory
62284	IL	Smithboro
62285	IL	Smithton
62286	IL	Sparta
62288	IL	Steeleville
62289	IL	Summerfield
62292	IL	Tilden
62293	IL	Trenton|Summerfield
62294	IL	Troy
62295	IL	Valmeyer
62297	IL	Walsh
62298	IL	Waterloo|Paderborn|Floraville
62301	IL	Quincy
62305	IL	Quincy|Columbus|Bloomfield|Burton
62306	IL	Quincy
62311	IL	Augusta
62312	IL	Barry|El Dara
62313	IL	Basco
62314	IL	Baylis
62316	IL	Bowen
62319	IL	Camden
62320	IL	Camp Point|Columbus
62321	IL	Carthage|Ferris|Bentley
62323	IL	Chambersburg
62324	IL	Clayton
62325	IL	Coatsburg|Paloma
62326	IL	Colchester
62329	IL	Colusa
62330	IL	Dallas City|Pontoosuc
62334	IL	Elvaston
62336	IL	Ferris
62338	IL	Fowler
62339	IL	Golden
62340	IL	Griggsville|Pittsfield|Valley City
62341	IL	Hamilton
62343	IL	Hull
62344	IL	Huntsville
62345	IL	Kinderhook
62346	IL	La Prairie
62347	IL	Liberty|Adams|Beverly|Kingston
62348	IL	Lima
62349	IL	Loraine
62351	IL	Mendon
62352	IL	Milton
62353	IL	Mount Sterling|Ripley
62354	IL	Nauvoo
62355	IL	Nebo
62356	IL	New Canton|El Dara
62357	IL	New Salem
62358	IL	Niota|Pontoosuc
62359	IL	Paloma
62360	IL	Payson|Fall Creek
62361	IL	Pearl
62362	IL	Perry
62363	IL	Pittsfield|Florence|Time|Detroit
62365	IL	Plainville|Richfield
62366	IL	Pleasant Hill
62367	IL	Plymouth
62370	IL	Rockport
62373	IL	Sutter
62374	IL	Tennessee
62375	IL	Timewell|Mound Station
62376	IL	Ursa|Lima|Marcelline
62378	IL	Versailles
62379	IL	Warsaw|Elvaston|Meyer
62380	IL	West Point
62401	IL	Effingham
62410	IL	Allendale
62411	IL	Altamont
62413	IL	Annapolis
62414	IL	Beecher City
62417	IL	Bridgeport
62418	IL	Brownstown
62419	IL	Calhoun
62420	IL	Casey
62421	IL	Claremont
62422	IL	Cowden
62423	IL	Dennison
62424	IL	Dieterich
62425	IL	Dundas
62426	IL	Edgewood|La Clede
62427	IL	Flat Rock
62428	IL	Greenup
62431	IL	Herrick
62432	IL	Hidalgo|Rose Hill
62433	IL	Hutsonville
62434	IL	Ingraham
62435	IL	Janesville
62436	IL	Jewett
62438	IL	Lakewood
62439	IL	Lawrenceville|Russellville
62440	IL	Lerna|Janesville
62441	IL	Marshall
62442	IL	Martinsville
62443	IL	Mason
62444	IL	Mode
62445	IL	Montrose
62446	IL	Mount Erie
62447	IL	Neoga
62448	IL	Newton
62449	IL	Oblong
62450	IL	Olney
62451	IL	Palestine
62452	IL	Parkersburg
62454	IL	Robinson|Stoy
62458	IL	Saint Elmo|St. Elmo
62459	IL	Ste. Marie|Sainte Marie
62460	IL	Saint Francisville|St. Francisville
62461	IL	Shumway
62462	IL	Sigel
62463	IL	Stewardson
62464	IL	Stoy
62465	IL	Strasburg
62466	IL	Sumner
62467	IL	Teutopolis
62468	IL	Toledo
62469	IL	Trilla
62471	IL	Vandalia
62473	IL	Watson
62474	IL	Westfield
62475	IL	West Liberty
62476	IL	West Salem
62477	IL	West Union
62478	IL	West York
62479	IL	Wheeler
62480	IL	Willow Hill
62481	IL	Yale
62501	IL	Argenta
62510	IL	Assumption
62512	IL	Beason
62513	IL	Blue Mound
62514	IL	Boody
62515	IL	Buffalo
62517	IL	Bulpitt
62518	IL	Chestnut
62519	IL	Cornland
62520	IL	Dawson
62521	IL	Decatur|Long Creek|Mount Zion
62522	IL	Decatur|Harristown
62523	IL	Decatur
62524	IL	Decatur
62525	IL	Decatur
62526	IL	Decatur
62530	IL	Divernon
62531	IL	Edinburg
62532	IL	Elwin
62533	IL	Farmersville
62534	IL	Findlay
62535	IL	Forsyth|Decatur
62536	IL	Glenarm
62537	IL	Harristown
62538	IL	Harvel
62539	IL	Illiopolis
62540	IL	Kincaid|Jeisyville
62541	IL	Lake Fork
62543	IL	Latham
62544	IL	Macon|Boody
62545	IL	Mechanicsburg
62546	IL	Morrisonville|Palmer
62547	IL	Mount Auburn
62548	IL	Mount Pulaski
62549	IL	Mt Zion|Mount Zion
62550	IL	Moweaqua
62551	IL	Niantic
62553	IL	Oconee
62554	IL	Oreana
62555	IL	Owaneco|Taylorville
62556	IL	Palmer
62557	IL	Pana
62558	IL	Pawnee
62560	IL	Raymond
62561	IL	Riverton|Spaulding|Dawson
62563	IL	Rochester
62565	IL	Shelbyville|Westervelt
62567	IL	Stonington
62568	IL	Taylorville|Jeisyville|Kincaid|Langleyville
62570	IL	Tovey
62571	IL	Tower Hill
62572	IL	Waggoner
62573	IL	Warrensburg
62601	IL	Alexander
62610	IL	Alsey
62611	IL	Arenzville
62612	IL	Ashland
62613	IL	Athens
62615	IL	Auburn|Thayer
62617	IL	Bath
62618	IL	Beardstown
62621	IL	Bluffs|Exeter|Oxville
62622	IL	Bluff Springs
62624	IL	Browning
62625	IL	Cantrall
62626	IL	Carlinville
62627	IL	Chandlerville
62628	IL	Chapin
62629	IL	Chatham|Springfield
62630	IL	Chesterfield
62631	IL	Concord
62633	IL	Easton
62634	IL	Elkhart|Broadwell
62635	IL	Emden
62638	IL	Franklin
62639	IL	Frederick
62640	IL	Girard|Standard City
62642	IL	Greenview
62643	IL	Hartsburg
62644	IL	Havana|Goofy Ridge
62649	IL	Hettick
62650	IL	Jacksonville|South Jacksonville|Woodson|Lynnville|Literberry|Merritt
62651	IL	Jacksonville
62655	IL	Kilbourne
62656	IL	Lincoln
62659	IL	Lincoln'S New Salem
62660	IL	Literberry
62661	IL	Loami
62662	IL	Lowder
62663	IL	Manchester
62664	IL	Mason City
62665	IL	Meredosia|Naples
62666	IL	Middletown
62667	IL	Modesto
62668	IL	Murrayville
62670	IL	New Berlin|Curran|Berlin
62671	IL	New Holland
62672	IL	Nilwood
62673	IL	Oakford
62674	IL	Palmyra|Scottville
62675	IL	Petersburg|Lake Petersburg
62677	IL	Pleasant Plains
62681	IL	Rushville
62682	IL	San Jose
62683	IL	Scottville
62684	IL	Sherman|Spaulding
62685	IL	Shipman|Royal Lakes
62688	IL	Tallula
62689	IL	Thayer
62690	IL	Virden
62691	IL	Virginia
62692	IL	Waverly
62693	IL	Williamsville
62694	IL	Winchester|Glasgow|Alsey|Riggston|Merritt
62695	IL	Woodson
62701	IL	Springfield
62702	IL	Springfield|Grandview
62703	IL	Springfield|Southern View
62704	IL	Springfield|Leland Grove|Jerome
62705	IL	Springfield
62706	IL	Springfield
62707	IL	Springfield|Sherman|Riverton|Clear Lake
62708	IL	Springfield
62711	IL	Springfield
62712	IL	Springfield
62715	IL	Springfield
62716	IL	Springfield
62719	IL	Springfield
62722	IL	Springfield
62723	IL	Springfield
62726	IL	Springfield
62736	IL	Springfield
62739	IL	Springfield
62756	IL	Springfield
62757	IL	Springfield
62761	IL	Springfield
62762	IL	Springfield
62763	IL	Springfield
62764	IL	Springfield
62765	IL	Springfield
62766	IL	Springfield
62767	IL	Springfield
62769	IL	Springfield
62776	IL	Springfield
62777	IL	Springfield
62781	IL	Springfield
62786	IL	Springfield
62791	IL	Springfield
62794	IL	Springfield
62796	IL	Springfield
62801	IL	Centralia|Wamac|Central City|Irvington
62803	IL	Hoyleton
62806	IL	Albion
62807	IL	Alma
62808	IL	Ashley
62809	IL	Barnhill|Mill Shoals
62810	IL	Belle Rive
62811	IL	Bellmont
62812	IL	Benton|West City|Valier|North City|Buckner
62814	IL	Bluford
62815	IL	Bone Gap
62816	IL	Bonnie|Nason|Ina
62817	IL	Broughton
62818	IL	Browns
62819	IL	Buckner
62820	IL	Burnt Prairie
62821	IL	Carmi
62822	IL	Christopher|North City
62823	IL	Cisne
62824	IL	Clay City|Sailor Springs
62825	IL	North City|Coello
62827	IL	Crossville|Phillipstown
62828	IL	Dahlgren|Belle Prairie City
62829	IL	Dale
62830	IL	Dix
62831	IL	Du Bois
62832	IL	Du Quoin|St. Johns
62833	IL	Ellery
62834	IL	Emma
62835	IL	Enfield
62836	IL	Ewing
62837	IL	Fairfield
62838	IL	Farina|Iola|La Clede
62839	IL	Flora
62840	IL	Frankfort Heights
62841	IL	Freeman Spur
62842	IL	Geff|Jeffersonville
62843	IL	Golden Gate
62844	IL	Grayville
62846	IL	Ina
62848	IL	Irvington
62849	IL	Iuka
62850	IL	Johnsonville
62851	IL	Keenes
62852	IL	Keensburg
62853	IL	Kell
62854	IL	Kinmundy|Farina
62855	IL	Lancaster
62856	IL	Hanaford|Logan
62858	IL	Louisville
62859	IL	Mc Leansboro|McLeansboro
62860	IL	Macedonia
62861	IL	Maunie
62862	IL	Mill Shoals
62863	IL	Mount Carmel|Keensburg
62864	IL	Mount Vernon
62865	IL	Mulkeytown|North City|Zeigler|Christopher
62866	IL	Nason
62867	IL	New Haven
62868	IL	Noble
62869	IL	Norris City
62870	IL	Odin
62871	IL	Omaha
62872	IL	Opdyke
62874	IL	Orient
62875	IL	Patoka
62876	IL	Radom
62877	IL	Richview
62878	IL	Rinard
62879	IL	Sailor Springs
62880	IL	Saint Peter|St. Peter
62881	IL	Salem
62882	IL	Sandoval|Junction City
62883	IL	Scheller
62884	IL	Sesser
62885	IL	Shobonier
62886	IL	Sims
62887	IL	Springerton
62888	IL	Tamaroa
62889	IL	Texico
62890	IL	Thompsonville|Hanaford
62891	IL	Valier
62892	IL	Vernon
62893	IL	Walnut Hill
62894	IL	Waltonville
62895	IL	Wayne City
62896	IL	West Frankfort|Freeman Spur
62897	IL	Whittington
62898	IL	Woodlawn
62899	IL	Xenia
62901	IL	Carbondale
62902	IL	Carbondale
62903	IL	Carbondale
62905	IL	Alto Pass
62906	IL	Anna|Jonesboro
62907	IL	Ava
62908	IL	Belknap
62909	IL	Boles
62910	IL	Brookport
62912	IL	Buncombe
62914	IL	Cairo
62915	IL	Cambria
62916	IL	Campbell Hill
62917	IL	Carrier Mills
62918	IL	Carterville|Crainville|Cambria|Colp|Blairsville
62919	IL	Cave In Rock|Cave-In-Rock
62920	IL	Cobden
62921	IL	Colp
62922	IL	Creal Springs
62923	IL	Cypress
62924	IL	De Soto|Bush|Blairsville
62926	IL	Dongola|Mill Creek
62927	IL	Dowell
62928	IL	Eddyville
62930	IL	Eldorado
62931	IL	Elizabethtown
62932	IL	Elkville|Dowell
62933	IL	Energy|Herrin
62934	IL	Equality
62935	IL	Galatia
62938	IL	Golconda
62939	IL	Goreville
62940	IL	Gorham
62941	IL	Grand Chain|New Grand Chain
62942	IL	Grand Tower
62943	IL	Grantsburg
62946	IL	Harrisburg|Muddy
62947	IL	Herod
62948	IL	Herrin
62949	IL	Hurst
62950	IL	Jacob
62951	IL	Johnston City
62952	IL	Jonesboro
62953	IL	Joppa
62954	IL	Junction
62955	IL	Karbers Ridge
62956	IL	Karnak
62957	IL	Mc Clure|East Cape Girardeau|McClure
62958	IL	Makanda
62959	IL	Marion|Pittsburg|Spillertown|Crab Orchard|Whiteash
62960	IL	Metropolis
62961	IL	Mill Creek|Millcreek
62962	IL	Miller City
62963	IL	Mound City
62964	IL	Mounds
62965	IL	Muddy
62966	IL	Murphysboro|Harrison
62967	IL	New Burnside
62969	IL	Olive Branch
62970	IL	Olmsted
62971	IL	Oraville
62972	IL	Ozark|Goreville
62973	IL	Perks
62974	IL	Pittsburg
62975	IL	Pomona
62976	IL	Pulaski
62977	IL	Raleigh
62979	IL	Ridgway
62982	IL	Rosiclare
62983	IL	Royalton
62984	IL	Shawneetown|Old Shawneetown
62985	IL	Simpson
62987	IL	Stonefort
62988	IL	Tamms|Olive Branch|Unity
62990	IL	Thebes|Olive Branch
62992	IL	Ullin
62993	IL	Unity
62994	IL	Vergennes
62995	IL	Vienna
62996	IL	Villa Ridge
62997	IL	Willisville
62998	IL	Wolf Lake
62999	IL	Zeigler
63005	MO	Chesterfield|Wildwood|Clarkson Valley
63006	MO	Chesterfield
63010	MO	Arnold|Imperial
63011	MO	Ballwin|Wildwood|Ellisville|Manchester
63012	MO	Barnhart|Pevely
63013	MO	Beaufort
63014	MO	Berger
63015	MO	Catawissa|LaBarque Creek
63016	MO	Cedar Hill|Cedar Hill Lakes|LaBarque Creek
63017	MO	Chesterfield|Town and Country|Clarkson Valley
63019	MO	Crystal City
63020	MO	De Soto|Olympian Village|Summer Set|Briarwood Estates
63021	MO	Ballwin|Manchester|Wildwood|Ellisville|Twin Oaks|Winchester
63022	MO	Ballwin
63023	MO	Dittmer
63024	MO	Ballwin
63025	MO	Eureka|Wildwood|Byrnes Mill|LaBarque Creek
63026	MO	Fenton|Murphy
63028	MO	Festus|Crystal City|Herculaneum
63030	MO	Fletcher
63031	MO	Florissant|Hazelwood
63032	MO	Florissant
63033	MO	Florissant|Black Jack
63034	MO	Florissant|Old Jamestown
63036	MO	French Village|Goose Creek Lake
63037	MO	Gerald
63038	MO	Wildwood|Glencoe
63039	MO	Gray Summit
63040	MO	Wildwood|Grover
63041	MO	Grubville
63042	MO	Hazelwood
63043	MO	Maryland Heights|Champ
63044	MO	Bridgeton|Hazelwood
63045	MO	Earth City
63047	MO	Hematite
63048	MO	Herculaneum
63049	MO	High Ridge|Valley Park|Peaceful Village|Parkdale|Murphy
63050	MO	Hillsboro|Raintree Plantation
63051	MO	House Springs|Byrnes Mill|Scotsdale|LaBarque Creek
63052	MO	Imperial|Kimmswick
63053	MO	Kimmswick
63055	MO	Labadie|Gray Summit
63056	MO	Leslie
63057	MO	Liguori
63060	MO	Lonedell
63061	MO	Luebbering
63065	MO	Mapaville
63066	MO	Morse Mill
63068	MO	New Haven
63069	MO	Pacific|Wildwood|Eureka|Lake Tekakwitha|LaBarque Creek|Gray Summit
63070	MO	Pevely|Herculaneum|Horine
63071	MO	Richwoods
63072	MO	Robertsville
63073	MO	Saint Albans
63074	MO	St. Ann|Saint Ann|Bridgeton|Breckenridge Hills
63077	MO	Saint Clair|St. Clair|Parkway|Lake St. Clair
63079	MO	Stanton|Charmwood
63080	MO	Sullivan|Oak Grove Village|Miramiguoa Park|West Sullivan|St. Cloud|Stanton
63084	MO	Union
63087	MO	Valles Mines
63088	MO	Valley Park
63089	MO	Villa Ridge
63090	MO	Washington
63091	MO	Rosebud
63099	MO	Fenton
63101	MO	St. Louis|Saint Louis
63102	MO	St. Louis|Saint Louis
63103	MO	St. Louis|Saint Louis
63104	MO	St. Louis|Saint Louis
63105	MO	Clayton|Saint Louis
63106	MO	St. Louis|Saint Louis
63107	MO	St. Louis|Saint Louis
63108	MO	St. Louis|Saint Louis
63109	MO	St. Louis|Saint Louis
63110	MO	St. Louis|Saint Louis
63111	MO	St. Louis|Saint Louis
63112	MO	St. Louis|Saint Louis
63113	MO	St. Louis|Saint Louis
63114	MO	Saint Louis|Overland|St. John|Vinita Park|Breckenridge Hills|Charlack|Sycamore Hills|Bel-Ridge|Hanley Hills|Woodson Terrace
63115	MO	St. Louis|Saint Louis
63116	MO	St. Louis|Saint Louis
63117	MO	Richmond Heights|Saint Louis|St. Louis
63118	MO	St. Louis|Saint Louis
63119	MO	Webster Groves|Saint Louis|Shrewsbury|Rock Hill|Marlborough
63120	MO	St. Louis|Saint Louis|Pine Lawn
63121	MO	Saint Louis|Normandy|Northwoods|Bel-Ridge|Cool Valley|Pine Lawn|Bel-Nor|Jennings|Bellerive Acres|Hillsdale|Pasadena Hills|Greendale|Velda City|Norwood Court|Velda Village Hills|Pasadena Park|Beverly Hills|Uplands Park|Glen Echo Park
63122	MO	Kirkwood|Saint Louis|Glendale|Des Peres|Oakland|Warson Woods|Valley Park
63123	MO	Saint Louis|Green Park|Grantwood Village|Crestwood|Lakeshire|Marlborough|Wilbur Park|Affton|Concord|St. George
63124	MO	Ladue|Saint Louis|Clayton
63125	MO	Saint Louis|Bella Villa|Lemay|Mehlville
63126	MO	Crestwood|Saint Louis|Sunset Hills|Sappington
63127	MO	Sunset Hills|Saint Louis
63128	MO	Saint Louis|Sunset Hills|Concord|Sappington
63129	MO	Saint Louis|Oakville|Mehlville
63130	MO	University City|Saint Louis|Vinita Park
63131	MO	Saint Louis|Town and Country|Des Peres|Frontenac|Huntleigh|Westwood|Country Life Acres|Crystal Lake Park
63132	MO	Olivette|Saint Louis|University City|Overland|Creve Coeur
63133	MO	Saint Louis|Pagedale|Wellston|Hanley Hills|Normandy|Bel-Nor|Hillsdale
63134	MO	Berkeley|Saint Louis|Woodson Terrace|Edmundson|Kinloch|Bel-Ridge
63135	MO	Ferguson|Saint Louis|Calverton Park|Dellwood|Normandy
63136	MO	Saint Louis|Jennings|Ferguson|Dellwood|Bellefontaine Neighbors|Moline Acres|Country Club Hills|Flordell Hills|Castle Point
63137	MO	Bellefontaine Neighbors|Saint Louis|St. Louis|Riverview|Moline Acres|Glasgow Village
63138	MO	Saint Louis|Spanish Lake
63139	MO	St. Louis|Saint Louis
63140	MO	Kinloch|Saint Louis
63141	MO	Creve Coeur|Saint Louis|Town and Country|Chesterfield
63143	MO	Maplewood|Saint Louis|St. Louis
63144	MO	Brentwood|Saint Louis|Rock Hill
63145	MO	Saint Louis
63146	MO	Maryland Heights|Saint Louis
63147	MO	St. Louis|Saint Louis
63150	MO	Saint Louis
63151	MO	Saint Louis
63155	MO	St. Louis|Saint Louis
63156	MO	Saint Louis
63157	MO	Saint Louis
63158	MO	Saint Louis
63160	MO	Saint Louis
63163	MO	Saint Louis
63164	MO	Saint Louis
63166	MO	Saint Louis
63167	MO	Saint Louis
63169	MO	Saint Louis
63171	MO	Saint Louis
63177	MO	Saint Louis
63178	MO	Saint Louis
63179	MO	Saint Louis
63180	MO	Saint Louis
63182	MO	Saint Louis
63188	MO	Saint Louis
63195	MO	Saint Louis
63197	MO	Saint Louis
63199	MO	Saint Louis
63301	MO	Saint Charles|St. Charles
63302	MO	Saint Charles
63303	MO	Saint Charles|St. Charles
63304	MO	Saint Charles|Weldon Spring|Cottleville|St. Peters|Weldon Spring Heights
63330	MO	Annada
63332	MO	Augusta
63333	MO	Bellflower
63334	MO	Bowling Green|Ashley|St. Clement
63336	MO	Clarksville|Paynesville
63338	MO	Cottleville
63339	MO	Curryville
63341	MO	Defiance
63342	MO	Dutzow
63343	MO	Elsberry
63344	MO	Eolia
63345	MO	Farber
63346	MO	Flinthill
63347	MO	Foley
63348	MO	Foristell|Wentzville|Flint Hill
63349	MO	Hawk Point
63350	MO	High Hill
63351	MO	Jonesburg
63352	MO	Laddonia
63353	MO	Louisiana
63357	MO	Marthasville|Three Creeks
63359	MO	Middletown
63361	MO	Montgomery City|Danville|Buell
63362	MO	Moscow Mills|Fountain N' Lakes
63363	MO	New Florence|Big Spring
63365	MO	New Melle
63366	MO	O Fallon|O'Fallon|St. Paul|Josephville
63367	MO	Lake St. Louis|Lake Saint Louis|O'Fallon
63368	MO	O'Fallon|O Fallon|Dardenne Prairie
63369	MO	Old Monroe|Chain of Rocks
63370	MO	Olney
63373	MO	Portage Des Sioux
63376	MO	Saint Peters|St. Peters|O'Fallon|Cottleville
63377	MO	Silex|Cave
63378	MO	Treloar
63379	MO	Troy|Cave
63380	MO	Truesdale
63381	MO	Truxton
63382	MO	Vandalia
63383	MO	Warrenton|Pendleton|Truesdale
63384	MO	Wellsville
63385	MO	Wentzville|Flint Hill|Josephville|New Melle
63386	MO	West Alton
63387	MO	Whiteside
63388	MO	Williamsburg
63389	MO	Winfield|Old Monroe
63390	MO	Wright City|Innsbrook|Warrenton
63401	MO	Hannibal|Rensselaer|Saverton
63430	MO	Alexandria|Wayland|St. Francisville
63431	MO	Anabel
63432	MO	Arbela|Granger
63433	MO	Ashburn
63434	MO	Bethel
63435	MO	Canton
63436	MO	Center
63437	MO	Clarence
63438	MO	Durham
63439	MO	Emden
63440	MO	Ewing
63441	MO	Frankford
63442	MO	Granger
63443	MO	Hunnewell
63445	MO	Kahoka|Wayland|Medill
63446	MO	Knox City
63447	MO	La Belle
63448	MO	La Grange
63450	MO	Lentner
63451	MO	Leonard
63452	MO	Lewistown
63453	MO	Luray
63454	MO	Maywood
63456	MO	Monroe City
63457	MO	Monticello
63458	MO	Newark
63459	MO	New London|Saverton
63460	MO	Novelty|Plevna
63461	MO	Palmyra
63462	MO	Perry
63463	MO	Philadelphia
63464	MO	Plevna
63465	MO	Revere|St. Francisville
63466	MO	Saint Patrick
63467	MO	Saverton
63468	MO	Shelbina
63469	MO	Shelbyville|Plevna
63471	MO	Taylor
63472	MO	Wayland
63473	MO	Williamstown
63474	MO	Wyaconda
63501	MO	Kirksville|Millard
63530	MO	Atlanta
63531	MO	Baring
63532	MO	Bevier
63533	MO	Brashear
63534	MO	Callao
63535	MO	Coatsville
63536	MO	Downing
63537	MO	Edina
63538	MO	Elmer
63539	MO	Ethel
63540	MO	Gibbs
63541	MO	Glenwood
63543	MO	Gorin|South Gorin
63544	MO	Green Castle|Greencastle
63545	MO	Green City
63546	MO	Greentop
63547	MO	Hurdland
63548	MO	Lancaster
63549	MO	La Plata|South Gifford
63551	MO	Livonia
63552	MO	Macon
63555	MO	Memphis
63556	MO	Milan
63557	MO	New Boston
63558	MO	New Cambria
63559	MO	Novinger|Connelsville
63560	MO	Pollock
63561	MO	Queen City
63563	MO	Rutledge
63565	MO	Unionville
63566	MO	Winigan
63567	MO	Worthington
63601	MO	Park Hills|Desloge|Leadington|Leadwood|Wortham|Frankclay|Doe Run
63620	MO	Annapolis
63621	MO	Arcadia
63622	MO	Belgrade
63623	MO	Belleview
63624	MO	Bismarck|Iron Mountain Lake
63625	MO	Black
63626	MO	Blackwell
63627	MO	Bloomsdale
63628	MO	Bonne Terre|Desloge|Terre du Lac|Lake Timberline
63629	MO	Bunker
63630	MO	Cadet
63631	MO	Caledonia
63632	MO	Cascade
63633	MO	Centerville
63636	MO	Des Arc
63637	MO	Doe Run
63638	MO	Ellington
63640	MO	Farmington|Park Hills|Leadington|Knob Lick
63645	MO	Fredericktown|Junction City|Cobalt|Mine La Motte|Cherokee Pass
63648	MO	Irondale
63650	MO	Ironton|Iron Mountain Lake|Pilot Knob|Arcadia
63651	MO	Knob Lick
63653	MO	Leadwood
63654	MO	Lesterville
63655	MO	Marquand
63656	MO	Middle Brook
63660	MO	Mineral Point|Potosi
63662	MO	Patton
63663	MO	Pilot Knob
63664	MO	Potosi
63665	MO	Redford
63666	MO	Reynolds
63670	MO	Sainte Genevieve|Ste. Genevieve|Grayhawk|Ozora|Weingarten
63673	MO	Saint Mary|St. Mary|Ozora|Brewer
63674	MO	Tiff
63675	MO	Vulcan
63701	MO	Cape Girardeau|Gordonville|Dutchtown
63702	MO	Cape Girardeau
63703	MO	Cape Girardeau|Scott City
63730	MO	Advance
63732	MO	Altenburg|Frohna|New Wells
63735	MO	Bell City
63736	MO	Benton|New Hamburg
63737	MO	Brazeau
63738	MO	Brownwood
63739	MO	Burfordville
63740	MO	Chaffee|Delta|Allenville|New Hamburg
63742	MO	Commerce
63743	MO	Daisy
63744	MO	Delta
63745	MO	Dutchtown
63746	MO	Farrar
63747	MO	Friedheim
63748	MO	Frohna
63750	MO	Gipsy
63751	MO	Glenallen|Glen Allen
63752	MO	Gordonville
63755	MO	Jackson|Pocahontas|Oak Ridge|Shawneetown|Millersville
63758	MO	Kelso
63760	MO	Leopold
63763	MO	Mc Gee
63764	MO	Marble Hill
63766	MO	Millersville
63767	MO	Morley
63769	MO	Oak Ridge
63770	MO	Old Appleton
63771	MO	Oran|Haywood City
63774	MO	Perkins
63775	MO	Perryville|Longtown|Brewer|Shakertowne|Lithium|Biehle
63776	MO	Mc Bride
63779	MO	Pocahontas
63780	MO	Scott City|Kelso
63781	MO	Sedgewickville
63782	MO	Sturdivant
63783	MO	Uniontown
63784	MO	Vanduser
63785	MO	Whitewater
63787	MO	Zalma
63801	MO	Sikeston|Miner|Blodgett
63820	MO	Anniston
63821	MO	Arbyrd|Hollywood
63822	MO	Bernie
63823	MO	Bertrand
63824	MO	Blodgett
63825	MO	Bloomfield
63826	MO	Braggadocio
63827	MO	Bragg City
63828	MO	Canalou
63829	MO	Cardwell
63830	MO	Caruthersville
63833	MO	Catron
63834	MO	Charleston|Wyatt|Diehlstadt
63837	MO	Clarkton
63839	MO	Cooter
63840	MO	Deering
63841	MO	Dexter
63845	MO	East Prairie|Whiting
63846	MO	Essex|Penermon|Grayridge
63847	MO	Gibson
63848	MO	Gideon|Tallapoosa
63849	MO	Gobler
63850	MO	Grayridge
63851	MO	Hayti|Hayti Heights|Pascola
63852	MO	Holcomb|Frisbee|White Oak
63853	MO	Holland
63855	MO	Hornersville|Rives
63857	MO	Kennett
63860	MO	Kewanee
63862	MO	Lilbourn|North Lilbourn
63863	MO	Malden
63866	MO	Marston
63867	MO	Matthews
63868	MO	Morehouse
63869	MO	New Madrid|Howardville
63870	MO	Parma
63873	MO	Portageville|Marston|Hayward
63874	MO	Risco
63875	MO	Rives
63876	MO	Senath
63877	MO	Steele|Denton
63878	MO	Tallapoosa
63879	MO	Wardell|Homestown
63880	MO	Whiteoak|White Oak
63881	MO	Wolf Island
63882	MO	Wyatt|Wilson City
63901	MO	Poplar Bluff
63902	MO	Poplar Bluff
63931	MO	Briar
63932	MO	Broseley
63933	MO	Campbell
63934	MO	Clubb
63935	MO	Doniphan
63936	MO	Dudley
63937	MO	Ellsinore
63938	MO	Fagus
63939	MO	Fairdealing
63940	MO	Fisk
63941	MO	Fremont
63942	MO	Gatewood
63943	MO	Grandin|Hunter
63944	MO	Greenville
63945	MO	Harviell|Fairdealing
63950	MO	Lodi
63951	MO	Lowndes
63952	MO	Mill Spring
63953	MO	Naylor|Fairdealing
63954	MO	Neelyville|Harviell
63955	MO	Oxly
63956	MO	Patterson
63957	MO	Piedmont
63960	MO	Puxico
63961	MO	Qulin
63962	MO	Rombauer
63964	MO	Silva
63965	MO	Van Buren
63966	MO	Wappapello
63967	MO	Williamsville
64001	MO	Alma|Blackburn
64002	MO	Lees Summit
64011	MO	Bates City
64012	MO	Belton|Loch Lloyd|Riverview Estates
64013	MO	Blue Springs
64014	MO	Blue Springs
64015	MO	Blue Springs|Independence|Lake Tapawingo
64016	MO	Buckner|Independence|Sibley
64017	MO	Camden|Fleming
64018	MO	Camden Point
64019	MO	Centerview
64020	MO	Concordia|Emma
64021	MO	Corder
64022	MO	Dover
64024	MO	Excelsior Springs|Wood Heights|Prathersville|Mosby|Kearney|Crystal Lakes|Homestead
64028	MO	Farley
64029	MO	Grain Valley|Blue Springs
64030	MO	Grandview
64034	MO	Greenwood|Lake Lotawana|Lake Winnebago|Pleasant Hill
64035	MO	Hardin
64036	MO	Henrietta
64037	MO	Higginsville|Aullville
64040	MO	Holden
64048	MO	Holt
64050	MO	Independence|Sugar Creek
64051	MO	Independence
64052	MO	Independence
64053	MO	Independence|Kansas City
64054	MO	Sugar Creek|Independence
64055	MO	Independence
64056	MO	Independence
64057	MO	Independence
64058	MO	Independence|Sugar Creek|River Bend
64060	MO	Kearney
64061	MO	Kingsville
64062	MO	Lawson|Excelsior Estates|Elmira|Vibbard
64063	MO	Lee's Summit|Lees Summit
64064	MO	Lee's Summit|Lees Summit|Blue Springs
64065	MO	Unity Village|Lees Summit
64066	MO	Levasy
64067	MO	Lexington
64068	MO	Liberty|Claycomo|Pleasant Valley|Mosby|Missouri City|Glenaire
64069	MO	Liberty
64070	MO	Lone Jack
64071	MO	Mayview
64072	MO	Missouri City
64073	MO	Mosby
64074	MO	Napoleon
64075	MO	Oak Grove|Tarsney Lakes
64076	MO	Odessa|Lake Lafayette
64077	MO	Orrick|Fleming
64078	MO	Peculiar
64079	MO	Platte City|Tracy
64080	MO	Pleasant Hill|Lake Winnebago|Baldwin Park|Strasburg
64081	MO	Lee's Summit|Lees Summit
64082	MO	Lee's Summit|Lees Summit|Lake Winnebago
64083	MO	Raymore
64084	MO	Rayville|Vibbard
64085	MO	Richmond|Henrietta
64086	MO	Lees Summit|Lee's Summit|Lake Lotawana|Lone Jack|Unity Village
64088	MO	Sibley|Levasy
64089	MO	Smithville|Paradise
64090	MO	Strasburg
64092	MO	Waldron
64093	MO	Warrensburg
64096	MO	Waverly
64097	MO	Wellington|Napoleon
64098	MO	Weston|Iatan
64101	MO	Kansas City
64102	MO	Kansas City
64105	MO	Kansas City
64106	MO	Kansas City
64108	MO	Kansas City
64109	MO	Kansas City
64110	MO	Kansas City
64111	MO	Kansas City
64112	MO	Kansas City
64113	MO	Kansas City
64114	MO	Kansas City
64116	MO	Kansas City|North Kansas City
64117	MO	Kansas City|North Kansas City|Avondale|Randolph
64118	MO	Kansas City|Gladstone|Oakwood|Oakview|Oaks|Oakwood Park
64119	MO	Kansas City|Gladstone|Claycomo
64120	MO	Kansas City
64121	MO	Kansas City
64123	MO	Kansas City
64124	MO	Kansas City
64125	MO	Kansas City
64126	MO	Kansas City|Blue Summit
64127	MO	Kansas City
64128	MO	Kansas City
64129	MO	Kansas City
64130	MO	Kansas City
64131	MO	Kansas City
64132	MO	Kansas City
64133	MO	Kansas City|Raytown
64134	MO	Kansas City
64136	MO	Kansas City
64137	MO	Kansas City
64138	MO	Kansas City|Raytown
64139	MO	Kansas City|Unity Village
64141	MO	Kansas City
64144	MO	Kansas City
64145	MO	Kansas City
64146	MO	Kansas City
64147	MO	Kansas City
64148	MO	Kansas City
64149	MO	Kansas City
64150	MO	Riverside|Northmoor
64151	MO	Kansas City|Platte Woods|Lake Waukomis|Northmoor|Houston Lake
64152	MO	Kansas City|Parkville|Weatherby Lake
64153	MO	Kansas City
64154	MO	Kansas City
64155	MO	Kansas City
64156	MO	Kansas City
64157	MO	Kansas City
64158	MO	Kansas City
64161	MO	Kansas City|Birmingham|Randolph
64162	MO	Kansas City
64163	MO	Kansas City|Ferrelview
64164	MO	Kansas City
64165	MO	Kansas City
64166	MO	Kansas City
64167	MO	Kansas City
64168	MO	Kansas City
64170	MO	Kansas City
64171	MO	Kansas City
64179	MO	Kansas City
64180	MO	Kansas City
64184	MO	Kansas City
64187	MO	Kansas City
64188	MO	Kansas City
64190	MO	Kansas City
64191	MO	Kansas City
64195	MO	Kansas City
64196	MO	Kansas City
64197	MO	Kansas City
64198	MO	Kansas City
64199	MO	Kansas City
64401	MO	Agency
64402	MO	Albany
64420	MO	Allendale
64421	MO	Amazonia
64422	MO	Amity
64423	MO	Barnard
64424	MO	Bethany
64426	MO	Blythedale
64427	MO	Bolckow
64428	MO	Burlington Junction
64429	MO	Cameron
64430	MO	Clarksdale
64431	MO	Clearmont
64432	MO	Clyde
64433	MO	Conception
64434	MO	Conception Junction
64436	MO	Cosby
64437	MO	Craig|Big Lake|Corning|Bigelow|Fortescue
64438	MO	Darlington
64439	MO	Dearborn|New Market
64440	MO	De Kalb
64441	MO	Denver
64442	MO	Eagleville
64443	MO	Easton
64444	MO	Edgerton|Ridgely
64445	MO	Elmo
64446	MO	Fairfax
64448	MO	Faucett
64449	MO	Fillmore
64451	MO	Forest City
64453	MO	Gentry
64454	MO	Gower
64455	MO	Graham
64456	MO	Grant City|Irena|Allendale
64457	MO	Guilford
64458	MO	Hatfield
64459	MO	Helena
64461	MO	Hopkins
64463	MO	King City
64465	MO	Lathrop|Lake Arrowhead
64466	MO	Maitland
64467	MO	Martinsville
64468	MO	Maryville|Arkoe
64469	MO	Maysville
64470	MO	Mound City
64471	MO	New Hampton
64473	MO	Oregon
64474	MO	Osborn
64475	MO	Parnell
64476	MO	Pickering
64477	MO	Plattsburg
64479	MO	Ravenwood
64480	MO	Rea
64481	MO	Ridgeway|Mount Moriah
64482	MO	Rock Port|Phelps City
64483	MO	Rosendale
64484	MO	Rushville|Lewis and Clark Village
64485	MO	Savannah
64486	MO	Sheridan
64487	MO	Skidmore|Quitman
64489	MO	Stanberry
64490	MO	Stewartsville
64491	MO	Tarkio
64492	MO	Trimble|Grayson
64493	MO	Turney
64494	MO	Union Star
64496	MO	Watson
64497	MO	Weatherby
64498	MO	Westboro|Blanchard
64499	MO	Worth
64501	MO	St. Joseph|Saint Joseph
64502	MO	Saint Joseph
64503	MO	St. Joseph|Saint Joseph
64504	MO	Saint Joseph|St. Joseph
64505	MO	Saint Joseph|St. Joseph|Country Club
64506	MO	St. Joseph|Saint Joseph|Country Club
64507	MO	Saint Joseph|St. Joseph|Agency
64508	MO	Saint Joseph
64601	MO	Chillicothe|Avalon
64620	MO	Altamont|Lake Viking
64622	MO	Bogard
64623	MO	Bosworth
64624	MO	Braymer
64625	MO	Breckenridge
64628	MO	Brookfield|St. Catharine
64630	MO	Browning
64631	MO	Bucklin
64632	MO	Cainsville
64633	MO	Carrollton
64635	MO	Chula
64636	MO	Coffey
64637	MO	Cowgill
64638	MO	Dawn
64639	MO	De Witt
64640	MO	Gallatin|Lake Viking
64641	MO	Galt|Osgood
64642	MO	Gilman City|Brimson
64643	MO	Hale|Avalon
64644	MO	Hamilton
64645	MO	Harris
64646	MO	Humphreys
64647	MO	Jameson
64648	MO	Jamesport|Lock Springs
64649	MO	Kidder
64650	MO	Kingston
64651	MO	Laclede
64652	MO	Laredo
64653	MO	Linneus
64654	MO	Lock Springs
64655	MO	Lucerne
64656	MO	Ludlow
64657	MO	Mc Fall|McFall
64658	MO	Marceline
64659	MO	Meadville
64660	MO	Mendon
64661	MO	Mercer|South Lineville
64664	MO	Mooresville
64667	MO	Newtown
64668	MO	Norborne
64670	MO	Pattonsburg
64671	MO	Polo
64672	MO	Powersville
64673	MO	Princeton|Ravanna
64674	MO	Purdin
64676	MO	Rothville
64679	MO	Spickard
64680	MO	Stet
64681	MO	Sumner
64682	MO	Tina
64683	MO	Trenton|Tindall|Leisure Lake|Edinburg
64686	MO	Utica
64688	MO	Wheeling
64689	MO	Winston
64701	MO	Harrisonville|East Lynne
64720	MO	Adrian
64722	MO	Amoret
64723	MO	Amsterdam|Merwin
64724	MO	Appleton City
64725	MO	Archie
64726	MO	Blairstown
64728	MO	Bronaugh
64730	MO	Butler|Passaic
64733	MO	Chilhowee
64734	MO	Cleveland|West Line
64735	MO	Clinton|Tightwad
64738	MO	Collins
64739	MO	Creighton
64740	MO	Deepwater|Brownington
64741	MO	Deerfield
64742	MO	Drexel
64743	MO	East Lynne
64744	MO	El Dorado Springs|Roscoe
64745	MO	Foster
64746	MO	Freeman|Lake Annette
64747	MO	Garden City|Gunn City|La Tour
64748	MO	Golden City
64750	MO	Harwood
64752	MO	Hume|Stotesbury
64755	MO	Jasper|Neck City|Purcell
64756	MO	Jerico Springs
64759	MO	Lamar|Lamar Heights|Milford|Irwin|Iantha
64761	MO	Leeton
64762	MO	Liberal
64763	MO	Lowry City
64765	MO	Metz
64766	MO	Milford
64767	MO	Milo
64769	MO	Mindenmines|Burgess
64770	MO	Montrose
64771	MO	Moundville
64772	MO	Nevada
64776	MO	Osceola|Roscoe|Vista|Gerster
64778	MO	Richards
64779	MO	Rich Hill|Foster
64780	MO	Rockville
64781	MO	Roscoe
64783	MO	Schell City
64784	MO	Sheldon
64788	MO	Urich|Hartwell
64790	MO	Walker
64801	MO	Joplin|Duenweg|Airport Drive|Duquesne|Webb City
64802	MO	Joplin
64803	MO	Joplin
64804	MO	Joplin|Loma Linda|Leawood|Saginaw|Duquesne|Shoal Creek Drive|Redings Mill|Shoal Creek Estates|Grand Falls Plaza|Dennis Acres|Cliff Village
64830	MO	Alba
64831	MO	Anderson|Pineville|Lanagan
64832	MO	Asbury|Waco
64833	MO	Avilla
64834	MO	Carl Junction
64835	MO	Carterville|Webb City
64836	MO	Carthage|Carytown|Fidelity|Brooklyn Heights
64840	MO	Diamond
64841	MO	Duenweg
64842	MO	Fairview
64843	MO	Goodman
64844	MO	Granby|Ritchey
64847	MO	Lanagan
64848	MO	La Russell
64849	MO	Neck City
64850	MO	Neosho
64853	MO	Newtonia
64854	MO	Noel|Pineville|Jane|Ginger Blue|Lanagan
64855	MO	Oronogo
64856	MO	Pineville|Jane
64857	MO	Purcell
64858	MO	Racine
64859	MO	Reeds
64861	MO	Rocky Comfort
64862	MO	Sarcoxie
64863	MO	South West City|Southwest City
64864	MO	Saginaw
64865	MO	Seneca
64866	MO	Stark City|Newtonia
64867	MO	Stella
64868	MO	Tiff City
64870	MO	Webb City|Joplin|Oronogo|Carterville|Airport Drive
64873	MO	Wentworth
64874	MO	Wheaton
64999	MO	Kansas City
65001	MO	Argyle
65010	MO	Ashland
65011	MO	Barnett
65013	MO	Belle
65014	MO	Bland
65016	MO	Bonnots Mill
65017	MO	Brumley
65018	MO	California
65020	MO	Camdenton|Friedenswald
65023	MO	Centertown
65024	MO	Chamois
65025	MO	Clarksburg
65026	MO	Eldon|Bagnell|Aurora Springs
65032	MO	Eugene
65034	MO	Fortuna
65035	MO	Freeburg
65036	MO	Gasconade
65037	MO	Gravois Mills|Laurie
65038	MO	Laurie
65039	MO	Hartsburg
65040	MO	Henley
65041	MO	Hermann|McKittrick|Big Spring
65042	MO	High Point
65043	MO	Holts Summit
65046	MO	Jamestown|Lupus
65047	MO	Kaiser
65048	MO	Koeltztown
65049	MO	Lake Ozark|Village of Four Seasons|Bagnell
65050	MO	Latham
65051	MO	Linn
65052	MO	Linn Creek
65053	MO	Lohman
65054	MO	Loose Creek
65055	MO	Mc Girk
65058	MO	Meta
65059	MO	Mokane
65061	MO	Morrison|Gasconade
65062	MO	Mount Sterling
65063	MO	New Bloomfield
65064	MO	Olean
65065	MO	Osage Beach
65066	MO	Owensville
65067	MO	Portland
65068	MO	Prairie Home
65069	MO	Rhineland
65072	MO	Rocky Mount
65074	MO	Russellville
65075	MO	Saint Elizabeth|St. Elizabeth
65076	MO	Saint Thomas|St. Thomas
65077	MO	Steedman
65078	MO	Stover
65079	MO	Sunrise Beach
65080	MO	Tebbetts
65081	MO	Tipton|Fortuna
65082	MO	Tuscumbia
65083	MO	Ulman
65084	MO	Versailles
65085	MO	Westphalia
65101	MO	Jefferson City|Taos|Wardsville
65102	MO	Jefferson City
65103	MO	Jefferson City
65104	MO	Jefferson City
65105	MO	Jefferson City
65106	MO	Jefferson City
65107	MO	Jefferson City
65108	MO	Jefferson City
65109	MO	Jefferson City|St. Martins
65110	MO	Jefferson City
65111	MO	Jefferson City
65201	MO	Columbia|Pierpont
65202	MO	Columbia
65203	MO	Columbia|Huntsdale|McBaine|Pierpont
65205	MO	Columbia
65211	MO	Columbia
65212	MO	Columbia
65215	MO	Columbia
65216	MO	Columbia
65217	MO	Columbia
65218	MO	Columbia
65230	MO	Armstrong
65231	MO	Auxvasse
65232	MO	Benton City
65233	MO	Boonville|Windsor Place
65236	MO	Brunswick
65237	MO	Bunceton
65239	MO	Cairo
65240	MO	Centralia
65243	MO	Clark|Renick
65244	MO	Clifton Hill
65246	MO	Dalton
65247	MO	Excello
65248	MO	Fayette
65250	MO	Franklin
65251	MO	Fulton|Kingdom City
65254	MO	Glasgow
65255	MO	Hallsville
65256	MO	Harrisburg
65257	MO	Higbee
65258	MO	Holliday
65259	MO	Huntsville
65260	MO	Jacksonville
65261	MO	Keytesville
65262	MO	Kingdom City
65263	MO	Madison|Middle Grove
65264	MO	Martinsburg
65265	MO	Mexico|Vandiver
65270	MO	Moberly|Renick
65274	MO	New Franklin|Franklin
65275	MO	Paris
65276	MO	Pilot Grove
65278	MO	Renick
65279	MO	Rocheport
65280	MO	Rush Hill
65281	MO	Salisbury|Prairie Hill
65282	MO	Santa Fe
65283	MO	Stoutsville
65284	MO	Sturgeon
65285	MO	Thompson
65286	MO	Triplett
65287	MO	Wooldridge
65299	MO	Mid Missouri
65301	MO	Sedalia
65302	MO	Sedalia
65305	MO	Whiteman Air Force Base|Whiteman AFB
65320	MO	Arrow Rock
65321	MO	Blackburn
65322	MO	Blackwater
65323	MO	Calhoun
65324	MO	Climax Springs
65325	MO	Cole Camp
65326	MO	Edwards
65327	MO	Emma
65329	MO	Florence
65330	MO	Gilliam
65332	MO	Green Ridge
65333	MO	Houstonia
65334	MO	Hughesville
65335	MO	Ionia
65336	MO	Knob Noster|Whiteman AFB
65337	MO	La Monte
65338	MO	Lincoln
65339	MO	Malta Bend|Grand Pass|Mount Leonard
65340	MO	Marshall
65344	MO	Miami
65345	MO	Mora
65347	MO	Nelson
65348	MO	Otterville
65349	MO	Slater
65350	MO	Smithton
65351	MO	Sweet Springs
65354	MO	Syracuse
65355	MO	Warsaw|Bent Tree Harbor|White Branch
65360	MO	Windsor
65401	MO	Rolla|Doolittle
65402	MO	Rolla
65409	MO	Rolla
65436	MO	Beulah
65438	MO	Birch Tree|Montier|Thomasville
65439	MO	Bixby|Viburnum
65440	MO	Boss
65441	MO	Bourbon|St. Cloud|West Sullivan
65443	MO	Brinktown
65444	MO	Bucyrus
65446	MO	Cherryville
65449	MO	Cook Sta
65452	MO	Crocker
65453	MO	Cuba|Indian Lake
65456	MO	Davisville
65457	MO	Devils Elbow
65459	MO	Dixon
65461	MO	Duke
65462	MO	Edgar Springs
65463	MO	Eldridge
65464	MO	Elk Creek
65466	MO	Eminence
65468	MO	Eunice
65470	MO	Falcon
65473	MO	Fort Leonard Wood
65479	MO	Hartshorn
65483	MO	Houston
65484	MO	Huggins
65486	MO	Iberia
65501	MO	Jadwin
65529	MO	Jerome
65532	MO	Lake Spring
65534	MO	Laquey
65535	MO	Leasburg
65536	MO	Lebanon|Evergreen|Bennett Springs
65541	MO	Lenox
65542	MO	Licking
65543	MO	Lynchburg
65546	MO	Montier
65548	MO	Mountain View
65550	MO	Newburg|Doolittle
65552	MO	Plato
65555	MO	Raymondville
65556	MO	Richland
65557	MO	Roby
65559	MO	Saint James|St. James
65560	MO	Salem
65564	MO	Solo
65565	MO	Steelville
65566	MO	Viburnum
65567	MO	Stoutland
65570	MO	Success
65571	MO	Summersville
65580	MO	Vichy
65582	MO	Vienna
65583	MO	Waynesville
65584	MO	Saint Robert|St. Robert
65586	MO	Wesco
65588	MO	Winona
65589	MO	Yukon
65590	MO	Long Lane
65591	MO	Montreal
65601	MO	Aldrich
65603	MO	Arcola
65604	MO	Ash Grove|Halltown
65605	MO	Aurora
65606	MO	Alton
65607	MO	Caplinger Mills
65608	MO	Ava
65609	MO	Bakersfield
65610	MO	Billings|Clever
65611	MO	Blue Eye
65612	MO	Bois D Arc
65613	MO	Bolivar|Pleasant Hope
65614	MO	Bradleyville
65615	MO	Branson
65616	MO	Branson|Indian Point|Bull Creek
65617	MO	Brighton
65618	MO	Brixey
65619	MO	Brookline|Battlefield|Republic|Springfield
65620	MO	Bruner
65622	MO	Buffalo
65623	MO	Butterfield
65624	MO	Cape Fair
65625	MO	Cassville|Butterfield
65626	MO	Caulfield|Bakersfield
65627	MO	Cedarcreek
65629	MO	Chadwick
65630	MO	Chestnutridge|Saddlebrooke
65631	MO	Clever
65632	MO	Conway|Phillipsburg
65633	MO	Crane|Hurley
65634	MO	Cross Timbers
65635	MO	Dadeville
65636	MO	Diggins
65637	MO	Dora
65638	MO	Drury
65640	MO	Dunnegan
65641	MO	Eagle Rock|Chain-O-Lakes
65644	MO	Elkland
65645	MO	Eudora
65646	MO	Everton
65647	MO	Exeter
65648	MO	Fair Grove
65649	MO	Fair Play
65650	MO	Flemington
65652	MO	Fordland
65653	MO	Forsyth|Saddlebrooke|Kissee Mills
65654	MO	Freistatt
65655	MO	Gainesville
65656	MO	Galena|McCord Bend
65657	MO	Garrison
65658	MO	Golden|Emerald Beach|Arrow Point
65660	MO	Graff
65661	MO	Greenfield
65662	MO	Grovespring|Evergreen
65663	MO	Half Way|Halfway
65664	MO	Halltown
65666	MO	Hardenville
65667	MO	Hartville
65668	MO	Hermitage
65669	MO	Highlandville
65672	MO	Hollister
65673	MO	Hollister
65674	MO	Humansville
65675	MO	Hurley
65676	MO	Isabella
65679	MO	Kirbyville
65680	MO	Kissee Mills
65681	MO	Lampe
65682	MO	Lockwood
65685	MO	Louisburg
65686	MO	Kimberling City
65688	MO	Brandsville
65689	MO	Cabool
65690	MO	Couch
65692	MO	Koshkonong
65702	MO	Macomb
65704	MO	Mansfield
65705	MO	Marionville
65706	MO	Marshfield
65707	MO	Miller
65708	MO	Monett
65710	MO	Morrisville
65711	MO	Mountain Grove
65712	MO	Mount Vernon|Hoberg|Chesapeake
65713	MO	Niangua
65714	MO	Nixa|Fremont Hills
65715	MO	Noble
65717	MO	Norwood
65720	MO	Oldfield
65721	MO	Ozark|Highlandville
65722	MO	Phillipsburg
65723	MO	Pierce City|Monett
65724	MO	Pittsburg
65725	MO	Pleasant Hope
65726	MO	Point Lookout
65727	MO	Polk
65728	MO	Ponce De Leon
65729	MO	Pontiac
65730	MO	Powell
65731	MO	Powersite
65732	MO	Preston
65733	MO	Protem
65734	MO	Purdy|Butterfield
65735	MO	Quincy
65737	MO	Reeds Spring|Branson West|Coney Island
65738	MO	Republic
65739	MO	Ridgedale
65740	MO	Rockaway Beach|Merriam Woods
65741	MO	Rockbridge
65742	MO	Rogersville
65744	MO	Rueter
65745	MO	Seligman
65746	MO	Seymour|Diggins
65747	MO	Shell Knob
65752	MO	South Greenfield
65753	MO	Sparta
65754	MO	Spokane
65755	MO	Squires
65756	MO	Stotts City
65757	MO	Strafford
65759	MO	Taneyville
65760	MO	Tecumseh
65761	MO	Theodosia|Sundown
65762	MO	Thornfield
65764	MO	Tunas
65765	MO	Turners
65766	MO	Udall
65767	MO	Urbana
65768	MO	Vanzant
65769	MO	Verona
65770	MO	Walnut Grove
65771	MO	Walnut Shade|Merriam Woods
65772	MO	Washburn
65773	MO	Wasola
65774	MO	Weaubleau
65775	MO	West Plains|Brandsville|South Fork
65777	MO	Moody
65778	MO	Myrtle
65779	MO	Wheatland
65781	MO	Willard
65783	MO	Windyville
65784	MO	Zanoni
65785	MO	Stockton|Umber View Heights
65786	MO	Macks Creek
65787	MO	Roach
65788	MO	Peace Valley
65789	MO	Pomona
65790	MO	Pottersville
65791	MO	Thayer|Koshkonong
65793	MO	Willow Springs
65801	MO	Springfield
65802	MO	Springfield|Republic
65803	MO	Springfield|Willard
65804	MO	Springfield
65805	MO	Springfield
65806	MO	Springfield
65807	MO	Springfield
65808	MO	Springfield
65809	MO	Springfield
65810	MO	Springfield
65814	MO	Springfield
65817	MO	Springfield
65890	MO	Springfield
65897	MO	Springfield
65898	MO	Springfield
65899	MO	Springfield
66002	KS	Atchison
66006	KS	Baldwin City
66007	KS	Basehor
66008	KS	Bendena
66010	KS	Blue Mound
66012	KS	Bonner Springs
66013	KS	Bucyrus|Overland Park
66014	KS	Centerville
66015	KS	Colony
66016	KS	Cummings
66017	KS	Denton
66018	KS	De Soto
66020	KS	Easton
66021	KS	Edgerton
66023	KS	Effingham
66024	KS	Elwood
66025	KS	Eudora
66026	KS	Fontana
66027	KS	Leavenworth|Fort Leavenworth
66030	KS	Gardner|Edgerton
66031	KS	New Century|Gardner
66032	KS	Garnett|Harris
66033	KS	Greeley
66035	KS	Highland
66036	KS	Hillsdale
66039	KS	Kincaid|Lone Elm
66040	KS	Lacygne|Linn Valley|La Cygne
66041	KS	Lancaster|Huron
66042	KS	Lane
66043	KS	Lansing
66044	KS	Lawrence
66045	KS	Lawrence
66046	KS	Lawrence
66047	KS	Lawrence
66048	KS	Leavenworth|Lansing
66049	KS	Lawrence
66050	KS	Lecompton
66051	KS	Olathe
66052	KS	Linwood
66053	KS	Louisburg
66054	KS	Mc Louth|McLouth
66056	KS	Mound City
66058	KS	Muscotah
66060	KS	Nortonville
66061	KS	Olathe
66062	KS	Olathe|Overland Park
66063	KS	Olathe
66064	KS	Osawatomie
66066	KS	Oskaloosa
66067	KS	Ottawa|Centropolis
66070	KS	Ozawkie
66071	KS	Paola|Osawatomie|Hillsdale|Somerset
66072	KS	Parker
66073	KS	Perry|Williamstown
66075	KS	Pleasanton
66076	KS	Pomona
66078	KS	Princeton
66079	KS	Rantoul
66080	KS	Richmond
66083	KS	Spring Hill
66085	KS	Stilwell|Overland Park
66086	KS	Tonganoxie
66087	KS	Troy|Severance
66088	KS	Valley Falls
66090	KS	Wathena|Elwood
66091	KS	Welda|Mont Ida
66092	KS	Wellsville
66093	KS	Westphalia
66094	KS	White Cloud
66095	KS	Williamsburg
66097	KS	Winchester
66101	KS	Kansas City
66102	KS	Kansas City
66103	KS	Kansas City
66104	KS	Kansas City
66105	KS	Kansas City
66106	KS	Kansas City|Lake Quivira
66109	KS	Kansas City
66110	KS	Kansas City
66111	KS	Kansas City|Edwardsville|Bonner Springs
66112	KS	Kansas City
66113	KS	Edwardsville
66115	KS	Kansas City
66117	KS	Kansas City
66118	KS	Kansas City
66119	KS	Kansas City
66160	KS	Kansas City
66201	KS	Mission
66202	KS	Mission|Overland Park|Merriam
66203	KS	Shawnee|Merriam
66204	KS	Overland Park|Merriam
66205	KS	Mission|Roeland Park|Fairway|Westwood|Mission Hills|Mission Woods|Westwood Hills
66206	KS	Leawood|Overland Park
66207	KS	Overland Park|Prairie Village
66208	KS	Prairie Village|Mission Hills
66209	KS	Leawood|Overland Park
66210	KS	Overland Park
66211	KS	Leawood|Overland Park
66212	KS	Overland Park
66213	KS	Overland Park
66214	KS	Overland Park|Lenexa|Shawnee
66215	KS	Lenexa|Overland Park
66216	KS	Shawnee|Lenexa
66217	KS	Shawnee|Lake Quivira|Lenexa
66218	KS	Shawnee
66219	KS	Lenexa
66220	KS	Lenexa
66221	KS	Overland Park
66222	KS	Mission
66223	KS	Overland Park
66224	KS	Leawood|Overland Park
66225	KS	Overland Park
66226	KS	Shawnee
66227	KS	Lenexa|Shawnee
66250	KS	Lenexa
66251	KS	Overland Park
66276	KS	Shawnee Mission
66282	KS	Overland Park
66283	KS	Overland Park
66285	KS	Lenexa
66286	KS	Shawnee
66401	KS	Alma
66402	KS	Auburn
66403	KS	Axtell
66404	KS	Baileyville
66406	KS	Beattie
66407	KS	Belvue
66408	KS	Bern
66409	KS	Berryton
66411	KS	Blue Rapids
66412	KS	Bremen
66413	KS	Burlingame
66414	KS	Carbondale
66415	KS	Centralia
66416	KS	Circleville
66417	KS	Corning
66418	KS	Delia
66419	KS	Denison
66420	KS	Dover
66422	KS	Emmett
66423	KS	Eskridge
66424	KS	Everest
66425	KS	Fairview
66426	KS	Fostoria
66427	KS	Frankfort
66428	KS	Goff
66429	KS	Grantville
66431	KS	Harveyville
66432	KS	Havensville
66434	KS	Hiawatha|Willis|Reserve|Hamlin
66436	KS	Holton
66438	KS	Home
66439	KS	Horton|Kickapoo Tribal Center|Kickapoo Site 2|Kickapoo Site 5|Kickapoo Site 7|Kickapoo Site 1
66440	KS	Hoyt
66441	KS	Junction City|Grandview Plaza
66442	KS	Fort Riley
66449	KS	Leonardville
66451	KS	Lyndon
66501	KS	McFarland|Mc Farland
66502	KS	Manhattan|Ogden|Zeandale
66503	KS	Manhattan|Keats
66505	KS	Manhattan
66506	KS	Manhattan
66507	KS	Maple Hill
66508	KS	Marysville|Herkimer
66509	KS	Mayetta
66510	KS	Melvern
66512	KS	Meriden
66514	KS	Milford
66515	KS	Morrill
66516	KS	Netawaka
66517	KS	Ogden
66518	KS	Oketo
66520	KS	Olsburg
66521	KS	Onaga|Wheaton
66522	KS	Oneida
66523	KS	Osage City
66524	KS	Overbrook
66526	KS	Paxico|Newbury
66527	KS	Powhattan|Kickapoo Site 6
66528	KS	Quenemo
66531	KS	Riley|Bala
66532	KS	Robinson|Leona
66533	KS	Rossville
66534	KS	Sabetha
66535	KS	Saint George|St. George
66536	KS	Saint Marys|St. Marys
66537	KS	Scranton
66538	KS	Seneca|Oneida|St. Benedict|Kelly
66539	KS	Silver Lake
66540	KS	Soldier
66541	KS	Summerfield
66542	KS	Tecumseh
66543	KS	Vassar
66544	KS	Vermillion
66546	KS	Wakarusa
66547	KS	Wamego|Louisville|Wabaunsee
66548	KS	Waterville
66549	KS	Westmoreland
66550	KS	Wetmore
66552	KS	Whiting
66554	KS	Randolph
66601	KS	Topeka
66603	KS	Topeka
66604	KS	Topeka
66605	KS	Topeka
66606	KS	Topeka
66607	KS	Topeka|Tecumseh
66608	KS	Topeka
66609	KS	Topeka
66610	KS	Topeka
66611	KS	Topeka
66612	KS	Topeka
66614	KS	Topeka
66615	KS	Topeka|Willard
66616	KS	Topeka
66617	KS	Topeka|Grantville
66618	KS	Topeka
66619	KS	Topeka
66620	KS	Topeka
66621	KS	Topeka
66622	KS	Topeka
66624	KS	Topeka
66625	KS	Topeka
66626	KS	Topeka
66629	KS	Topeka
66630	KS	Topeka
66636	KS	Topeka
66647	KS	Topeka
66667	KS	Topeka
66675	KS	Topeka
66683	KS	Topeka
66699	KS	Topeka
66701	KS	Fort Scott|Devon
66710	KS	Altoona
66711	KS	Arcadia
66712	KS	Arma
66713	KS	Baxter Springs|Lowell
66714	KS	Benedict
66716	KS	Bronson
66717	KS	Buffalo
66720	KS	Chanute|Earlton|Urbana
66724	KS	Cherokee
66725	KS	Columbus|Hallowell|Crestline
66728	KS	Crestline
66732	KS	Elsmore
66733	KS	Erie
66734	KS	Farlington
66735	KS	Franklin
66736	KS	Fredonia|Coyville|New Albany|Lafontaine
66738	KS	Fulton
66739	KS	Galena|Crestline
66740	KS	Galesburg
66741	KS	Garland
66742	KS	Gas
66743	KS	Girard|Ringo|Radley
66746	KS	Hepler
66748	KS	Humboldt
66749	KS	Iola|Gas|Bassett
66751	KS	La Harpe
66753	KS	Mc Cune|McCune|West Mineral
66754	KS	Mapleton
66755	KS	Moran|Mildred
66756	KS	Mulberry|Croweburg
66757	KS	Neodesha
66758	KS	Neosho Falls
66759	KS	New Albany
66760	KS	Opolis
66761	KS	Piqua
66762	KS	Pittsburg|Frontenac|Chicopee|Yale|Radley
66763	KS	Frontenac
66767	KS	Prescott
66769	KS	Redfield
66770	KS	Riverton
66771	KS	Saint Paul|St. Paul
66772	KS	Savonburg
66773	KS	Scammon|Roseland
66775	KS	Stark
66776	KS	Thayer
66777	KS	Toronto
66778	KS	Treece
66779	KS	Uniontown
66780	KS	Walnut
66781	KS	Weir
66782	KS	West Mineral
66783	KS	Yates Center
66801	KS	Emporia
66830	KS	Admire
66833	KS	Allen|Bushong
66834	KS	Alta Vista
66835	KS	Americus
66838	KS	Burdick
66839	KS	Burlington|New Strawn
66840	KS	Burns
66842	KS	Cassoday
66843	KS	Cedar Point
66845	KS	Cottonwood Falls
66846	KS	Council Grove|Dunlap|Parkerville
66849	KS	Dwight
66850	KS	Elmdale
66851	KS	Florence
66852	KS	Gridley
66853	KS	Hamilton
66854	KS	Hartford
66855	KS	Lamont
66856	KS	Lebo|Olivet
66857	KS	Le Roy|LeRoy
66858	KS	Lincolnville
66859	KS	Lost Springs
66860	KS	Madison
66861	KS	Marion|Pilsen|Eastshore
66862	KS	Matfield Green
66863	KS	Neal
66864	KS	Neosho Rapids
66865	KS	Olpe
66866	KS	Peabody
66868	KS	Reading
66869	KS	Strong City
66870	KS	Virgil
66871	KS	Waverly
66872	KS	White City|Parkerville
66873	KS	Wilsey
66901	KS	Concordia|Ames
66930	KS	Agenda
66932	KS	Athol
66933	KS	Barnes
66935	KS	Belleville
66936	KS	Burr Oak
66937	KS	Clifton|Vining
66938	KS	Clyde
66939	KS	Courtland
66940	KS	Cuba
66941	KS	Esbon
66942	KS	Formoso
66943	KS	Greenleaf
66944	KS	Haddam
66945	KS	Hanover
66946	KS	Hollenberg
66948	KS	Jamestown
66949	KS	Jewell|Ionia
66951	KS	Kensington
66952	KS	Lebanon
66953	KS	Linn
66955	KS	Mahaska
66956	KS	Mankato
66958	KS	Morrowville
66959	KS	Munden
66960	KS	Narka
66961	KS	Norway
66962	KS	Palmer
66963	KS	Randall
66964	KS	Republic
66966	KS	Scandia|Norway
66967	KS	Smith Center
66968	KS	Washington
66970	KS	Webber
67001	KS	Andale
67002	KS	Andover|Augusta
67003	KS	Anthony
67004	KS	Argonia
67005	KS	Arkansas City|Parkerfield|Silverdale
67008	KS	Atlanta
67009	KS	Attica
67010	KS	Augusta
67012	KS	Beaumont
67013	KS	Belle Plaine
67016	KS	Bentley
67017	KS	Benton
67018	KS	Bluff City
67019	KS	Burden|Winfield
67020	KS	Burrton
67021	KS	Byers
67022	KS	Caldwell
67023	KS	Cambridge
67024	KS	Cedar Vale
67025	KS	Cheney
67026	KS	Clearwater
67028	KS	Coats
67029	KS	Coldwater
67030	KS	Colwich|St. Marks
67031	KS	Conway Springs
67035	KS	Cunningham|Penalosa
67036	KS	Danville
67037	KS	Derby
67038	KS	Dexter
67039	KS	Douglass
67041	KS	Elbing
67042	KS	El Dorado
67045	KS	Eureka
67047	KS	Fall River
67049	KS	Freeport
67050	KS	Garden Plain
67051	KS	Geuda Springs
67052	KS	Goddard
67053	KS	Goessel
67054	KS	Greensburg
67055	KS	Greenwich
67056	KS	Halstead
67057	KS	Hardtner
67058	KS	Harper
67059	KS	Haviland
67060	KS	Haysville
67061	KS	Hazelton
67062	KS	Hesston
67063	KS	Hillsboro
67065	KS	Isabel
67066	KS	Iuka
67067	KS	Kechi|Bel Aire
67068	KS	Kingman
67070	KS	Kiowa
67071	KS	Lake City
67072	KS	Latham
67073	KS	Lehigh
67074	KS	Leon
67101	KS	Maize
67102	KS	Maple City
67103	KS	Mayfield|Wellington
67104	KS	Medicine Lodge
67105	KS	Milan
67106	KS	Milton
67107	KS	Moundridge
67108	KS	Mount Hope
67109	KS	Mullinville
67110	KS	Mulvane
67111	KS	Murdock
67112	KS	Nashville
67114	KS	Newton|Elbing
67117	KS	North Newton|Newton
67118	KS	Norwich
67119	KS	Oxford
67120	KS	Peck|Mulvane
67122	KS	Piedmont
67123	KS	Potwin
67124	KS	Pratt|Iuka|Cullison
67127	KS	Protection
67131	KS	Rock
67132	KS	Rosalia
67133	KS	Rose Hill
67134	KS	Sawyer
67135	KS	Sedgwick
67137	KS	Severy|Climax
67138	KS	Sharon
67140	KS	South Haven|Hunnewell
67142	KS	Spivey
67143	KS	Sun City
67144	KS	Towanda
67146	KS	Udall
67147	KS	Valley Center|Park City|Kechi|Furley
67149	KS	Viola
67150	KS	Waldron
67151	KS	Walton
67152	KS	Wellington
67154	KS	Whitewater
67155	KS	Wilmore
67156	KS	Winfield|New Salem
67159	KS	Zenda
67201	KS	Wichita
67202	KS	Wichita
67203	KS	Wichita
67204	KS	Wichita|Park City|Valley Center
67205	KS	Wichita|Maize
67206	KS	Wichita|Eastborough
67207	KS	Wichita|Eastborough
67208	KS	Wichita|Eastborough
67209	KS	Wichita
67210	KS	Wichita|McConnell AFB
67211	KS	Wichita
67212	KS	Wichita
67213	KS	Wichita
67214	KS	Wichita
67215	KS	Wichita
67216	KS	Wichita|Oaklawn-Sunview
67217	KS	Wichita|Haysville
67218	KS	Wichita
67219	KS	Wichita|Park City
67220	KS	Wichita|Bel Aire
67221	KS	Mcconnell Afb|Wichita
67223	KS	Wichita|Maize
67226	KS	Wichita|Bel Aire
67227	KS	Wichita
67228	KS	Wichita
67230	KS	Wichita
67232	KS	Wichita
67235	KS	Wichita
67260	KS	Wichita
67275	KS	Wichita
67276	KS	Wichita
67277	KS	Wichita
67278	KS	Wichita
67301	KS	Independence|Sycamore|Wayside
67330	KS	Altamont
67332	KS	Bartlett
67333	KS	Caney
67334	KS	Chautauqua
67335	KS	Cherryvale|Parsons
67336	KS	Chetopa
67337	KS	Coffeyville|Dearing
67340	KS	Dearing
67341	KS	Dennis
67342	KS	Edna
67344	KS	Elk City
67345	KS	Elk Falls
67346	KS	Grenola
67347	KS	Havana
67349	KS	Howard
67351	KS	Liberty
67352	KS	Longton
67353	KS	Moline
67354	KS	Mound Valley
67355	KS	Niotaze
67356	KS	Oswego|Labette
67357	KS	Parsons|South Mound
67360	KS	Peru
67361	KS	Sedan|Elgin
67363	KS	Sycamore
67364	KS	Tyro
67401	KS	Salina|Kipp|Bavaria|Mentor
67402	KS	Salina
67410	KS	Abilene|Manchester|Detroit
67416	KS	Assaria|Mentor|Bridgeport
67417	KS	Aurora
67418	KS	Barnard
67420	KS	Beloit|Scottsville|Asherville
67422	KS	Bennington
67423	KS	Beverly
67425	KS	Brookville
67427	KS	Bushton
67428	KS	Canton
67430	KS	Cawker City
67431	KS	Chapman
67432	KS	Clay Center|Oak Hill|Idana
67436	KS	Delphos
67437	KS	Downs
67438	KS	Durham
67439	KS	Ellsworth
67441	KS	Enterprise
67442	KS	Falun
67443	KS	Galva
67444	KS	Geneseo|Frederick
67445	KS	Glasco
67446	KS	Glen Elder
67447	KS	Green
67448	KS	Gypsum|Carlton|Roxbury
67449	KS	Herington|Latimer
67450	KS	Holyrood
67451	KS	Hope|Navarre
67452	KS	Hunter
67454	KS	Kanopolis
67455	KS	Lincoln|Lincoln Center
67456	KS	Lindsborg|Smolan
67457	KS	Little River
67458	KS	Longford
67459	KS	Lorraine
67460	KS	Mcpherson|Elyria
67464	KS	Marquette
67466	KS	Miltonvale
67467	KS	Minneapolis|Ada|Wells
67468	KS	Morganville
67470	KS	New Cambria
67473	KS	Osborne
67474	KS	Portis
67475	KS	Ramona
67476	KS	Roxbury
67478	KS	Simpson
67480	KS	Solomon|Niles
67481	KS	Sylvan Grove
67482	KS	Talmage
67483	KS	Tampa
67484	KS	Tescott|Culver
67485	KS	Tipton
67487	KS	Wakefield
67490	KS	Wilson
67491	KS	Windom
67492	KS	Woodbine
67501	KS	Hutchinson|South Hutchinson|Yoder
67502	KS	Hutchinson|The Highlands|Willowbrook
67504	KS	Hutchinson
67505	KS	South Hutchinson
67510	KS	Abbyville
67511	KS	Albert
67512	KS	Alden
67513	KS	Alexander
67514	KS	Arlington
67515	KS	Arnold
67516	KS	Bazine
67518	KS	Beeler
67519	KS	Belpre
67520	KS	Bison
67521	KS	Brownell
67522	KS	Buhler
67523	KS	Burdett
67524	KS	Chase
67525	KS	Claflin|Beaver|Odin
67526	KS	Ellinwood
67529	KS	Garfield
67530	KS	Great Bend
67543	KS	Haven|Yoder
67544	KS	Hoisington|Susank|Beaver
67545	KS	Hudson
67546	KS	Inman
67547	KS	Kinsley
67548	KS	La Crosse
67550	KS	Larned|Radium
67552	KS	Lewis
67553	KS	Liebenthal
67554	KS	Lyons
67556	KS	Mc Cracken|McCracken
67557	KS	Macksville
67559	KS	Nekoma
67560	KS	Ness City
67561	KS	Nickerson
67563	KS	Offerle
67564	KS	Olmitz|Galatia
67565	KS	Otis|Galatia
67566	KS	Partridge
67567	KS	Pawnee Rock
67568	KS	Plevna
67570	KS	Pretty Prairie
67572	KS	Ransom
67573	KS	Raymond
67574	KS	Rozel
67575	KS	Rush Center|Timken
67576	KS	St John|St. John|Seward
67578	KS	Stafford
67579	KS	Sterling
67581	KS	Sylvia
67583	KS	Turon|Preston|Langdon
67584	KS	Utica
67585	KS	Yoder
67601	KS	Hays|Munjor|Catharine
67621	KS	Agra
67622	KS	Almena
67623	KS	Alton
67625	KS	Bogue|Nicodemus
67626	KS	Bunker Hill
67627	KS	Catharine
67628	KS	Cedar
67629	KS	Clayton
67631	KS	Collyer
67632	KS	Damar
67634	KS	Dorrance
67635	KS	Dresden
67637	KS	Ellis
67638	KS	Gaylord
67639	KS	Glade
67640	KS	Gorham
67642	KS	Hill City
67643	KS	Jennings
67644	KS	Kirwin
67645	KS	Lenora|Edmond
67646	KS	Logan
67647	KS	Long Island
67648	KS	Lucas
67649	KS	Luray
67650	KS	Morland
67651	KS	Natoma|Codell
67653	KS	Norcatur
67654	KS	Norton
67656	KS	Ogallah
67657	KS	Palco
67658	KS	Paradise
67659	KS	Penokee
67660	KS	Pfeifer
67661	KS	Phillipsburg|Speed|Woodruff|Stuttgart
67663	KS	Plainville|Zurich|Codell
67664	KS	Prairie View|Stuttgart
67665	KS	Russell
67667	KS	Schoenchen
67669	KS	Stockton
67671	KS	Victoria
67672	KS	Wakeeney
67673	KS	Waldo
67674	KS	Walker
67675	KS	Woodston
67701	KS	Colby|Levant
67730	KS	Atwood
67731	KS	Bird City
67732	KS	Brewster
67733	KS	Edson
67734	KS	Gem
67735	KS	Goodland
67736	KS	Gove|Gove City
67737	KS	Grainfield
67738	KS	Grinnell
67739	KS	Herndon
67740	KS	Hoxie
67741	KS	Kanorado
67743	KS	Levant
67744	KS	Ludell
67745	KS	Mc Donald|McDonald
67747	KS	Monument
67748	KS	Oakley
67749	KS	Oberlin
67751	KS	Park
67752	KS	Quinter
67753	KS	Rexford|Menlo
67756	KS	Saint Francis|St. Francis
67757	KS	Selden
67758	KS	Sharon Springs
67761	KS	Wallace
67762	KS	Weskan
67764	KS	Winona|Russell Springs
67801	KS	Dodge City|Wilroads Gardens|Fort Dodge
67831	KS	Ashland
67834	KS	Bucklin
67835	KS	Cimarron
67836	KS	Coolidge
67837	KS	Copeland
67838	KS	Deerfield
67839	KS	Dighton
67840	KS	Englewood
67841	KS	Ensign
67842	KS	Ford
67843	KS	Fort Dodge
67844	KS	Fowler
67846	KS	Garden City|Pierceville
67849	KS	Hanston
67850	KS	Healy
67851	KS	Holcomb
67853	KS	Ingalls
67854	KS	Jetmore
67855	KS	Johnson|Johnson City|Big Bow
67857	KS	Kendall
67859	KS	Kismet
67860	KS	Lakin
67861	KS	Leoti
67862	KS	Manter
67863	KS	Marienthal
67864	KS	Meade
67865	KS	Minneola
67867	KS	Montezuma
67868	KS	Pierceville
67869	KS	Plains
67870	KS	Satanta
67871	KS	Scott City|Shallow Water
67876	KS	Spearville
67877	KS	Sublette
67878	KS	Syracuse
67879	KS	Tribune|Horace
67880	KS	Ulysses
67882	KS	Wright
67901	KS	Liberal
67905	KS	Liberal
67950	KS	Elkhart
67951	KS	Hugoton
67952	KS	Moscow
67953	KS	Richfield
67954	KS	Rolla
68001	NE	Abie
68002	NE	Arlington
68003	NE	Ashland|Wann
68004	NE	Bancroft
68005	NE	Bellevue
68007	NE	Bennington
68008	NE	Blair
68009	NE	Blair
68010	NE	Boys Town|Omaha
68014	NE	Bruno
68015	NE	Cedar Bluffs
68016	NE	Cedar Creek
68017	NE	Ceresco
68018	NE	Colon
68019	NE	Craig
68020	NE	Decatur
68022	NE	Elkhorn|Omaha
68023	NE	Fort Calhoun
68025	NE	Fremont|Inglewood
68026	NE	Fremont
68028	NE	Gretna|Melia|Linoma Beach|Beacon View
68029	NE	Herman
68030	NE	Homer
68031	NE	Hooper
68033	NE	Ithaca
68034	NE	Kennard
68036	NE	Linwood
68037	NE	Louisville
68038	NE	Lyons
68039	NE	Macy
68040	NE	Malmo
68041	NE	Mead
68042	NE	Memphis
68044	NE	Nickerson|Fontanelle
68045	NE	Oakland
68046	NE	Papillion|Richfield
68047	NE	Pender
68048	NE	Plattsmouth
68050	NE	Prague
68055	NE	Rosalie
68056	NE	St Columbans
68057	NE	Scribner
68058	NE	South Bend
68059	NE	Springfield|Papillion|Richfield
68061	NE	Tekamah
68062	NE	Thurston
68063	NE	Uehling
68064	NE	Valley|Leshara|King Lake
68065	NE	Valparaiso
68066	NE	Wahoo
68067	NE	Walthill
68068	NE	Washington
68069	NE	Waterloo|Venice
68070	NE	Weston
68071	NE	Winnebago
68072	NE	Winslow
68073	NE	Yutan
68101	NE	Omaha
68102	NE	Omaha
68103	NE	Omaha
68104	NE	Omaha
68105	NE	Omaha
68106	NE	Omaha
68107	NE	Omaha
68108	NE	Omaha
68109	NE	Omaha
68110	NE	Omaha
68111	NE	Omaha
68112	NE	Omaha
68113	NE	Offutt Afb
68114	NE	Omaha
68116	NE	Omaha
68117	NE	Omaha
68118	NE	Omaha
68119	NE	Omaha
68120	NE	Omaha
68122	NE	Omaha
68123	NE	Bellevue|Offutt AFB|La Platte
68124	NE	Omaha
68127	NE	Omaha|Ralston
68128	NE	La Vista|Papillion
68130	NE	Omaha
68131	NE	Omaha
68132	NE	Omaha
68133	NE	Papillion
68134	NE	Omaha
68135	NE	Omaha
68136	NE	Omaha
68137	NE	Omaha
68138	NE	Omaha|Papillion|Chalco
68139	NE	Omaha
68142	NE	Omaha
68144	NE	Omaha
68145	NE	Omaha
68147	NE	Bellevue
68152	NE	Omaha
68154	NE	Omaha
68155	NE	Omaha
68157	NE	Bellevue|Omaha
68164	NE	Omaha
68172	NE	Omaha
68175	NE	Omaha
68176	NE	Omaha
68178	NE	Omaha
68179	NE	Omaha
68180	NE	Omaha
68182	NE	Omaha
68183	NE	Omaha
68197	NE	Omaha
68198	NE	Omaha
68301	NE	Adams
68303	NE	Alexandria
68304	NE	Alvo
68305	NE	Auburn
68307	NE	Avoca
68309	NE	Barneston
68310	NE	Beatrice|Holmesville
68313	NE	Beaver Crossing
68314	NE	Bee
68315	NE	Belvidere
68316	NE	Benedict
68317	NE	Bennet
68318	NE	Blue Springs
68319	NE	Bradshaw
68320	NE	Brock
68321	NE	Brownville
68322	NE	Bruning
68323	NE	Burchard
68324	NE	Burr
68325	NE	Byron
68326	NE	Carleton
68327	NE	Chester
68328	NE	Clatonia
68329	NE	Cook
68330	NE	Cordova
68331	NE	Cortland
68332	NE	Crab Orchard
68333	NE	Crete|Kramer
68335	NE	Davenport
68336	NE	Davey
68337	NE	Dawson
68338	NE	Daykin
68339	NE	Denton
68340	NE	Deshler
68341	NE	De Witt
68342	NE	Diller
68343	NE	Dorchester
68344	NE	Douglas
68345	NE	Du Bois
68346	NE	Dunbar
68347	NE	Eagle|Woodland Hills
68348	NE	Elk Creek
68349	NE	Elmwood
68350	NE	Endicott
68351	NE	Exeter
68352	NE	Fairbury
68354	NE	Fairmont
68355	NE	Falls City|Barada|Preston
68357	NE	Filley
68358	NE	Firth
68359	NE	Friend|Cordova
68360	NE	Garland
68361	NE	Geneva
68362	NE	Gilead
68364	NE	Goehner
68365	NE	Grafton
68366	NE	Greenwood
68367	NE	Gresham
68368	NE	Hallam
68370	NE	Hebron
68371	NE	Henderson|Lushton
68372	NE	Hickman
68375	NE	Hubbell
68376	NE	Humboldt
68377	NE	Jansen|Harbine
68378	NE	Johnson
68379	NE	Julian
68380	NE	Lewiston
68381	NE	Liberty
68382	NE	Lorton
68401	NE	Mc Cool Junction|McCool Junction
68402	NE	Malcolm
68403	NE	Manley
68404	NE	Martell|Princeton
68405	NE	Milford
68406	NE	Milligan
68407	NE	Murdock
68409	NE	Murray
68410	NE	Nebraska City
68413	NE	Nehawka
68414	NE	Nemaha
68415	NE	Odell
68416	NE	Ohiowa
68417	NE	Otoe
68418	NE	Palmyra
68419	NE	Panama
68420	NE	Pawnee City
68421	NE	Peru
68422	NE	Pickrell
68423	NE	Pleasant Dale
68424	NE	Plymouth
68428	NE	Raymond|Agnew
68429	NE	Reynolds
68430	NE	Roca
68431	NE	Rulo
68433	NE	Salem
68434	NE	Seward|Tamora
68436	NE	Shickley
68437	NE	Shubert
68438	NE	Sprague
68439	NE	Staplehurst
68440	NE	Steele City
68441	NE	Steinauer
68442	NE	Stella
68443	NE	Sterling
68444	NE	Strang
68445	NE	Swanton
68446	NE	Syracuse
68447	NE	Table Rock
68448	NE	Talmage
68450	NE	Tecumseh
68452	NE	Ong
68453	NE	Tobias
68454	NE	Unadilla
68455	NE	Union
68456	NE	Utica|Tamora
68457	NE	Verdon
68458	NE	Virginia
68460	NE	Waco|Thayer
68461	NE	Walton
68462	NE	Waverly
68463	NE	Weeping Water|Manley
68464	NE	Western
68465	NE	Wilber
68466	NE	Wymore|Blue Springs|Barneston
68467	NE	York
68501	NE	Lincoln
68502	NE	Lincoln|Yankee Hill
68503	NE	Lincoln
68504	NE	Lincoln
68505	NE	Lincoln
68506	NE	Lincoln
68507	NE	Lincoln
68508	NE	Lincoln
68509	NE	Lincoln
68510	NE	Lincoln
68512	NE	Lincoln
68514	NE	Lincoln
68516	NE	Lincoln
68517	NE	Lincoln
68520	NE	Lincoln|Walton
68521	NE	Lincoln
68522	NE	Lincoln|Yankee Hill
68523	NE	Lincoln|Yankee Hill
68524	NE	Lincoln
68526	NE	Lincoln|Cheney
68527	NE	Lincoln|Prairie Home
68528	NE	Lincoln|Emerald
68529	NE	Lincoln
68531	NE	Lincoln
68532	NE	Lincoln
68542	NE	Lincoln
68544	NE	Lincoln
68583	NE	Lincoln
68588	NE	Lincoln
68601	NE	Columbus|Richland|Lakeview
68602	NE	Columbus
68620	NE	Albion|Loretto
68621	NE	Ames
68622	NE	Bartlett
68623	NE	Belgrade
68624	NE	Bellwood
68626	NE	Brainard
68627	NE	Cedar Rapids
68628	NE	Clarks
68629	NE	Clarkson
68631	NE	Creston
68632	NE	David City|Octavia|Garrison
68633	NE	Dodge
68634	NE	Duncan
68635	NE	Dwight
68636	NE	Elgin
68637	NE	Ericson
68638	NE	Fullerton
68640	NE	Genoa
68641	NE	Howells
68642	NE	Humphrey|Cornlea|Tarnov
68643	NE	Leigh
68644	NE	Lindsay
68647	NE	Monroe
68648	NE	Morse Bluff
68649	NE	North Bend
68651	NE	Osceola
68652	NE	Petersburg|Raeville
68653	NE	Platte Center
68654	NE	Polk
68655	NE	Primrose
68658	NE	Rising City
68659	NE	Rogers
68660	NE	Saint Edward|St. Edward
68661	NE	Schuyler
68662	NE	Shelby
68663	NE	Silver Creek
68664	NE	Snyder
68665	NE	Spalding
68666	NE	Stromsburg
68667	NE	Surprise
68669	NE	Ulysses
68701	NE	Norfolk|Hadar|Woodland Park
68702	NE	Norfolk
68710	NE	Allen
68711	NE	Amelia
68713	NE	Atkinson
68714	NE	Bassett
68715	NE	Battle Creek
68716	NE	Beemer
68717	NE	Belden
68718	NE	Bloomfield|Lindy
68719	NE	Bristow|Gross
68720	NE	Brunswick
68722	NE	Butte|Anoka
68723	NE	Carroll
68724	NE	Center
68725	NE	Chambers
68726	NE	Clearwater
68727	NE	Coleridge
68728	NE	Concord
68729	NE	Creighton|Bazile Mills
68730	NE	Crofton|Aten
68731	NE	Dakota City
68732	NE	Dixon
68733	NE	Emerson
68734	NE	Emmet
68735	NE	Ewing
68736	NE	Fordyce
68738	NE	Hadar
68739	NE	Hartington|Bow Valley
68740	NE	Hoskins
68741	NE	Hubbard
68742	NE	Inman
68743	NE	Jackson
68745	NE	Laurel|Belden
68746	NE	Lynch|Monowi
68747	NE	Mclean
68748	NE	Madison
68749	NE	Magnet
68751	NE	Maskell
68752	NE	Meadow Grove
68753	NE	Mills
68755	NE	Naper
68756	NE	Neligh
68757	NE	Newcastle|Obert|Maskell
68758	NE	Newman Grove
68759	NE	Newport
68760	NE	Niobrara|Santee|Verdel
68761	NE	Oakdale
68763	NE	Oneill|O'Neill
68764	NE	Orchard
68765	NE	Osmond|Foster
68766	NE	Page
68767	NE	Pierce
68768	NE	Pilger
68769	NE	Plainview
68770	NE	Ponca|Martinsburg
68771	NE	Randolph|Sholes
68773	NE	Royal
68774	NE	Saint Helena|St. Helena
68776	NE	South Sioux City|Dakota City
68777	NE	Spencer
68778	NE	Springview|Burton
68779	NE	Stanton
68780	NE	Stuart
68781	NE	Tilden
68783	NE	Verdigre
68784	NE	Wakefield
68785	NE	Waterbury
68786	NE	Wausa
68787	NE	Wayne
68788	NE	West Point
68789	NE	Winnetoon
68790	NE	Winside
68791	NE	Wisner
68792	NE	Wynot
68801	NE	Grand Island
68802	NE	Grand Island
68803	NE	Grand Island
68810	NE	Alda
68812	NE	Amherst
68813	NE	Anselmo
68814	NE	Ansley|Berwyn|Westerville
68815	NE	Arcadia
68816	NE	Archer
68817	NE	Ashton
68818	NE	Aurora|Stockham
68820	NE	Boelus|Howard City (Boelus)
68821	NE	Brewster
68822	NE	Broken Bow
68823	NE	Burwell|Elyria
68824	NE	Cairo
68825	NE	Callaway
68826	NE	Central City
68827	NE	Chapman
68828	NE	Comstock
68831	NE	Dannebrog
68832	NE	Doniphan
68833	NE	Dunning
68834	NE	Eddyville
68835	NE	Elba|Cotesfield
68836	NE	Elm Creek
68837	NE	Elyria
68838	NE	Farwell
68840	NE	Gibbon
68841	NE	Giltner
68842	NE	Greeley|Greeley Center
68843	NE	Hampton
68844	NE	Hazard
68845	NE	Kearney|Odessa|Glenwood
68846	NE	Hordville
68847	NE	Kearney|Glenwood
68848	NE	Kearney
68849	NE	Kearney
68850	NE	Lexington
68852	NE	Litchfield|Hazard
68853	NE	Loup City
68854	NE	Marquette|Overland
68855	NE	Mason City
68856	NE	Merna
68858	NE	Miller
68859	NE	North Loup|Ord
68860	NE	Oconto
68861	NE	Odessa
68862	NE	Ord
68863	NE	Overton
68864	NE	Palmer
68865	NE	Phillips
68866	NE	Pleasanton
68869	NE	Ravenna|Poole
68870	NE	Riverdale
68871	NE	Rockville
68872	NE	Saint Libory|St. Libory
68873	NE	Saint Paul|St. Paul|Cushing
68874	NE	Sargent
68875	NE	Scotia
68876	NE	Shelton
68878	NE	Sumner
68879	NE	Taylor
68881	NE	Westerville
68882	NE	Wolbach
68883	NE	Wood River|Prosser|Shelton
68901	NE	Hastings
68902	NE	Hastings
68920	NE	Alma
68922	NE	Arapahoe
68923	NE	Atlanta
68924	NE	Axtell|Minden
68925	NE	Ayr
68926	NE	Beaver City|Hendley
68927	NE	Bertrand
68928	NE	Bladen
68929	NE	Bloomington
68930	NE	Blue Hill|Cowles
68932	NE	Campbell
68933	NE	Clay Center
68934	NE	Deweese
68935	NE	Edgar
68936	NE	Edison
68937	NE	Elwood
68938	NE	Fairfield
68939	NE	Franklin
68940	NE	Funk
68941	NE	Glenvil
68942	NE	Guide Rock
68943	NE	Hardy
68944	NE	Harvard
68945	NE	Heartwell
68946	NE	Hendley
68947	NE	Hildreth
68948	NE	Holbrook
68949	NE	Holdrege|Ragan
68950	NE	Holstein
68952	NE	Inavale
68954	NE	Inland
68955	NE	Juniata
68956	NE	Kenesaw
68957	NE	Lawrence
68958	NE	Loomis
68959	NE	Minden|Norman
68960	NE	Naponee
68961	NE	Nelson|Nora
68964	NE	Oak
68966	NE	Orleans
68967	NE	Oxford
68969	NE	Ragan
68970	NE	Red Cloud
68971	NE	Republican City|Huntley
68972	NE	Riverton
68973	NE	Roseland
68974	NE	Ruskin
68975	NE	Saronville
68976	NE	Smithfield
68977	NE	Stamford
68978	NE	Superior
68979	NE	Sutton
68980	NE	Trumbull
68981	NE	Upland
68982	NE	Wilcox
69001	NE	Mc Cook|McCook
69020	NE	Bartley
69021	NE	Benkelman|Max
69022	NE	Cambridge
69023	NE	Champion|Lamar
69024	NE	Culbertson
69025	NE	Curtis
69026	NE	Danbury
69027	NE	Enders
69028	NE	Eustis
69029	NE	Farnam
69030	NE	Haigler
69032	NE	Hayes Center
69033	NE	Imperial
69034	NE	Indianola
69036	NE	Lebanon
69037	NE	Max
69038	NE	Maywood
69039	NE	Moorefield|Stockville
69040	NE	Palisade|Hamlet
69041	NE	Parks
69042	NE	Stockville
69043	NE	Stratton
69044	NE	Trenton
69045	NE	Wauneta
69046	NE	Wilsonville
69101	NE	North Platte
69103	NE	North Platte
69120	NE	Arnold
69121	NE	Arthur
69122	NE	Big Springs
69123	NE	Brady
69125	NE	Broadwater
69127	NE	Brule
69128	NE	Bushnell
69129	NE	Chappell
69130	NE	Cozad
69131	NE	Dalton
69132	NE	Dickens
69133	NE	Dix
69134	NE	Elsie
69135	NE	Elsmere
69138	NE	Gothenburg|Willow Island
69140	NE	Grant
69141	NE	Gurley
69142	NE	Halsey
69143	NE	Hershey
69144	NE	Keystone
69145	NE	Kimball
69146	NE	Lemoyne|Martin
69147	NE	Lewellen|Belmar
69148	NE	Lisco
69149	NE	Lodgepole|Sunol
69150	NE	Madrid
69151	NE	Maxwell
69152	NE	Mullen
69153	NE	Ogallala|Roscoe
69154	NE	Oshkosh
69155	NE	Paxton|Sarben
69156	NE	Potter
69157	NE	Purdum
69160	NE	Sidney
69161	NE	Seneca
69162	NE	Sidney|Potter|Lorenzo
69163	NE	Stapleton|Gandy
69165	NE	Sutherland
69166	NE	Thedford|Brownlee
69167	NE	Tryon
69168	NE	Venango
69169	NE	Wallace
69170	NE	Wellfleet
69171	NE	Willow Island
69190	NE	Oshkosh
69201	NE	Valentine
69210	NE	Ainsworth
69211	NE	Cody
69212	NE	Crookston
69214	NE	Johnstown
69216	NE	Kilgore
69217	NE	Long Pine
69218	NE	Merriman
69219	NE	Nenzel
69220	NE	Sparks
69221	NE	Wood Lake
69301	NE	Alliance|Berea
69331	NE	Angora
69333	NE	Ashby
69334	NE	Bayard|McGrew
69335	NE	Bingham
69336	NE	Bridgeport
69337	NE	Chadron
69339	NE	Crawford
69340	NE	Ellsworth
69341	NE	Gering|Terrytown
69343	NE	Gordon|Clinton
69345	NE	Harrisburg
69346	NE	Harrison
69347	NE	Hay Springs
69348	NE	Hemingford
69350	NE	Hyannis
69351	NE	Lakeside
69352	NE	Lyman
69353	NE	McGrew
69354	NE	Marsland
69355	NE	Melbeta
69356	NE	Minatare
69357	NE	Mitchell
69358	NE	Morrill|Henry
69360	NE	Rushville|White Clay
69361	NE	Scottsbluff
69363	NE	Scottsbluff
69365	NE	Whiteclay|White Clay
69366	NE	Whitman
69367	NE	Whitney
70001	LA	Metairie|Elmwood
70002	LA	Metairie
70003	LA	Metairie
70004	LA	Metairie
70005	LA	Metairie
70006	LA	Metairie
70009	LA	Metairie
70010	LA	Metairie
70011	LA	Metairie
70030	LA	Des Allemands|Bayou Gauche|Boutte
70031	LA	Ama
70032	LA	Arabi|Chalmette
70033	LA	Metairie
70036	LA	Barataria
70037	LA	Belle Chasse|New Orleans Station
70038	LA	Boothville
70039	LA	Boutte|Luling
70040	LA	Braithwaite|Poydras
70041	LA	Buras|Empire|Triumph|Boothville|Venice
70043	LA	Chalmette
70044	LA	Chalmette
70047	LA	Destrehan|Norco|New Sarpy|St. Rose
70049	LA	Edgard
70050	LA	Empire
70051	LA	Garyville
70052	LA	Gramercy
70053	LA	Gretna
70054	LA	Gretna
70055	LA	Metairie
70056	LA	Gretna|Terrytown|Timberlane
70057	LA	Hahnville|Taft|Luling|Killona
70058	LA	Harvey|Woodmere
70059	LA	Harvey
70060	LA	Metairie
70062	LA	Kenner
70063	LA	Kenner
70064	LA	Kenner
70065	LA	Kenner
70067	LA	Lafitte|Jean Lafitte
70068	LA	La Place|Laplace|Montz|Reserve
70069	LA	La Place
70070	LA	Luling
70071	LA	Lutcher
70072	LA	Marrero|Estelle
70073	LA	Marrero
70075	LA	Meraux
70076	LA	Mount Airy|Garyville
70078	LA	New Sarpy
70079	LA	Norco
70080	LA	Paradis|Boutte|Bayou Gauche
70081	LA	Pilottown
70082	LA	Pointe A La Hache
70083	LA	Port Sulphur
70084	LA	Reserve|Garyville
70085	LA	Saint Bernard|Poydras|Delacroix
70086	LA	Saint James|St. James|Welcome|Moonshine|Lemannville
70087	LA	Saint Rose|St. Rose
70090	LA	Vacherie|Wallace|North Vacherie|South Vacherie|Pleasure Bend
70091	LA	Venice
70092	LA	Violet|Meraux
70093	LA	Belle Chasse
70094	LA	Westwego|Waggaman|Avondale|Bridge City
70096	LA	Westwego
70097	LA	Kenner
70112	LA	New Orleans
70113	LA	New Orleans
70114	LA	New Orleans
70115	LA	New Orleans
70116	LA	New Orleans
70117	LA	New Orleans
70118	LA	New Orleans
70119	LA	New Orleans
70121	LA	New Orleans|Jefferson|Elmwood
70122	LA	New Orleans
70123	LA	New Orleans|Harahan|Elmwood|River Ridge
70124	LA	New Orleans
70125	LA	New Orleans
70126	LA	New Orleans
70127	LA	New Orleans
70128	LA	New Orleans
70129	LA	New Orleans
70130	LA	New Orleans
70131	LA	New Orleans
70139	LA	New Orleans
70141	LA	New Orleans
70142	LA	New Orleans
70143	LA	New Orleans
70145	LA	New Orleans
70146	LA	New Orleans
70148	LA	New Orleans
70150	LA	New Orleans
70151	LA	New Orleans
70152	LA	New Orleans
70153	LA	New Orleans
70154	LA	New Orleans
70156	LA	New Orleans
70157	LA	New Orleans
70158	LA	New Orleans
70159	LA	New Orleans
70160	LA	New Orleans
70161	LA	New Orleans
70162	LA	New Orleans
70163	LA	New Orleans
70164	LA	New Orleans
70165	LA	New Orleans
70166	LA	New Orleans
70167	LA	New Orleans
70170	LA	New Orleans
70172	LA	New Orleans
70174	LA	New Orleans
70175	LA	New Orleans
70176	LA	New Orleans
70177	LA	New Orleans
70178	LA	New Orleans
70179	LA	New Orleans
70181	LA	New Orleans
70182	LA	New Orleans
70183	LA	New Orleans
70184	LA	New Orleans
70185	LA	New Orleans
70186	LA	New Orleans
70187	LA	New Orleans
70189	LA	New Orleans
70190	LA	New Orleans
70195	LA	New Orleans
70301	LA	Thibodaux|Chackbay|Choctaw|Kraemer|Lafourche Crossing|Schriever|Bayou Country Club|Labadieville
70302	LA	Thibodaux
70310	LA	Thibodaux
70339	LA	Pierre Part
70340	LA	Amelia
70341	LA	Belle Rose|Bayou Corne
70342	LA	Berwick
70343	LA	Bourg|Presquille
70344	LA	Chauvin
70345	LA	Cut Off|Galliano
70346	LA	Donaldsonville|Belle Rose|Lemannville
70352	LA	Donner
70353	LA	Dulac
70354	LA	Galliano
70355	LA	Gheens
70356	LA	Gibson
70357	LA	Golden Meadow
70358	LA	Grand Isle
70359	LA	Gray|Bayou Blue
70360	LA	Houma|Bayou Cane
70361	LA	Houma
70363	LA	Houma|Dulac|Presquille
70364	LA	Houma|Bayou Blue|Bayou Cane|Gray
70371	LA	Kraemer
70372	LA	Labadieville
70373	LA	Larose
70374	LA	Lockport|Lockport Heights
70375	LA	Mathews
70377	LA	Montegut
70380	LA	Morgan City|Bayou L'Ourse|Amelia|Bayou Vista|Siracusaville
70381	LA	Morgan City
70390	LA	Napoleonville|Supreme|Paincourtville
70391	LA	Paincourtville
70392	LA	Patterson
70393	LA	Plattenville
70394	LA	Raceland|Mathews|Lockport Heights
70395	LA	Schriever
70397	LA	Theriot
70401	LA	Hammond|Natalbany
70402	LA	Hammond
70403	LA	Hammond|Albany
70404	LA	Hammond
70420	LA	Abita Springs
70421	LA	Akers
70422	LA	Amite|Amite City|Montpelier
70426	LA	Angie|Varnado
70427	LA	Bogalusa|Sun|Rio
70429	LA	Bogalusa
70431	LA	Bush
70433	LA	Covington
70434	LA	Covington
70435	LA	Covington
70436	LA	Fluker
70437	LA	Folsom
70438	LA	Franklinton
70441	LA	Greensburg
70442	LA	Husser
70443	LA	Independence
70444	LA	Kentwood
70445	LA	Lacombe
70446	LA	Loranger
70447	LA	Madisonville
70448	LA	Mandeville|Lewisburg
70449	LA	Maurepas
70450	LA	Mount Hermon
70451	LA	Natalbany
70452	LA	Pearl River
70453	LA	Pine Grove
70454	LA	Ponchatoula
70455	LA	Robert
70456	LA	Roseland
70457	LA	Saint Benedict
70458	LA	Slidell|Eden Isle
70459	LA	Slidell
70460	LA	Slidell
70461	LA	Slidell
70462	LA	Springfield|Killian
70463	LA	Sun
70464	LA	Talisheek
70465	LA	Tangipahoa
70466	LA	Tickfaw|Natalbany
70467	LA	Varnado
70469	LA	Slidell
70470	LA	Mandeville
70471	LA	Mandeville
70501	LA	Lafayette
70502	LA	Lafayette
70503	LA	Lafayette
70504	LA	Lafayette
70505	LA	Lafayette
70506	LA	Lafayette|Scott
70507	LA	Lafayette|Carencro|Scott|Ossun
70508	LA	Lafayette|Milton
70509	LA	Lafayette
70510	LA	Abbeville|Perry
70511	LA	Abbeville
70512	LA	Arnaudville|Leonville|Cecilia
70513	LA	Avery Island
70514	LA	Baldwin|Charenton
70515	LA	Basile
70516	LA	Branch
70517	LA	Breaux Bridge|Henderson|Cecilia
70518	LA	Broussard|Cade
70519	LA	Cade
70520	LA	Carencro|Ossun
70521	LA	Cecilia
70522	LA	Centerville
70523	LA	Charenton
70524	LA	Chataignier
70525	LA	Church Point
70526	LA	Crowley
70527	LA	Crowley
70528	LA	Delcambre
70529	LA	Duson
70531	LA	Egan
70532	LA	Elton
70533	LA	Erath|Delcambre
70534	LA	Estherwood
70535	LA	Eunice
70537	LA	Evangeline
70538	LA	Franklin|Baldwin|Glencoe|Centerville|Charenton
70540	LA	Garden City
70541	LA	Grand Coteau
70542	LA	Gueydan
70543	LA	Iota
70544	LA	Jeanerette|Charenton|Sorrel
70546	LA	Jennings
70548	LA	Kaplan
70549	LA	Lake Arthur
70550	LA	Lawtell
70551	LA	Leonville
70552	LA	Loreauville
70554	LA	Mamou|Reddell
70555	LA	Maurice
70556	LA	Mermentau
70558	LA	Milton
70559	LA	Morse|Mermentau|Midland
70560	LA	New Iberia|Lydia
70562	LA	New Iberia
70563	LA	New Iberia
70569	LA	Lydia
70570	LA	Opelousas|Leonville|Grand Coteau|Lawtell
70571	LA	Opelousas
70575	LA	Perry
70576	LA	Pine Prairie
70577	LA	Port Barre
70578	LA	Rayne
70580	LA	Reddell
70581	LA	Roanoke
70582	LA	Saint Martinville|St. Martinville|Parks|Cade|Catahoula
70583	LA	Scott|Ossun
70584	LA	Sunset|Cankton
70585	LA	Turkey Creek
70586	LA	Ville Platte|Turkey Creek|Pine Prairie|Chataignier
70589	LA	Washington
70591	LA	Welsh|Fenton
70592	LA	Youngsville|Broussard|Milton
70593	LA	Lafayette
70596	LA	Lafayette
70598	LA	Lafayette
70601	LA	Lake Charles
70602	LA	Lake Charles
70605	LA	Lake Charles|Prien
70606	LA	Lake Charles
70607	LA	Lake Charles
70609	LA	Lake Charles
70611	LA	Lake Charles|Moss Bluff|Gillis
70612	LA	Lake Charles
70615	LA	Lake Charles
70616	LA	Lake Charles
70629	LA	Lake Charles
70630	LA	Bell City
70631	LA	Cameron
70632	LA	Creole
70633	LA	Dequincy
70634	LA	Deridder|Rosepine|Sugartown
70637	LA	Dry Creek
70638	LA	Elizabeth
70639	LA	Evans
70640	LA	Fenton
70643	LA	Grand Chenier
70644	LA	Grant
70645	LA	Hackberry
70646	LA	Hayes
70647	LA	Iowa|Lacassine
70648	LA	Kinder|Oberlin|Fenton
70650	LA	Lacassine
70651	LA	Leblanc
70652	LA	Longville
70653	LA	Merryville
70654	LA	Mittie
70655	LA	Oberlin
70656	LA	Pitkin|Fort Polk South
70657	LA	Ragley
70658	LA	Reeves
70659	LA	Rosepine
70660	LA	Singer|Oretta
70661	LA	Starks
70662	LA	Sugartown
70663	LA	Sulphur
70664	LA	Sulphur
70665	LA	Sulphur|Carlyss
70668	LA	Vinton
70669	LA	Westlake
70704	LA	Baker
70706	LA	Denham Springs|Watson
70707	LA	Gonzales
70710	LA	Addis
70711	LA	Albany
70712	LA	Angola
70714	LA	Baker|Central
70715	LA	Batchelor|Morganza
70718	LA	Brittany
70719	LA	Brusly
70721	LA	St. Gabriel|Carville
70722	LA	Clinton
70723	LA	Convent|Union|Romeville
70725	LA	Darrow
70726	LA	Denham Springs|Port Vincent
70727	LA	Denham Springs
70728	LA	Duplessis
70729	LA	Erwinville
70730	LA	Ethel
70732	LA	Fordoche
70733	LA	French Settlement
70734	LA	Geismar
70736	LA	Glynn
70737	LA	Gonzales|Sorrento
70738	LA	Burnside
70739	LA	Greenwell Springs|Central
70740	LA	Grosse Tete
70743	LA	Hester
70744	LA	Holden|Montpelier
70747	LA	Innis
70748	LA	Jackson
70749	LA	Jarreau
70750	LA	Krotz Springs
70752	LA	Lakeland
70753	LA	Lettsworth
70754	LA	Livingston
70755	LA	Livonia
70756	LA	Lottie
70757	LA	Maringouin|Rosedale|Livonia
70759	LA	Morganza
70760	LA	New Roads
70761	LA	Norwood
70762	LA	Oscar
70763	LA	Paulina|Lutcher|Grand Point|Hester
70764	LA	Plaquemine|Crescent
70765	LA	Plaquemine
70767	LA	Port Allen|Brusly|Erwinville
70769	LA	Prairieville
70770	LA	Pride|Central
70772	LA	Rosedale
70773	LA	Rougon
70774	LA	Saint Amant
70775	LA	Saint Francisville|St. Francisville
70776	LA	St. Gabriel|Saint Gabriel
70777	LA	Slaughter
70778	LA	Sorrento
70780	LA	Sunshine|St. Gabriel
70782	LA	Tunica
70783	LA	Ventress
70784	LA	Wakefield
70785	LA	Walker
70786	LA	Watson
70787	LA	Weyanoke
70788	LA	White Castle|Bayou Goula|Dorseyville
70789	LA	Wilson
70791	LA	Zachary|Central
70792	LA	Uncle Sam
70801	LA	Baton Rouge
70802	LA	Baton Rouge
70803	LA	Baton Rouge
70804	LA	Baton Rouge
70805	LA	Baton Rouge
70806	LA	Baton Rouge
70807	LA	Baton Rouge
70808	LA	Baton Rouge
70809	LA	Baton Rouge|Inniswold|Westminster
70810	LA	Baton Rouge|Oak Hills Place|Village St. George|Gardere
70811	LA	Baton Rouge|Brownfields
70812	LA	Baton Rouge|Merrydale
70813	LA	Baton Rouge
70814	LA	Baton Rouge|Monticello|Merrydale
70815	LA	Baton Rouge
70816	LA	Baton Rouge
70817	LA	Baton Rouge|Shenandoah|Old Jefferson
70818	LA	Central|Baton Rouge
70819	LA	Baton Rouge|Central
70820	LA	Baton Rouge|Gardere
70821	LA	Baton Rouge
70822	LA	Baton Rouge
70823	LA	Baton Rouge
70825	LA	Baton Rouge
70826	LA	Baton Rouge
70827	LA	Baton Rouge
70831	LA	Baton Rouge
70833	LA	Baton Rouge
70835	LA	Baton Rouge
70836	LA	Baton Rouge
70837	LA	Baton Rouge
70873	LA	Baton Rouge
70874	LA	Baton Rouge
70879	LA	Baton Rouge
70884	LA	Baton Rouge
70891	LA	Baton Rouge
70892	LA	Baton Rouge
70893	LA	Baton Rouge
70894	LA	Baton Rouge
70895	LA	Baton Rouge
70896	LA	Baton Rouge
70898	LA	Baton Rouge
71001	LA	Arcadia
71002	LA	Ashland
71003	LA	Athens
71004	LA	Belcher
71006	LA	Benton
71007	LA	Bethany
71008	LA	Bienville|Lucky|Bryceland
71009	LA	Blanchard
71016	LA	Castor|Lucky
71018	LA	Cotton Valley
71019	LA	Coushatta|Martin|Edgefield
71021	LA	Cullen
71023	LA	Doyline
71024	LA	Dubberly
71027	LA	Frierson
71028	LA	Gibsland|Mount Lebanon|Bryceland
71029	LA	Gilliam
71030	LA	Gloster
71031	LA	Goldonna
71032	LA	Grand Cane|Stanley
71033	LA	Greenwood
71034	LA	Hall Summit
71037	LA	Haughton|Red Chute|Eastwood
71038	LA	Haynesville
71039	LA	Heflin
71040	LA	Homer|Lisbon
71043	LA	Hosston
71044	LA	Ida
71045	LA	Jamestown
71046	LA	Keatchie|Keachi|Longstreet
71047	LA	Keithville
71048	LA	Lisbon
71049	LA	Logansport|Stanley|Longstreet
71050	LA	Longstreet
71051	LA	Elm Grove
71052	LA	Mansfield|South Mansfield|Stanley
71055	LA	Minden|Dixie Inn
71058	LA	Minden
71060	LA	Mooringsport
71061	LA	Oil City
71063	LA	Pelican
71064	LA	Plain Dealing
71065	LA	Pleasant Hill
71066	LA	Powhatan
71067	LA	Princeton|Eastwood
71068	LA	Ringgold
71069	LA	Rodessa
71070	LA	Saline
71071	LA	Sarepta
71072	LA	Shongaloo
71073	LA	Sibley
71075	LA	Springhill|Cullen
71078	LA	Stonewall
71079	LA	Summerfield
71080	LA	Taylor
71082	LA	Vivian
71101	LA	Shreveport
71102	LA	Shreveport
71103	LA	Shreveport
71104	LA	Shreveport
71105	LA	Shreveport
71106	LA	Shreveport
71107	LA	Shreveport|Blanchard|Lakeview
71108	LA	Shreveport
71109	LA	Shreveport
71110	LA	Bossier City|Barksdale Afb
71111	LA	Bossier City
71112	LA	Bossier City
71113	LA	Bossier City
71115	LA	Shreveport
71118	LA	Shreveport
71119	LA	Shreveport
71120	LA	Shreveport
71129	LA	Shreveport
71130	LA	Shreveport
71133	LA	Shreveport
71134	LA	Shreveport
71135	LA	Shreveport
71136	LA	Shreveport
71137	LA	Shreveport
71138	LA	Shreveport
71148	LA	Shreveport
71149	LA	Shreveport
71150	LA	Shreveport
71151	LA	Shreveport
71152	LA	Shreveport
71153	LA	Shreveport
71154	LA	Shreveport
71156	LA	Shreveport
71161	LA	Shreveport
71162	LA	Shreveport
71163	LA	Shreveport
71164	LA	Shreveport
71165	LA	Shreveport
71166	LA	Shreveport
71171	LA	Bossier City
71172	LA	Bossier City
71201	LA	Monroe
71202	LA	Monroe|Richwood
71203	LA	Monroe|Swartz|Lakeshore
71207	LA	Monroe
71209	LA	Monroe
71210	LA	Monroe
71211	LA	Monroe
71212	LA	Monroe
71213	LA	Monroe
71217	LA	Monroe
71218	LA	Archibald
71219	LA	Baskin
71220	LA	Bastrop|Collinston
71221	LA	Bastrop
71222	LA	Bernice
71223	LA	Bonita
71225	LA	Calhoun
71226	LA	Chatham
71227	LA	Choudrant
71229	LA	Collinston
71230	LA	Crowville
71232	LA	Delhi
71233	LA	Delta
71234	LA	Downsville
71235	LA	Dubach|Vienna
71237	LA	Epps
71238	LA	Eros|Chatham
71240	LA	Fairbanks
71241	LA	Farmerville
71242	LA	Forest
71243	LA	Fort Necessity
71245	LA	Grambling
71247	LA	Hodge|North Hodge|East Hodge
71249	LA	Jigger
71250	LA	Jones
71251	LA	Jonesboro|Hodge
71253	LA	Kilbourne
71254	LA	Lake Providence
71256	LA	Lillie|Junction City
71259	LA	Mangham
71260	LA	Marion
71261	LA	Mer Rouge
71263	LA	Oak Grove|Forest|Kilbourne
71264	LA	Oak Ridge|Start
71266	LA	Pioneer
71268	LA	Quitman|North Hodge
71269	LA	Rayville|Start
71270	LA	Ruston|Grambling|Vienna|Choudrant
71272	LA	Ruston
71273	LA	Ruston
71275	LA	Simsboro
71276	LA	Sondheimer
71277	LA	Spearsville
71279	LA	Start
71280	LA	Sterlington
71281	LA	Swartz
71282	LA	Tallulah|Delta|Richmond|Mound
71284	LA	Tallulah
71286	LA	Transylvania
71291	LA	West Monroe|Claiborne
71292	LA	West Monroe|Brownsville|Bawcomville
71294	LA	West Monroe
71295	LA	Winnsboro
71301	LA	Alexandria
71302	LA	Alexandria|Echo
71303	LA	Alexandria
71306	LA	Alexandria
71307	LA	Alexandria
71309	LA	Alexandria
71315	LA	Alexandria
71316	LA	Acme
71320	LA	Bordelonville
71322	LA	Bunkie|Morrow
71323	LA	Center Point
71324	LA	Chase
71325	LA	Cheneyville
71326	LA	Clayton
71327	LA	Cottonport
71328	LA	Deville
71329	LA	Dupont
71330	LA	Echo
71331	LA	Effie
71333	LA	Evergreen
71334	LA	Ferriday|Ridgecrest|Spokane
71336	LA	Gilbert
71339	LA	Hamburg
71340	LA	Harrisonburg
71341	LA	Hessmer
71342	LA	Jena|Midway|Good Pine
71343	LA	Jonesville|Harrisonburg|Wallace Ridge
71345	LA	Lebeau
71346	LA	Lecompte
71348	LA	Libuse
71350	LA	Mansura|Marksville|Hessmer
71351	LA	Marksville|Fifth Ward|Echo
71353	LA	Melville|Krotz Springs
71354	LA	Monterey
71355	LA	Moreauville|Bordelonville
71356	LA	Morrow
71357	LA	Newellton
71358	LA	Palmetto
71359	LA	Pineville
71360	LA	Pineville
71361	LA	Pineville
71362	LA	Plaucheville
71363	LA	Rhinehart
71365	LA	Ruby
71366	LA	Saint Joseph|St. Joseph
71367	LA	Saint Landry
71368	LA	Sicily Island
71369	LA	Simmesport
71371	LA	Trout
71373	LA	Vidalia|Minorca
71375	LA	Waterproof
71377	LA	Wildsville
71378	LA	Wisner
71401	LA	Aimwell
71403	LA	Anacoco
71404	LA	Atlanta
71405	LA	Ball
71406	LA	Belmont
71407	LA	Bentley|Pollock
71409	LA	Boyce|Alexandria
71410	LA	Calvin
71411	LA	Campti
71414	LA	Clarence
71415	LA	Clarks
71416	LA	Cloutierville
71417	LA	Colfax|Rock Hill
71418	LA	Columbia|Banks Springs
71419	LA	Converse
71422	LA	Dodson
71423	LA	Dry Prong|Creola|Prospect
71424	LA	Elmer
71425	LA	Enterprise
71426	LA	Fisher
71427	LA	Flatwoods
71428	LA	Flora
71429	LA	Florien|Fisher
71430	LA	Forest Hill
71431	LA	Gardner
71432	LA	Georgetown
71433	LA	Glenmora|McNary
71434	LA	Gorum
71435	LA	Grayson|Clarks
71438	LA	Hineston
71439	LA	Hornbeck
71440	LA	Joyce
71441	LA	Kelly
71443	LA	Kurthwood
71446	LA	Leesville|New Llano|Simpson|Fort Polk North|Fort Polk South
71447	LA	Lena
71448	LA	Longleaf
71449	LA	Many|Fisher|Fort Jesup
71450	LA	Marthaville|Belmont
71452	LA	Melrose
71454	LA	Montgomery|St. Maurice
71455	LA	Mora
71456	LA	Natchez
71457	LA	Natchitoches|Clarence|Powhatan|Natchez|St. Maurice|Vienna Bend|Point Place
71458	LA	Natchitoches
71459	LA	Fort Polk|Leesville|Fort Polk South|Fort Polk North
71460	LA	Negreet
71461	LA	New Llano
71462	LA	Noble
71463	LA	Oakdale
71465	LA	Olla
71466	LA	Otis
71467	LA	Pollock
71468	LA	Provencal
71469	LA	Robeline|Natchitoches|Provencal|Fort Jesup|Marthaville
71471	LA	Saint Maurice
71472	LA	Sieper
71473	LA	Sikes
71474	LA	Simpson
71475	LA	Slagle
71477	LA	Tioga
71479	LA	Tullos
71480	LA	Urania
71483	LA	Winnfield|Calvin|Jordan Hill|Joyce
71485	LA	Woodworth
71486	LA	Zwolle|Belmont
71496	LA	Leesville
71497	LA	Natchitoches
71601	AR	Pine Bluff
71602	AR	White Hall|Pine Bluff
71603	AR	Pine Bluff|Sulphur Springs
71611	AR	Pine Bluff
71612	AR	White Hall
71613	AR	Pine Bluff
71630	AR	Arkansas City
71631	AR	Banks
71635	AR	Crossett|West Crossett|North Crossett
71638	AR	Dermott|Jerome|Collins|Halley
71639	AR	Dumas|Mitchellville
71640	AR	Eudora
71642	AR	Fountain Hill|Lacey
71643	AR	Gould
71644	AR	Grady
71646	AR	Hamburg|Fountain Hill
71647	AR	Hermitage
71651	AR	Jersey
71652	AR	Kingsland
71653	AR	Lake Village
71654	AR	Mc Gehee|McGehee
71655	AR	Monticello|Lacey
71656	AR	Monticello
71657	AR	Monticello
71658	AR	Montrose
71659	AR	Moscow
71660	AR	New Edinburg
71661	AR	Parkdale
71662	AR	Pickens|Dumas
71663	AR	Portland
71665	AR	Rison|Rye|Staves|Woodlawn
71666	AR	Rohwer
71667	AR	Star City
71670	AR	Tillar|Reed
71671	AR	Warren|Rye
71674	AR	Watson
71675	AR	Wilmar
71676	AR	Wilmot
71677	AR	Winchester
71678	AR	Yorktown
71701	AR	Camden|East Camden
71711	AR	Camden
71720	AR	Bearden
71721	AR	Beirne
71722	AR	Bluff City
71724	AR	Calion
71725	AR	Carthage|Princeton
71726	AR	Chidester|Reader
71728	AR	Curtis
71730	AR	El Dorado|Norphlet|Calion|Lawson|Urbana
71731	AR	El Dorado
71740	AR	Emerson
71742	AR	Fordyce|Ivan
71743	AR	Gurdon|Whelen Springs|Beirne
71744	AR	Hampton|Tinsman|Harrell
71745	AR	Harrell
71747	AR	Huttig|Felsenthal
71748	AR	Ivan
71749	AR	Junction City
71750	AR	Lawson
71751	AR	Louann
71752	AR	Mc Neil|McNeil
71753	AR	Magnolia
71754	AR	Magnolia
71758	AR	Mount Holly
71759	AR	Norphlet
71762	AR	Smackover
71763	AR	Sparkman
71764	AR	Stephens|Mount Holly
71765	AR	Strong
71766	AR	Thornton
71770	AR	Waldo
71772	AR	Whelen Springs
71801	AR	Hope|Perrytown|Patmos|Oakhaven
71802	AR	Hope
71820	AR	Alleene
71822	AR	Ashdown|Wilton|Ogden|Yarborough Landing|Alleene
71823	AR	Ben Lomond
71825	AR	Blevins
71826	AR	Bradley
71827	AR	Buckner
71828	AR	Cale
71831	AR	Columbus
71832	AR	De Queen
71833	AR	Dierks
71834	AR	Doddridge
71835	AR	Emmet
71836	AR	Foreman
71837	AR	Fouke
71838	AR	Fulton|McNab
71839	AR	Garland City|Garland
71840	AR	Genoa
71841	AR	Gillham|Grannis
71842	AR	Horatio
71845	AR	Lewisville
71846	AR	Lockesburg|Ben Lomond
71847	AR	Mc Caskill|McCaskill
71851	AR	Mineral Springs|Tollette
71852	AR	Nashville|Center Point
71853	AR	Ogden
71854	AR	Texarkana|Genoa
71855	AR	Ozan
71857	AR	Prescott|Bluff City|Reader
71858	AR	Rosston|Bodcaw|Cale|Willisville
71859	AR	Saratoga
71860	AR	Stamps
71861	AR	Taylor
71862	AR	Washington
71864	AR	Willisville
71865	AR	Wilton
71866	AR	Winthrop
71901	AR	Hot Springs National Park|Hot Springs|Fountain Lake
71902	AR	Hot Springs National Park
71903	AR	Hot Springs National Park
71909	AR	Hot Springs Village
71910	AR	Hot Springs Village
71913	AR	Hot Springs National Park|Hot Springs|Piney|Rockwell|Lake Hamilton
71914	AR	Hot Springs National Park
71920	AR	Alpine
71921	AR	Amity|Kirby|Alpine
71922	AR	Antoine
71923	AR	Arkadelphia|Caddo Valley|Gum Springs|Friendship
71929	AR	Bismarck
71932	AR	Board Camp
71933	AR	Bonnerdale|Pearcy
71935	AR	Caddo Gap
71937	AR	Cove|Vandervoort
71940	AR	Delight
71941	AR	Donaldson|Midway
71942	AR	Friendship
71943	AR	Glenwood
71944	AR	Grannis
71945	AR	Hatfield
71949	AR	Jessieville
71950	AR	Kirby|Daisy
71952	AR	Langley
71953	AR	Mena|Acorn|Board Camp
71956	AR	Mountain Pine
71957	AR	Mount Ida
71958	AR	Murfreesboro
71959	AR	Newhope
71960	AR	Norman|Black Springs
71961	AR	Oden
71962	AR	Okolona
71964	AR	Pearcy
71965	AR	Pencil Bluff
71966	AR	Oden
71968	AR	Royal|Crystal Springs
71969	AR	Sims
71970	AR	Story
71971	AR	Umpire
71972	AR	Vandervoort
71973	AR	Wickes
71998	AR	Arkadelphia
71999	AR	Arkadelphia
72001	AR	Adona
72002	AR	Alexander|Bryant|Shannon Hills|Avilla
72003	AR	Almyra
72004	AR	Altheimer
72005	AR	Amagon
72006	AR	Augusta|Gregory
72007	AR	Austin|Ward
72010	AR	Bald Knob
72011	AR	Bauxite|Sardis
72012	AR	Beebe|Floyd
72013	AR	Bee Branch
72014	AR	Beedeville
72015	AR	Benton|Haskell|Tull
72016	AR	Bigelow|Fourche
72017	AR	Biscoe|Fredonia (Biscoe)
72018	AR	Benton
72019	AR	Benton|Bryant|Salem
72020	AR	Bradford
72021	AR	Brinkley|Fargo|Monroe
72022	AR	Bryant|Bauxite
72023	AR	Cabot
72024	AR	Carlisle
72025	AR	Casa
72026	AR	Casscoe
72027	AR	Center Ridge
72028	AR	Choctaw
72029	AR	Clarendon
72030	AR	Cleveland
72031	AR	Clinton
72032	AR	Conway|Holland|Mayflower
72033	AR	Conway
72034	AR	Conway
72035	AR	Conway
72036	AR	Cotton Plant
72037	AR	Coy
72038	AR	Crocketts Bluff
72039	AR	Damascus|Twin Groves
72040	AR	Des Arc
72041	AR	De Valls Bluff
72042	AR	De Witt|DeWitt
72043	AR	Diaz
72044	AR	Edgemont
72045	AR	El Paso
72046	AR	England|Keo|Coy|Allport
72047	AR	Enola
72048	AR	Ethel
72051	AR	Fox
72052	AR	Garner
72053	AR	College Station
72055	AR	Gillett
72057	AR	Grapevine
72058	AR	Greenbrier|Guy|Wooster
72059	AR	Gregory
72060	AR	Griffithville
72061	AR	Guy
72063	AR	Hattieville
72064	AR	Hazen
72065	AR	Hensley|East End|Woodson
72066	AR	Hickory Plains
72067	AR	Higden|Greers Ferry
72068	AR	Higginson
72069	AR	Holly Grove|Indian Bay
72070	AR	Houston
72072	AR	Humnoke|Allport
72073	AR	Humphrey
72074	AR	Hunter
72075	AR	Jacksonport
72076	AR	Jacksonville|Sherwood
72078	AR	Jacksonville
72079	AR	Jefferson
72080	AR	Jerusalem
72081	AR	Judsonia
72082	AR	Kensett
72083	AR	Keo
72084	AR	Leola
72085	AR	Letona
72086	AR	Lonoke
72087	AR	Lonsdale|Hot Springs Village
72088	AR	Fairfield Bay
72089	AR	Bryant
72099	AR	Jacksonville|Little Rock Air Force Base
72101	AR	Mc Crory|McCrory|Patterson|Beedeville|Fair Oaks
72102	AR	Mc Rae|McRae
72103	AR	Mabelvale|Little Rock|Shannon Hills|East End|Sardis
72104	AR	Malvern|Rockport|Perla|Jones Mills|Magnet Cove
72105	AR	Jones Mill
72106	AR	Mayflower|Conway
72107	AR	Menifee
72108	AR	Monroe
72110	AR	Morrilton|Oppelo
72111	AR	Mount Vernon
72112	AR	Newport|Diaz|Campbell Station|Jacksonport|Weldon|Amagon
72113	AR	Maumelle|North Little Rock
72114	AR	North Little Rock
72115	AR	North Little Rock
72116	AR	North Little Rock
72117	AR	North Little Rock|Sherwood|McAlmont
72118	AR	North Little Rock
72119	AR	North Little Rock
72120	AR	Sherwood|Gibson
72121	AR	Pangburn
72122	AR	Paron
72123	AR	Patterson
72124	AR	North Little Rock
72125	AR	Perry
72126	AR	Perryville|Aplin
72127	AR	Plumerville|Menifee
72128	AR	Poyen
72129	AR	Prattsville
72130	AR	Prim
72131	AR	Quitman
72132	AR	Redfield
72133	AR	Reydell
72134	AR	Roe
72135	AR	Roland|Natural Steps
72136	AR	Romance|Floyd
72137	AR	Rose Bud
72139	AR	Russell
72140	AR	Saint Charles|St. Charles
72141	AR	Scotland
72142	AR	Scott|North Little Rock
72143	AR	Searcy|Higginson|Garner|Georgetown|West Point|Kensett|Floyd
72145	AR	Searcy
72149	AR	Searcy
72150	AR	Sheridan
72152	AR	Sherrill
72153	AR	Shirley|Fairfield Bay|Fox
72156	AR	Solgohachia
72157	AR	Springfield
72158	AR	Benton
72160	AR	Stuttgart|Ulm
72164	AR	Sweet Home
72165	AR	Thida
72166	AR	Tichnor
72167	AR	Traskwood
72168	AR	Tucker
72169	AR	Tupelo
72170	AR	Ulm
72173	AR	Vilonia|Holland
72175	AR	Wabbaseka
72176	AR	Ward
72178	AR	West Point
72179	AR	Wilburn
72180	AR	Woodson
72181	AR	Wooster
72182	AR	Wright
72183	AR	Wrightsville
72190	AR	North Little Rock
72199	AR	North Little Rock
72201	AR	Little Rock
72202	AR	Little Rock
72203	AR	Little Rock
72204	AR	Little Rock
72205	AR	Little Rock
72206	AR	Little Rock|Wrightsville|Landmark|East End|Sweet Home|Woodson|College Station
72207	AR	Little Rock|Cammack Village
72209	AR	Little Rock
72210	AR	Little Rock|Avilla
72211	AR	Little Rock
72212	AR	Little Rock
72214	AR	Little Rock
72215	AR	Little Rock
72216	AR	Little Rock
72217	AR	Little Rock
72219	AR	Little Rock
72221	AR	Little Rock
72222	AR	Little Rock
72223	AR	Little Rock
72225	AR	Little Rock
72227	AR	Little Rock
72231	AR	Little Rock
72255	AR	Little Rock
72260	AR	Little Rock
72295	AR	Little Rock
72301	AR	West Memphis
72303	AR	West Memphis
72310	AR	Armorel
72311	AR	Aubrey
72312	AR	Barton
72313	AR	Bassett
72315	AR	Blytheville|Gosnell|Dell|Victoria|Armorel
72316	AR	Blytheville
72319	AR	Gosnell
72320	AR	Brickeys
72321	AR	Burdette
72322	AR	Caldwell
72324	AR	Cherry Valley|Vanndale
72325	AR	Clarkedale
72326	AR	Colt|Caldwell
72327	AR	Crawfordsville|Jennette|Clarkedale|Jericho
72328	AR	Crumrod
72329	AR	Driver
72330	AR	Dyess
72331	AR	Earle|Parkin
72332	AR	Edmondson
72333	AR	Elaine
72335	AR	Forrest City|Madison|Caldwell
72336	AR	Forrest City
72338	AR	Frenchmans Bayou
72339	AR	Gilmore
72340	AR	Goodwin
72341	AR	Haynes
72342	AR	Helena|Helena-West Helena|Lake View
72346	AR	Heth
72347	AR	Hickory Ridge
72348	AR	Hughes|Horseshoe Lake
72350	AR	Joiner|Bassett
72351	AR	Keiser
72352	AR	LaGrange|La Grange
72353	AR	Lambrook
72354	AR	Lepanto|Rivervale
72355	AR	Lexa|Lake View|Rondo|LaGrange|Oneida
72358	AR	Luxora|Burdette
72359	AR	Madison
72360	AR	Marianna|Aubrey|LaGrange
72364	AR	Marion|West Memphis|Clarkedale|Sunset
72365	AR	Marked Tree
72366	AR	Marvell
72367	AR	Mellwood
72368	AR	Moro
72369	AR	Oneida
72370	AR	Osceola|Etowah|Marie
72372	AR	Palestine|Goodwin
72373	AR	Parkin
72374	AR	Poplar Grove
72376	AR	Proctor|Edmondson|West Memphis|Anthonyville
72377	AR	Rivervale
72379	AR	Snow Lake
72383	AR	Turner
72384	AR	Turrell|Gilmore|Clarkedale
72386	AR	Tyronza|Birdsong
72387	AR	Vanndale
72389	AR	Wabash|Elaine
72390	AR	West Helena|Helena-West Helena
72391	AR	West Ridge
72392	AR	Wheatley
72394	AR	Widener
72395	AR	Wilson|Marie
72396	AR	Wynne|Fair Oaks|Vanndale
72401	AR	Jonesboro
72402	AR	Jonesboro
72403	AR	Jonesboro
72404	AR	Jonesboro
72405	AR	Jonesboro
72410	AR	Alicia
72411	AR	Bay|Jonesboro
72412	AR	Beech Grove
72413	AR	Biggers|Reyno
72414	AR	Black Oak
72415	AR	Black Rock
72416	AR	Bono
72417	AR	Brookland
72419	AR	Caraway
72421	AR	Cash
72422	AR	Corning|McDougal|Datto
72424	AR	Datto
72425	AR	Delaplaine|O'Kean
72426	AR	Dell
72427	AR	Egypt
72428	AR	Etowah
72429	AR	Fisher
72430	AR	Greenway
72431	AR	Grubbs
72432	AR	Harrisburg
72433	AR	Hoxie|Portia|Minturn
72434	AR	Imboden
72435	AR	Knobel|Peach Orchard
72436	AR	Lafe
72437	AR	Lake City|Monette|Bowman
72438	AR	Leachville
72440	AR	Lynn
72441	AR	McDougal|Mc Dougal
72442	AR	Manila|Etowah|Leachville
72443	AR	Marmaduke|Lafe
72444	AR	Maynard
72445	AR	Minturn
72447	AR	Monette
72449	AR	O'Kean|O Kean
72450	AR	Paragould|Oak Grove Heights|Walcott
72451	AR	Paragould
72453	AR	Peach Orchard|Knobel
72454	AR	Piggott|St. Francis
72455	AR	Pocahontas
72456	AR	Pollard|McDougal
72457	AR	Portia
72458	AR	Powhatan
72459	AR	Ravenden
72460	AR	Ravenden Springs
72461	AR	Rector|Nimmons
72462	AR	Reyno
72464	AR	St. Francis|Saint Francis
72465	AR	Sedgwick
72466	AR	Smithville
72467	AR	Jonesboro|State University
72469	AR	Strawberry|Lynn
72470	AR	Success
72471	AR	Swifton
72472	AR	Trumann|Payneway
72473	AR	Tuckerman|Campbell Station
72474	AR	Walcott
72475	AR	Waldenburg
72476	AR	Walnut Ridge|Hoxie|Black Rock|Sedgwick|Portia|Egypt
72478	AR	Warm Springs
72479	AR	Weiner|Waldenburg
72482	AR	Williford|Ozark Acres
72501	AR	Batesville|Southside|Cushman|Moorefield|Magness|Salado|Bethesda|Desha
72503	AR	Batesville
72512	AR	Horseshoe Bend|Franklin
72513	AR	Ash Flat
72515	AR	Bexar
72517	AR	Brockwell|Oxford
72519	AR	Calico Rock|Pineville
72520	AR	Camp
72521	AR	Cave City|Sidney
72522	AR	Charlotte
72523	AR	Concord
72524	AR	Cord
72525	AR	Cherokee Village
72526	AR	Cushman
72527	AR	Desha
72528	AR	Dolph
72529	AR	Cherokee Village
72530	AR	Drasco
72531	AR	Elizabeth
72532	AR	Evening Shade
72533	AR	Fifty Six|Fifty-Six
72534	AR	Floral
72536	AR	Franklin
72537	AR	Gamaliel
72538	AR	Gepp
72539	AR	Glencoe
72540	AR	Guion
72542	AR	Hardy|Highland
72543	AR	Heber Springs|Wilburn
72544	AR	Henderson
72545	AR	Heber Springs
72546	AR	Ida
72550	AR	Locust Grove|Concord
72553	AR	Magness
72554	AR	Mammoth Spring
72555	AR	Marcella|Pleasant Grove
72556	AR	Melbourne|Guion|Mount Olive
72560	AR	Mountain View
72561	AR	Mount Pleasant
72562	AR	Newark
72564	AR	Oil Trough
72565	AR	Oxford
72566	AR	Pineville
72567	AR	Pleasant Grove
72568	AR	Pleasant Plains
72569	AR	Poughkeepsie
72571	AR	Rosie
72572	AR	Saffell
72573	AR	Sage
72575	AR	Salado
72576	AR	Salem
72577	AR	Sidney
72578	AR	Sturkie
72579	AR	Sulphur Rock
72581	AR	Tumbling Shoals
72583	AR	Viola
72584	AR	Violet Hill
72585	AR	Wideman
72587	AR	Wiseman
72601	AR	Harrison|Bergman|Zinc|Bellefonte|Valley Springs|Batavia
72602	AR	Harrison
72611	AR	Alpena
72613	AR	Beaver
72615	AR	Bergman
72616	AR	Berryville
72617	AR	Big Flat
72619	AR	Bull Shoals
72623	AR	Clarkridge
72624	AR	Compton
72626	AR	Cotter
72628	AR	Deer|Wayton
72629	AR	Dennard
72630	AR	Diamond City
72631	AR	Eureka Springs|Beaver|Holiday Island
72632	AR	Eureka Springs
72633	AR	Everton
72634	AR	Flippin|Bull Shoals
72635	AR	Gassville|Cotter
72636	AR	Gilbert
72638	AR	Green Forest|Oak Grove
72639	AR	Harriet
72640	AR	Hasty
72641	AR	Jasper
72642	AR	Lakeview
72643	MO	Lead Hill
72644	AR	Lead Hill|Diamond City|South Lead Hill
72645	AR	Leslie|Dennard
72648	AR	Marble Falls
72650	AR	Marshall|Witts Springs
72651	AR	Midway
72653	AR	Mountain Home|Salesville|Briarcliff|Norfork|Buffalo City
72654	AR	Mountain Home
72655	AR	Mount Judea
72657	AR	Timbo
72658	AR	Norfork
72659	AR	Norfork
72660	AR	Oak Grove|Blue Eye
72661	AR	Oakland
72662	AR	Omaha
72663	AR	Onia
72666	AR	Parthenon
72668	AR	Peel
72669	AR	Pindall
72670	AR	Ponca
72672	AR	Pyatt
72675	AR	Saint Joe|Pindall|St. Joe|Gilbert
72677	AR	Summit
72679	AR	Tilly
72680	AR	Timbo
72682	AR	Valley Springs
72683	AR	Vendor|Mount Judea
72685	AR	Western Grove
72686	AR	Witts Springs
72687	AR	Yellville|Summit
72701	AR	Fayetteville|Greenland|Elkins
72702	AR	Fayetteville
72703	AR	Fayetteville|Goshen
72704	AR	Fayetteville|Johnson|Tontitown
72711	AR	Avoca
72712	AR	Bentonville|Gravette|Centerton
72713	AR	Bentonville|Highfill|Centerton|Cave Springs
72714	AR	Bella Vista
72715	AR	Bella Vista
72716	AR	Bentonville
72717	AR	Canehill|Morrow
72718	AR	Cave Springs
72719	AR	Centerton
72721	AR	Combs
72722	AR	Decatur
72727	AR	Elkins|Goshen
72728	AR	Elm Springs
72729	AR	Evansville
72730	AR	Farmington|Prairie Grove
72732	AR	Garfield|Gateway|Lost Bridge Village
72733	AR	Gateway
72734	AR	Gentry|Highfill|Springtown|Cherokee City
72735	AR	Goshen
72736	AR	Gravette|Maysville
72737	AR	Greenland
72738	AR	Hindsville
72739	AR	Gravette|Hiwasse
72740	AR	Huntsville|Kingston
72741	AR	Johnson
72742	AR	Kingston
72744	AR	Lincoln|Canehill|Summers
72745	AR	Lowell|Springdale
72747	AR	Maysville
72749	AR	Morrow
72751	AR	Pea Ridge
72752	AR	Pettigrew
72753	AR	Prairie Grove
72756	AR	Rogers|Little Flock|Avoca|Prairie Creek
72757	AR	Rogers
72758	AR	Rogers
72760	AR	Saint Paul|St. Paul
72761	AR	Siloam Springs
72762	AR	Springdale|Tontitown|Elm Springs|Johnson|Bethel Heights
72764	AR	Springdale|Bethel Heights
72765	AR	Springdale
72766	AR	Springdale
72768	AR	Sulphur Springs
72769	AR	Summers|Cincinnati
72770	AR	Tontitown
72773	AR	Wesley
72774	AR	West Fork
72776	AR	Witter
72801	AR	Russellville
72802	AR	Russellville|Pottsville|London|Dover|Oak Grove
72811	AR	Russellville
72812	AR	Russellville
72820	AR	Alix
72821	AR	Altus|Wiederkehr Village|Denning|Alix
72823	AR	Atkins|Appleton
72824	AR	Belleville|Corinth|Danville
72826	AR	Blue Mountain
72827	AR	Bluffton
72828	AR	Briggsville
72829	AR	Centerville
72830	AR	Clarksville|Lamar|Hagarville|Ozone
72832	AR	Coal Hill
72833	AR	Danville
72834	AR	Dardanelle|Centerville
72835	AR	Delaware|New Blaine
72837	AR	Dover
72838	AR	Gravelly
72839	AR	Hagarville
72840	AR	Hartman|Coal Hill
72841	AR	Harvey
72842	AR	Havana
72843	AR	Hector|Appleton
72845	AR	Knoxville
72846	AR	Lamar|Knoxville|Hagarville
72847	AR	London
72851	AR	New Blaine
72852	AR	Oark
72853	AR	Ola|Plainview
72854	AR	Ozone
72855	AR	Paris|Subiaco|Caulksville
72856	AR	Pelsor
72857	AR	Plainview
72858	AR	Pottsville
72860	AR	Rover
72863	AR	Scranton|Morrison Bluff
72865	AR	Subiaco
72901	AR	Fort Smith
72902	AR	Fort Smith
72903	AR	Fort Smith
72904	AR	Fort Smith
72905	AR	Fort Smith
72906	AR	Fort Smith
72908	AR	Fort Smith
72913	AR	Fort Smith
72914	AR	Fort Smith
72916	AR	Fort Smith|Bonanza
72917	AR	Fort Smith
72918	AR	Fort Smith
72919	AR	Fort Smith
72921	AR	Alma|Kibler|Rudy|Dyer
72923	AR	Barling|Fort Smith|Central City
72926	AR	Boles
72927	AR	Booneville
72928	AR	Branch
72930	AR	Cecil
72932	AR	Cedarville
72933	AR	Charleston|Branch
72934	AR	Chester
72935	AR	Dyer
72936	AR	Greenwood
72937	AR	Hackett
72938	AR	Hartford
72940	AR	Huntington
72941	AR	Lavaca|Barling|Central City
72943	AR	Magazine|Blue Mountain
72944	AR	Mansfield
72945	AR	Midland
72946	AR	Mountainburg
72947	AR	Mulberry
72948	AR	Natural Dam
72949	AR	Ozark|Wiederkehr Village|Denning|Altus
72950	AR	Parks
72951	AR	Ratcliff|Caulksville
72952	AR	Rudy
72955	AR	Uniontown
72956	AR	Van Buren|Kibler|Cedarville|Dora
72957	AR	Van Buren
72958	AR	Waldron|Boles
72959	AR	Winslow
73001	OK	Albert
73002	OK	Alex
73003	OK	Edmond
73004	OK	Amber|Pocasset
73005	OK	Anadarko|Washita
73006	OK	Apache|Edgewater Park|Lake Ellsworth Addition
73007	OK	Edmond|Arcadia
73008	OK	Bethany|Oklahoma City|Woodlawn Park
73009	OK	Binger
73010	OK	Blanchard|Cole|Dibble|Bridge Creek|Middleberg
73011	OK	Bradley|Alex
73012	OK	Edmond|Oklahoma City
73013	OK	Oklahoma City|Edmond
73014	OK	Calumet|El Reno|Geary
73015	OK	Carnegie
73016	OK	Cashion|Cimarron City
73017	OK	Cement
73018	OK	Chickasha|Ninnekah|Norge
73019	OK	Norman
73020	OK	Choctaw|Oklahoma City|Harrah|Nicoma Park|Midwest City
73021	OK	Colony
73022	OK	El Reno|Concho
73023	OK	Chickasha
73024	OK	Corn
73025	OK	Edmond
73026	OK	Norman
73027	OK	Coyle|Langston
73028	OK	Crescent|Cimarron City|Twin Lakes|Crescent Springs|Lovell
73029	OK	Cyril
73030	OK	Davis|Hennepin
73031	OK	Dibble
73032	OK	Dougherty
73033	OK	Eakly
73034	OK	Edmond
73036	OK	El Reno|Union City
73038	OK	Fort Cobb
73039	OK	Davis
73040	OK	Geary
73041	OK	Gotebo
73042	OK	Gracemont
73043	OK	Greenfield
73044	OK	Guthrie|Cedar Valley|Langston|Seward
73045	OK	Harrah
73047	OK	Hinton|Bridgeport|Cedar Lake
73048	OK	Hydro
73049	OK	Oklahoma City|Jones|Edmond
73050	OK	Langston
73051	OK	Lexington|Slaughterville|Etowah
73052	OK	Lindsay
73053	OK	Lookeba
73054	OK	Luther|Oklahoma City
73055	OK	Marlow|Bray|Central High|Duncan
73056	OK	Marshall
73057	OK	Maysville
73058	OK	Meridian
73059	OK	Minco
73061	OK	Morrison
73062	OK	Mountain View
73063	OK	Mulhall
73064	OK	Oklahoma City|Mustang|Union City
73065	OK	Newcastle|Blanchard
73066	OK	Nicoma Park
73067	OK	Ninnekah|Alex
73068	OK	Noble|Slaughterville|Norman|Etowah
73069	OK	Norman
73070	OK	Norman
73071	OK	Norman
73072	OK	Norman|Newcastle|Goldsby
73073	OK	Orlando|Mulhall
73074	OK	Paoli
73075	OK	Pauls Valley
73077	OK	Perry|Sumner
73078	OK	Piedmont|Oklahoma City
73079	OK	Pocasset|Amber
73080	OK	Purcell|Goldsby
73082	OK	Rush Springs
73083	OK	Edmond
73084	OK	Oklahoma City|Spencer|Nicoma Park
73085	OK	Yukon
73086	OK	Sulphur
73089	OK	Tuttle|Bridge Creek
73090	OK	Union City
73092	OK	Verden
73093	OK	Washington|Goldsby|Cole
73095	OK	Wayne|Purcell|Maysville
73096	OK	Weatherford
73097	OK	Oklahoma City|Wheatland
73098	OK	Wynnewood|Katie
73099	OK	Oklahoma City|Yukon
73101	OK	Oklahoma City
73102	OK	Oklahoma City
73103	OK	Oklahoma City
73104	OK	Oklahoma City
73105	OK	Oklahoma City
73106	OK	Oklahoma City
73107	OK	Oklahoma City
73108	OK	Oklahoma City
73109	OK	Oklahoma City
73110	OK	Midwest City|Oklahoma City
73111	OK	Oklahoma City
73112	OK	Oklahoma City
73113	OK	Oklahoma City
73114	OK	Oklahoma City
73115	OK	Del City|Oklahoma City|Smith Village
73116	OK	Oklahoma City|Nichols Hills
73117	OK	Oklahoma City|Del City
73118	OK	Oklahoma City
73119	OK	Oklahoma City
73120	OK	Oklahoma City|The Village|Nichols Hills
73121	OK	Oklahoma City|Forest Park|Lake Aluma
73122	OK	Warr Acres|Oklahoma City
73123	OK	Oklahoma City
73124	OK	Oklahoma City
73125	OK	Oklahoma City
73126	OK	Oklahoma City
73127	OK	Oklahoma City
73128	OK	Oklahoma City
73129	OK	Oklahoma City
73130	OK	Midwest City|Oklahoma City
73131	OK	Oklahoma City
73132	OK	Oklahoma City|Warr Acres
73134	OK	Oklahoma City
73135	OK	Oklahoma City
73136	OK	Oklahoma City
73137	OK	Oklahoma City
73139	OK	Oklahoma City
73140	OK	Oklahoma City
73141	OK	Oklahoma City|Midwest City|Spencer|Nicoma Park
73142	OK	Oklahoma City
73143	OK	Oklahoma City
73144	OK	Oklahoma City
73145	OK	Oklahoma City
73146	OK	Oklahoma City
73147	OK	Oklahoma City
73148	OK	Oklahoma City
73149	OK	Oklahoma City|Valley Brook
73150	OK	Oklahoma City
73151	OK	Oklahoma City
73152	OK	Oklahoma City
73153	OK	Oklahoma City
73154	OK	Oklahoma City
73155	OK	Oklahoma City
73156	OK	Oklahoma City
73157	OK	Oklahoma City
73159	OK	Oklahoma City
73160	OK	Moore|Oklahoma City
73162	OK	Oklahoma City
73163	OK	Oklahoma City
73164	OK	Oklahoma City
73165	OK	Oklahoma City|Moore
73167	OK	Oklahoma City
73169	OK	Oklahoma City
73170	OK	Oklahoma City
73172	OK	Oklahoma City
73173	OK	Oklahoma City
73175	OK	Oklahoma City
73178	OK	Oklahoma City
73179	OK	Oklahoma City
73184	OK	Oklahoma City
73185	OK	Oklahoma City
73189	OK	Oklahoma City
73190	OK	Oklahoma City
73194	OK	Oklahoma City
73195	OK	Oklahoma City
73196	OK	Oklahoma City
73301	TX	Austin
73344	TX	Austin
73401	OK	Ardmore|Lone Grove|Dickson|Springer|Gene Autry|Mannsville
73402	OK	Ardmore
73403	OK	Ardmore
73425	OK	Countyline
73430	OK	Burneyville
73432	OK	Coleman
73433	OK	Elmore City|Katie|Foster|Hennepin
73434	OK	Foster
73435	OK	Fox
73436	OK	Gene Autry
73437	OK	Graham
73438	OK	Healdton
73439	OK	Kingston|McBride
73440	OK	Lebanon
73441	OK	Leon
73442	OK	Loco
73443	OK	Lone Grove
73444	OK	Hennepin
73446	OK	Madill|Oakland|Cumberland|Little City
73447	OK	Mannsville|Earl
73448	OK	Marietta|Thackerville|Greenville
73449	OK	Mead|Sand Point
73450	OK	Milburn|Emet
73453	OK	Overbrook
73455	OK	Ravia
73456	OK	Ringling|Cornish
73458	OK	Springer
73459	OK	Thackerville
73460	OK	Tishomingo|Reagan
73461	OK	Wapanucka
73463	OK	Wilson
73481	OK	Ratliff City
73487	OK	Tatums
73488	OK	Tussy
73491	OK	Velma
73501	OK	Lawton
73502	OK	Lawton
73503	OK	Fort Sill|Lawton
73505	OK	Lawton
73506	OK	Lawton
73507	OK	Lawton|Medicine Park|Lawtonka Acres
73520	OK	Addington
73521	OK	Altus|Friendship
73522	OK	Altus
73523	OK	Altus|Altus Afb
73526	OK	Blair
73527	OK	Cache
73528	OK	Chattanooga
73529	OK	Comanche|Empire City|Sunray
73530	OK	Davidson
73531	OK	Devol
73532	OK	Duke|East Duke
73533	OK	Duncan|Central High|Empire City|Bray
73534	OK	Duncan
73536	OK	Duncan
73537	OK	Eldorado
73538	OK	Elgin|Lakeside Village
73539	OK	Elmer
73540	OK	Faxon
73541	OK	Fletcher
73542	OK	Frederick
73543	OK	Geronimo
73544	OK	Gould
73546	OK	Grandfield|Loveland
73547	OK	Granite
73548	OK	Hastings
73549	OK	Headrick
73550	OK	Hollis
73551	OK	Hollister
73552	OK	Indiahoma
73553	OK	Loveland
73554	OK	Mangum
73555	OK	Manitou
73556	OK	Martha
73557	OK	Medicine Park
73558	OK	Meers
73559	OK	Mountain Park
73560	OK	Olustee
73561	OK	Oscar
73562	OK	Randlett
73564	OK	Roosevelt|Cooperton
73565	OK	Ryan
73566	OK	Snyder
73567	OK	Sterling
73568	OK	Temple
73569	OK	Terral
73570	OK	Tipton
73571	OK	Vinson
73572	OK	Walters
73573	OK	Waurika|Sugden
73601	OK	Clinton
73620	OK	Arapaho
73622	OK	Bessie
73624	OK	Burns Flat
73625	OK	Butler
73626	OK	Canute
73627	OK	Carter
73628	OK	Cheyenne|Strong City
73632	OK	Cordell|New Cordell
73638	OK	Crawford
73639	OK	Custer City
73641	OK	Dill City
73642	OK	Durham
73644	OK	Elk City
73645	OK	Erick
73646	OK	Fay
73647	OK	Foss
73648	OK	Elk City
73650	OK	Hammon
73651	OK	Hobart
73654	OK	Leedey
73655	OK	Lone Wolf
73658	OK	Oakwood
73659	OK	Putnam
73660	OK	Reydon
73661	OK	Rocky
73662	OK	Sayre|Elk City
73663	OK	Seiling
73664	OK	Sentinel
73666	OK	Sweetwater
73667	OK	Taloga
73668	OK	Texola
73669	OK	Thomas
73673	OK	Willow
73701	OK	Enid|Breckenridge|North Enid
73702	OK	Enid
73703	OK	Enid
73705	OK	Enid
73706	OK	Enid
73716	OK	Aline
73717	OK	Alva|Avard
73718	OK	Ames
73719	OK	Amorita
73720	OK	Bison
73722	OK	Burlington|Byron
73724	OK	Canton|Eagle City
73726	OK	Carmen
73727	OK	Carrier
73728	OK	Cherokee|Lambert
73729	OK	Cleo Springs
73730	OK	Covington
73731	OK	Dacoma
73733	OK	Douglas
73734	OK	Dover
73735	OK	Drummond
73736	OK	Fairmont
73737	OK	Fairview
73738	OK	Garber
73739	OK	Goltry
73741	OK	Helena
73742	OK	Hennessey
73743	OK	Hillsdale
73744	OK	Hitchcock
73746	OK	Hopeton
73747	OK	Isabella
73749	OK	Jet|Nescatunga
73750	OK	Kingfisher
73753	OK	Kremlin
73754	OK	Lahoma
73755	OK	Longdale
73756	OK	Loyal
73757	OK	Lucien
73758	OK	Manchester
73759	OK	Medford|Jefferson|Renfrow
73760	OK	Meno
73761	OK	Nash
73762	OK	Okarche|Piedmont
73763	OK	Okeene|Homestead
73764	OK	Omega
73766	OK	Pond Creek
73768	OK	Ringwood
73770	OK	Southard
73771	OK	Wakita
73772	OK	Watonga
73773	OK	Waukomis
73801	OK	Woodward
73802	OK	Woodward
73832	OK	Arnett
73834	OK	Buffalo|Selman
73835	OK	Camargo
73838	OK	Chester
73840	OK	Fargo
73841	OK	Fort Supply
73842	OK	Freedom
73843	OK	Gage
73844	OK	Gate|Knowles
73848	OK	Laverne
73851	OK	May
73852	OK	Mooreland|Quinlan
73853	OK	Mutual
73855	OK	Rosston
73857	OK	Sharon
73858	OK	Shattuck
73859	OK	Vici
73860	OK	Waynoka
73901	OK	Adams
73931	OK	Balko
73932	OK	Beaver
73933	OK	Boise City
73937	OK	Felt
73938	OK	Forgan
73939	OK	Goodwell
73942	OK	Guymon|Hough
73944	OK	Hardesty
73945	OK	Hooker|Optima
73946	OK	Kenton
73947	OK	Keyes
73949	OK	Texhoma
73950	OK	Turpin|Baker|Little Ponderosa
73951	OK	Tyrone
73960	TX	Texhoma
74001	OK	Avant
74002	OK	Barnsdall|Avant|Pershing
74003	OK	Bartlesville
74004	OK	Bartlesville
74005	OK	Bartlesville
74006	OK	Bartlesville|Dewey
74008	OK	Bixby|Jenks|Leonard
74010	OK	Bristow|Slick|Welty
74011	OK	Broken Arrow
74012	OK	Broken Arrow
74013	OK	Broken Arrow
74014	OK	Broken Arrow|Coweta
74015	OK	Catoosa|Tulsa|Fair Oaks
74016	OK	Chelsea|New Alluwe|Bushyhead
74017	OK	Claremore|Foyil|Bushyhead|Sequoyah
74018	OK	Claremore
74019	OK	Claremore|Verdigris|Valley Park|Justice|Limestone|Tiawah
74020	OK	Cleveland|Westport
74021	OK	Collinsville|Owasso|Vera
74022	OK	Copan
74023	OK	Cushing
74026	OK	Davenport
74027	OK	Delaware
74028	OK	Depew|Stroud
74029	OK	Dewey
74030	OK	Drumright|Olive
74031	OK	Foyil
74032	OK	Glencoe
74033	OK	Glenpool
74034	OK	Hallett
74035	OK	Hominy|Osage
74036	OK	Inola|Gregory|Tiawah
74037	OK	Jenks|Glenpool
74038	OK	Jennings|Hallett
74039	OK	Kellyville
74041	OK	Kiefer|Mounds
74042	OK	Lenapah
74043	OK	Leonard
74044	OK	Mannford|Westport|Lawrence Creek
74045	OK	Maramec
74046	OK	Milfay
74047	OK	Mounds|Liberty|Glenpool|Beggs
74048	OK	Nowata|Watova
74050	OK	Oakhurst
74051	OK	Ochelata
74052	OK	Oilton
74053	OK	Oologah
74054	OK	Osage
74055	OK	Owasso|Valley Park|Limestone
74056	OK	Pawhuska|Nelagoney|Whippoorwill|Bowring
74058	OK	Pawnee|Blackburn|Skedee
74059	OK	Perkins
74060	OK	Prue
74061	OK	Ramona|Vera
74062	OK	Ripley
74063	OK	Sand Springs|Lotsee
74066	OK	Sapulpa|Mounds
74067	OK	Sapulpa
74068	OK	Shamrock
74070	OK	Skiatook|Avant|Vera
74071	OK	Slick
74072	OK	S Coffeyville|South Coffeyville
74073	OK	Sperry|Turley
74074	OK	Stillwater|Ingalls|Mehan
74075	OK	Stillwater
74076	OK	Stillwater
74077	OK	Stillwater
74078	OK	Stillwater
74079	OK	Stroud|Kendrick|Milfay
74080	OK	Talala
74081	OK	Terlton|Westport
74082	OK	Vera
74083	OK	Wann
74084	OK	Wynona
74085	OK	Yale|Quay
74101	OK	Tulsa
74102	OK	Tulsa
74103	OK	Tulsa
74104	OK	Tulsa
74105	OK	Tulsa
74106	OK	Tulsa
74107	OK	Tulsa|Sand Springs|Oakhurst
74108	OK	Tulsa
74110	OK	Tulsa
74112	OK	Tulsa
74114	OK	Tulsa
74115	OK	Tulsa
74116	OK	Tulsa|Catoosa
74117	OK	Tulsa
74119	OK	Tulsa
74120	OK	Tulsa
74121	OK	Tulsa
74126	OK	Tulsa|Turley
74127	OK	Tulsa
74128	OK	Tulsa
74129	OK	Tulsa
74130	OK	Tulsa|Turley
74131	OK	Tulsa|Sapulpa|Oakhurst
74132	OK	Tulsa
74133	OK	Tulsa|Bixby
74134	OK	Tulsa
74135	OK	Tulsa
74136	OK	Tulsa
74137	OK	Tulsa
74141	OK	Tulsa
74145	OK	Tulsa
74146	OK	Tulsa
74147	OK	Tulsa
74148	OK	Tulsa
74149	OK	Tulsa
74150	OK	Tulsa
74152	OK	Tulsa
74153	OK	Tulsa
74155	OK	Tulsa
74156	OK	Tulsa
74157	OK	Tulsa
74158	OK	Tulsa
74159	OK	Tulsa
74169	OK	Tulsa
74170	OK	Tulsa
74171	OK	Tulsa
74172	OK	Tulsa
74182	OK	Tulsa
74186	OK	Tulsa
74187	OK	Tulsa
74192	OK	Tulsa
74193	OK	Tulsa
74301	OK	Vinita|Pensacola|Ketchum|Big Cabin|White Oak|Sportmans Shores
74330	OK	Adair
74331	OK	Afton|Bernice|Cleora|Copeland
74332	OK	Big Cabin
74333	OK	Bluejacket
74335	OK	Cardin
74337	OK	Chouteau|Pin Oak Acres|Mazie
74338	OK	Colcord|West Siloam Springs|Cloud Creek|Tagg Flats|Bull Hollow|Dripping Springs
74339	OK	Commerce
74340	OK	Disney
74342	OK	Eucha|Disney|Kenwood|Old Eucha|New Eucha|Drowning Creek
74343	OK	Fairland
74344	OK	Grove|Cayuga|Dodge|Copeland
74345	OK	Grove
74346	OK	Jay|New Eucha|Zena|Cloud Creek|Dennis|Sycamore|Butler|Oak Hill-Piney|White Water|Deer Lick|Indianola|Brush Creek
74347	OK	Kansas|Chewey|Flint Creek|Twin Oaks
74349	OK	Ketchum|Grand Lake Towne
74350	OK	Langley
74352	OK	Locust Grove|Snake Creek|Cedar Crest|Little Rock|Murphy|Ballou|Iron Post|Rose|Sams Corner
74354	OK	Miami|Commerce|North Miami|Narcissa|Dotyville
74355	OK	Miami
74358	OK	North Miami
74359	OK	Oaks
74360	OK	Picher
74361	OK	Pryor|Pryor Creek|Sportsmen Acres
74362	OK	Pryor
74363	OK	Quapaw|Peoria
74364	OK	Rose|Teresita|Leach|Kenwood|Rocky Ford|Little Rock
74365	OK	Salina|Kenwood|Wickliffe|Pump Back|Bull Hollow|Rose|Little Rock
74366	OK	Spavinaw|Hoot Owl|Kenwood
74367	OK	Strang
74368	OK	Twin Oaks
74369	OK	Welch
74370	OK	Wyandotte
74401	OK	Muskogee|Summit
74402	OK	Muskogee
74403	OK	Muskogee|Keefton
74421	OK	Beggs|Winchester
74422	OK	Boynton
74423	OK	Braggs|River Bottom|Sand Hill
74425	OK	Canadian|Longtown
74426	OK	Checotah|Rentiesville|Texanna|Shady Grove|Duchess Landing
74427	OK	Cookson|Dry Creek
74428	OK	Council Hill
74429	OK	Coweta
74430	OK	Crowder
74431	OK	Dewar
74432	OK	Eufaula|Carlton Landing|Stidham|Texanna|Longtown
74434	OK	Fort Gibson|Norwood|Woodall|Mallard Bay
74435	OK	Gore|Paradise Hill|Redbird Smith|Notchietown|Sour John|Carlisle
74436	OK	Haskell
74437	OK	Henryetta|Grayson|Hoffman|Schulter
74438	OK	Hitchita
74439	OK	Braggs
74440	OK	Hoyt
74441	OK	Hulbert|Lost City|Peggs|Norwood|Shady Grove|Gideon
74442	OK	Indianola
74444	OK	Moodys
74445	OK	Morris
74446	OK	Okay
74447	OK	Okmulgee|Morris|Preston
74450	OK	Oktaha
74451	OK	Park Hill|Pettit|Keys|Dry Creek
74452	OK	Peggs
74454	OK	Porter|Tullahassee|Clarksville
74455	OK	Porum|Simms|Briartown
74456	OK	Preston
74457	OK	Proctor|Pumpkin Hollow
74458	OK	Redbird
74459	OK	Rentiesville
74460	OK	Schulter
74461	OK	Stidham
74462	OK	Stigler|Tamaha|Longtown
74463	OK	Taft
74464	OK	Tahlequah|Park Hill|Moodys|Lowrey|Zeb|Briggs|Woodall|Grandview|Sparrowhawk|Johnson Prairie|Steely Hollow|Gideon|Welling|Shady Grove|Eldon|Rocky Ford|Pumpkin Hollow|Teresita|Keys
74465	OK	Tahlequah
74467	OK	Wagoner|Okay|Whitehorn Cove|Taylor Ferry|Toppers|Rocky Point
74468	OK	Wainwright
74469	OK	Warner|Keefton
74470	OK	Webbers Falls|Simms
74471	OK	Welling|Tenkiller|Caney|Barber|Etta|Caney Ridge
74472	OK	Whitefield|Hoyt
74477	OK	Wagoner|Whitehorn Cove
74501	OK	Mcalester|Krebs|Crowder|Alderson|Savanna|Bug Tussle|Arpelar|Haywood|Canadian Shores|Scipio|Bache|Blanco
74502	OK	Mcalester
74521	OK	Albion
74522	OK	Alderson
74523	OK	Antlers|Rattan
74525	OK	Atoka|Stringtown|Tushka|Lane|Bentley
74528	OK	Blanco
74529	OK	Blocker
74530	OK	Bromide
74531	OK	Calvin|Gerty
74533	OK	Caney
74534	OK	Centrahoma
74535	OK	Clarita
74536	OK	Clayton
74538	OK	Coalgate|Phillips|Clarita|Cottonwood
74540	OK	Daisy
74543	OK	Finley
74545	OK	Gowen
74546	OK	Haileyville
74547	OK	Hartshorne|Haileyville|Adamson
74549	OK	Honobia
74552	OK	Kinta
74553	OK	Kiowa
74554	OK	Krebs
74555	OK	Lane
74556	OK	Lehigh
74557	OK	Moyers
74558	OK	Nashoba
74559	OK	Panola
74560	OK	Pittsburg
74561	OK	Quinton|Enterprise
74562	OK	Rattan
74563	OK	Red Oak|Panola
74565	OK	Savanna
74567	OK	Snow
74569	OK	Stringtown
74570	OK	Stuart|Ashland
74571	OK	Talihina
74572	OK	Tupelo
74574	OK	Tuskahoma
74576	OK	Wardville
74577	OK	Whitesboro
74578	OK	Wilburton|Gowen|Panola
74601	OK	Ponca City|White Eagle
74602	OK	Ponca City
74604	OK	Ponca City|Kildare|McCord
74630	OK	Billings
74631	OK	Blackwell
74632	OK	Braman
74633	OK	Burbank
74636	OK	Deer Creek
74637	OK	Fairfax
74640	OK	Hunter
74641	OK	Kaw City
74643	OK	Lamont
74644	OK	Marland
74646	OK	Nardin
74647	OK	Newkirk|Peckham
74650	OK	Ralston
74651	OK	Red Rock
74652	OK	Shidler|Foraker|Webb City|Grainola
74653	OK	Tonkawa|Tonkawa Tribal Housing
74701	OK	Durant|Silo|Blue
74702	OK	Durant
74720	OK	Achille
74721	OK	Albany
74722	OK	Battiest
74723	OK	Bennington
74724	OK	Bethel
74726	OK	Bokchito|Albany|Blue|Utica
74727	OK	Boswell
74728	OK	Broken Bow|Hochatown
74729	OK	Caddo|Kenefic|Armstrong
74730	OK	Calera|Colbert|Platter
74731	OK	Cartwright
74733	OK	Colbert|Cartwright
74734	OK	Eagletown
74735	OK	Fort Towson
74736	OK	Garvin|Millerton
74737	OK	Golden
74738	OK	Grant
74740	OK	Haworth
74741	OK	Hendrix|Kemp
74743	OK	Hugo|Sawyer|Grant
74745	OK	Idabel|Garvin
74747	OK	Kemp
74748	OK	Kenefic|Bee
74750	OK	Millerton
74752	OK	Pickens
74753	OK	Platter
74754	OK	Ringold
74755	OK	Rufe
74756	OK	Sawyer|Fort Towson
74759	OK	Soper
74760	OK	Spencerville
74761	OK	Swink
74764	OK	Valliant|Millerton
74766	OK	Wright City
74801	OK	Shawnee|Bethel Acres|Tecumseh|Earlsboro
74802	OK	Shawnee
74804	OK	Shawnee|Johnson|Earlsboro|McLoud
74818	OK	Seminole
74820	OK	Ada|Byng|Pickett|Latta|Vanoss
74821	OK	Ada
74824	OK	Agra
74825	OK	Allen|Gerty
74826	OK	Asher|St. Louis
74827	OK	Atwood
74829	OK	Boley|IXL
74830	OK	Bowlegs
74831	OK	Byars|Rosedale
74832	OK	Carney
74833	OK	Castle|IXL|Welty
74834	OK	Chandler|Warwick
74836	OK	Connerville|Pontotoc
74837	OK	Cromwell
74839	OK	Dustin
74840	OK	Earlsboro
74842	OK	Fittstown
74843	OK	Fitzhugh
74844	OK	Francis
74845	OK	Hanna
74848	OK	Holdenville|Horntown|Spaulding|Yeager
74849	OK	Konawa
74850	OK	Lamar
74851	OK	Mcloud|Oklahoma City|Bethel Acres|Dale
74852	OK	Macomb|Tribbey|Pink
74854	OK	Maud
74855	OK	Meeker
74856	OK	Mill Creek
74857	OK	Oklahoma City|Newalla|Norman
74859	OK	Okemah|Bearden|Castle|Cromwell
74860	OK	Paden
74864	OK	Prague
74865	OK	Roff|Fitzhugh|Hickory
74866	OK	St. Louis|Saint Louis
74867	OK	Sasakwa
74868	OK	Seminole|Bowlegs
74869	OK	Sparks
74871	OK	Stonewall|Pontotoc
74872	OK	Stratford
74873	OK	Tecumseh|Pink|Brooksville|Bethel Acres|Macomb
74875	OK	Tryon
74878	OK	Wanette|Tribbey
74880	OK	Weleetka|Clearview|Bryant
74881	OK	Wellston|Warwick|Fallis
74883	OK	Wetumka
74884	OK	Wewoka|Seminole|Lima|Dixon
74901	OK	Arkoma
74902	OK	Pocola
74930	OK	Bokoshe
74931	OK	Bunch|Greasy|Cave Spring|Flute Springs|Tenkiller|Dry Creek|Barber|Rocky Mountain
74932	OK	Cameron|Rock Island
74935	OK	Fanshawe
74936	OK	Gans|Brent
74937	OK	Heavener|Hodgen
74939	OK	Hodgen
74940	OK	Howe|Poteau|Monroe
74941	OK	Keota|Cowlington
74942	OK	Le Flore|Leflore
74943	OK	Lequire
74944	OK	Mccurtain|Lequire
74945	OK	Marble City
74946	OK	Moffett
74947	OK	Monroe
74948	OK	Muldrow|Moffett|Nicut|Short|Remy|Belfonte|Long|Liberty|Elohim City
74949	OK	Muse|Whitesboro
74951	OK	Panama
74953	OK	Poteau|Monroe
74954	OK	Roland|Moffett|Remy
74955	OK	Sallisaw|Brushy|Stoney Point|Akins|Brent|Nicut|Badger Lee|Hanson
74956	OK	Shady Point
74957	OK	Smithville
74959	OK	Spiro|Fort Coffee
74960	OK	Stilwell|Rocky Mountain|Lyons Switch|Cherry Tree|Wauhillau|Peavine|West Peavine|Welling|Eldon|Titanic|Fairfield|Bell|Piney|Honey Hill|Elm Grove|Marietta|Zion|Mulberry|Christie
74962	OK	Vian|Carlisle|Evening Shade|Pinhook Corner|Dwight Mission|Box|Redbird Smith|Blackgum
74963	OK	Watson
74964	OK	Watts|West Siloam Springs|Chewey|Chance
74965	OK	Westville|Watts|Christie|Proctor|Baron|Chance|Old Green|Peavine
74966	OK	Wister|Fanshawe|Poteau
75001	TX	Addison
75002	TX	Allen|Lucas|Parker|Fairview|Seis Lagos
75006	TX	Carrollton
75007	TX	Carrollton
75009	TX	Celina|Weston
75010	TX	Carrollton|Hebron
75011	TX	Carrollton
75013	TX	Allen
75014	TX	Irving
75015	TX	Irving
75016	TX	Irving
75017	TX	Irving
75019	TX	Coppell|Dallas|Carrollton
75020	TX	Denison
75021	TX	Denison
75022	TX	Flower Mound|Bartonville|Double Oak
75023	TX	Plano
75024	TX	Plano
75025	TX	Plano
75026	TX	Plano
75027	TX	Flower Mound
75028	TX	Flower Mound
75029	TX	Lewisville
75030	TX	Rowlett
75032	TX	Rockwall|McLendon-Chisholm|Heath
75033	TX	Frisco
75034	TX	Frisco
75035	TX	Frisco
75036	TX	Frisco|The Colony|Hackberry|Little Elm
75038	TX	Irving
75039	TX	Irving
75040	TX	Garland
75041	TX	Garland
75042	TX	Garland
75043	TX	Garland
75044	TX	Garland
75045	TX	Garland
75046	TX	Garland
75047	TX	Garland
75048	TX	Sachse|Garland
75049	TX	Garland
75050	TX	Grand Prairie
75051	TX	Grand Prairie|Dallas
75052	TX	Grand Prairie|Dallas
75053	TX	Grand Prairie
75054	TX	Grand Prairie
75056	TX	The Colony|Lewisville|Hebron
75057	TX	Lewisville
75058	TX	Gunter
75059	TX	Irving
75060	TX	Irving
75061	TX	Irving
75062	TX	Irving
75063	TX	Irving
75064	TX	Irving
75065	TX	Hickory Creek|Lake Dallas
75067	TX	Lewisville
75068	TX	Little Elm|Oak Point|Lakewood Village|Paloma Creek South
75069	TX	Mckinney|Fairview|Lowry Crossing
75070	TX	McKinney
75071	TX	Mckinney|New Hope
75072	TX	McKinney
75074	TX	Plano
75075	TX	Plano
75076	TX	Pottsboro|Preston
75077	TX	Lewisville|Highland Village|Copper Canyon|Double Oak
75078	TX	Prosper|Celina
75080	TX	Richardson
75081	TX	Richardson
75082	TX	Richardson
75083	TX	Richardson
75085	TX	Richardson
75086	TX	Plano
75087	TX	Rockwall|Fate|Mobile City
75088	TX	Rowlett
75089	TX	Rowlett|Garland
75090	TX	Sherman|Tom Bean
75091	TX	Sherman
75092	TX	Sherman|Southmayd|Howe|Knollwood|Dorchester|Sadler
75093	TX	Plano|Hebron
75094	TX	Murphy|Plano|Parker
75097	TX	Weston
75098	TX	Wylie|St. Paul|Sachse|Seis Lagos
75099	TX	Coppell
75101	TX	Bardwell
75102	TX	Barry
75103	TX	Canton
75104	TX	Cedar Hill|Grand Prairie
75105	TX	Chatfield
75106	TX	Cedar Hill
75109	TX	Corsicana|Angus|Eureka|Mildred|Navarro|Mustang
75110	TX	Corsicana|Retreat|Oak Valley|Angus|Emhouse
75114	TX	Crandall|Heartland
75115	TX	DeSoto
75116	TX	Duncanville
75117	TX	Edgewood
75118	TX	Elmo
75119	TX	Ennis|Alma|Garrett|Bristol
75120	TX	Ennis
75121	TX	Copeville
75123	TX	Desoto
75124	TX	Eustace|Payne Springs
75125	TX	Ferris
75126	TX	Forney|Mesquite|Talty|Heath|Heartland|Travis Ranch
75127	TX	Fruitvale
75132	TX	Fate
75134	TX	Lancaster|Dallas|Hutchins
75135	TX	Caddo Mills
75137	TX	Duncanville
75138	TX	Duncanville
75140	TX	Grand Saline
75141	TX	Hutchins
75142	TX	Kaufman|Oak Ridge|Post Oak Bend City|Oak Grove
75143	TX	Kemp|Tool|Seven Points|Mabank
75144	TX	Kerens|Goodlow|Powell
75146	TX	Lancaster|Wilmer|Ferris|Bear Creek Ranch
75147	TX	Mabank
75148	TX	Malakoff|Caney City|Log Cabin|Star Harbor
75149	TX	Mesquite
75150	TX	Mesquite
75151	TX	Corsicana
75152	TX	Palmer|Garrett
75153	TX	Powell
75154	TX	Red Oak|Glenn Heights|Ovilla|Oak Leaf|Pecan Hill
75155	TX	Rice
75156	TX	Mabank|Gun Barrel City|Payne Springs|Enchanted Oaks
75157	TX	Rosser
75158	TX	Scurry|Cottonwood|Grays Prairie|Rosser
75159	TX	Seagoville|Combine
75160	TX	Terrell|Talty
75161	TX	Terrell|Oak Ridge|Elmo
75163	TX	Trinidad
75164	TX	Josephine
75165	TX	Waxahachie|Ennis|Pecan Hill
75166	TX	Lavon|Wylie|Dallas
75167	TX	Waxahachie|Maypearl
75168	TX	Waxahachie
75169	TX	Wills Point|Myrtle Springs
75172	TX	Wilmer|Hutchins
75173	TX	Nevada|Josephine
75180	TX	Balch Springs
75181	TX	Mesquite|Balch Springs
75182	TX	Sunnyvale
75185	TX	Mesquite
75187	TX	Mesquite
75189	TX	Royse City|Fate|Union Valley|Josephine
75201	TX	Dallas
75202	TX	Dallas
75203	TX	Dallas
75204	TX	Dallas
75205	TX	Dallas|Highland Park|University Park
75206	TX	Dallas
75207	TX	Dallas
75208	TX	Dallas
75209	TX	Dallas|Highland Park
75210	TX	Dallas
75211	TX	Dallas|Cockrell Hill
75212	TX	Dallas
75214	TX	Dallas
75215	TX	Dallas
75216	TX	Dallas
75217	TX	Dallas
75218	TX	Dallas
75219	TX	Dallas
75220	TX	Dallas
75221	TX	Dallas
75222	TX	Dallas
75223	TX	Dallas
75224	TX	Dallas
75225	TX	Dallas|University Park
75226	TX	Dallas
75227	TX	Dallas
75228	TX	Dallas
75229	TX	Dallas
75230	TX	Dallas
75231	TX	Dallas
75232	TX	Dallas|DeSoto
75233	TX	Dallas
75234	TX	Farmers Branch|Dallas
75235	TX	Dallas
75236	TX	Dallas
75237	TX	Dallas
75238	TX	Dallas
75240	TX	Dallas
75241	TX	Dallas|Hutchins
75242	TX	Dallas
75243	TX	Dallas
75244	TX	Farmers Branch|Dallas
75246	TX	Dallas
75247	TX	Dallas
75248	TX	Dallas
75249	TX	Dallas
75250	TX	Dallas
75251	TX	Dallas
75252	TX	Dallas
75253	TX	Dallas
75254	TX	Dallas|Addison
75260	TX	Dallas
75261	TX	Grapevine|Dallas|Euless
75262	TX	Dallas
75263	TX	Dallas
75264	TX	Dallas
75265	TX	Dallas
75266	TX	Dallas
75267	TX	Dallas
75270	TX	Dallas
75275	TX	Dallas
75277	TX	Dallas
75283	TX	Dallas
75284	TX	Dallas
75285	TX	Dallas
75287	TX	Dallas
75301	TX	Dallas
75303	TX	Dallas
75312	TX	Dallas
75313	TX	Dallas
75315	TX	Dallas
75320	TX	Dallas
75326	TX	Dallas
75336	TX	Dallas
75339	TX	Dallas
75342	TX	Dallas
75354	TX	Dallas
75355	TX	Dallas
75356	TX	Dallas
75357	TX	Dallas
75358	TX	Dallas
75359	TX	Dallas
75360	TX	Dallas
75367	TX	Dallas
75368	TX	Dallas
75370	TX	Dallas
75371	TX	Dallas
75372	TX	Dallas
75373	TX	Dallas
75374	TX	Dallas
75376	TX	Dallas
75378	TX	Dallas
75379	TX	Dallas
75380	TX	Dallas
75381	TX	Dallas
75382	TX	Dallas
75389	TX	Dallas
75390	TX	Dallas
75391	TX	Dallas
75392	TX	Dallas
75393	TX	Dallas
75394	TX	Dallas
75395	TX	Dallas
75397	TX	Dallas
75398	TX	Dallas
75401	TX	Greenville|Neylandville
75402	TX	Greenville
75403	TX	Greenville
75404	TX	Greenville
75407	TX	Princeton|Lowry Crossing
75409	TX	Anna|Westminster
75410	TX	Alba
75411	TX	Arthur City
75412	TX	Bagwell
75413	TX	Bailey
75414	TX	Bells
75415	TX	Ben Franklin
75416	TX	Blossom
75417	TX	Bogata
75418	TX	Bonham
75420	TX	Brashear
75421	TX	Brookston|Toco
75422	TX	Campbell
75423	TX	Celeste
75424	TX	Blue Ridge
75425	TX	Chicota
75426	TX	Clarksville
75428	TX	Commerce
75429	TX	Commerce
75431	TX	Como
75432	TX	Cooper
75433	TX	Cumby
75434	TX	Cunningham
75435	TX	Deport
75436	TX	Detroit
75437	TX	Dike
75438	TX	Dodd City
75439	TX	Ector
75440	TX	Emory
75441	TX	Enloe
75442	TX	Farmersville
75443	TX	Gober
75444	TX	Golden
75446	TX	Honey Grove
75447	TX	Ivanhoe
75448	TX	Klondike
75449	TX	Ladonia|Pecan Gap
75450	TX	Lake Creek
75451	TX	Leesburg
75452	TX	Leonard|Bailey
75453	TX	Lone Oak|East Tawakoni
75454	TX	Melissa
75455	TX	Mount Pleasant|Winfield
75456	TX	Mount Pleasant
75457	TX	Mount Vernon
75458	TX	Merit
75459	TX	Howe|Gunter|Dorchester
75460	TX	Paris
75461	TX	Paris
75462	TX	Paris|Reno|Sun Valley
75468	TX	Pattonville
75469	TX	Pecan Gap
75470	TX	Petty
75471	TX	Pickton
75472	TX	Point|East Tawakoni
75473	TX	Powderly
75474	TX	Quinlan|West Tawakoni|Hawk Cove|Union Valley
75475	TX	Randolph
75476	TX	Ravenna
75477	TX	Roxton
75478	TX	Saltillo
75479	TX	Savoy
75480	TX	Scroggins
75481	TX	Sulphur Bluff
75482	TX	Sulphur Springs|Tira
75483	TX	Sulphur Springs
75485	TX	Westminster
75486	TX	Sumner
75487	TX	Talco
75488	TX	Telephone
75489	TX	Tom Bean
75490	TX	Trenton
75491	TX	Whitewright
75492	TX	Windom
75493	TX	Winfield|Miller's Cove
75494	TX	Winnsboro
75495	TX	Van Alstyne
75496	TX	Wolfe City|Bailey
75497	TX	Yantis
75501	TX	Texarkana|Wake Village|Nash|Redwater
75503	TX	Texarkana|Red Lick|Leary
75504	TX	Texarkana
75505	TX	Texarkana
75507	TX	Texarkana
75550	TX	Annona
75551	TX	Atlanta
75554	TX	Avery
75555	TX	Bivins|McLeod
75556	TX	Bloomburg
75558	TX	Cookville
75559	TX	De Kalb
75560	TX	Douglassville
75561	TX	Hooks|Leary
75562	TX	Kildare
75563	TX	Linden
75564	TX	Lodi
75565	TX	Mc Leod|McLeod
75566	TX	Marietta
75567	TX	Maud|Redwater
75568	TX	Naples
75569	TX	Nash
75570	TX	New Boston
75571	TX	Omaha
75572	TX	Queen City|Domino
75573	TX	Redwater
75574	TX	Simms
75599	TX	Texarkana
75601	TX	Longview
75602	TX	Longview
75603	TX	Longview|Lakeport|Easton|Lake Cherokee
75604	TX	Longview|Clarksville City|White Oak|East Mountain
75605	TX	Longview
75606	TX	Longview
75607	TX	Longview
75608	TX	Longview
75615	TX	Longview
75630	TX	Avinger
75631	TX	Beckville
75633	TX	Carthage
75636	TX	Cason
75637	TX	Clayton
75638	TX	Daingerfield
75639	TX	De Berry
75640	TX	Diana|Ore City
75641	TX	Easton
75642	TX	Elysian Fields
75643	TX	Gary|Gary City
75644	TX	Gilmer
75645	TX	Gilmer|East Mountain
75647	TX	Gladewater|Clarksville City|Warren City|Union Grove|East Mountain|Liberty City
75650	TX	Hallsville
75651	TX	Harleton
75652	TX	Henderson|Lake Cherokee
75653	TX	Henderson
75654	TX	Henderson
75656	TX	Hughes Springs
75657	TX	Jefferson|Pine Harbor
75658	TX	Joinerville
75659	TX	Jonesville
75660	TX	Judson
75661	TX	Karnack|Uncertain
75662	TX	Kilgore|Liberty City
75663	TX	Kilgore
75666	TX	Laird Hill
75667	TX	Laneville
75668	TX	Lone Star
75669	TX	Long Branch
75670	TX	Marshall
75671	TX	Marshall
75672	TX	Marshall|Scottsville
75680	TX	Minden
75681	TX	Mount Enterprise
75682	TX	New London
75683	TX	Ore City
75684	TX	Overton|New London
75685	TX	Panola
75686	TX	Pittsburg|Rocky Mound
75687	TX	Price
75688	TX	Scottsville
75689	TX	Selman City
75691	TX	Tatum|Lake Cherokee
75692	TX	Waskom
75693	TX	White Oak|Clarksville City
75694	TX	Woodlawn
75701	TX	Tyler
75702	TX	Tyler
75703	TX	Tyler|Noonday
75704	TX	Tyler
75705	TX	Tyler
75706	TX	Tyler|Lindale
75707	TX	Tyler|New Chapel Hill
75708	TX	Tyler
75709	TX	Tyler
75710	TX	Tyler
75711	TX	Tyler
75712	TX	Tyler
75713	TX	Tyler
75750	TX	Arp
75751	TX	Athens
75752	TX	Athens
75754	TX	Ben Wheeler|Edom
75755	TX	Big Sandy
75756	TX	Brownsboro|Edom
75757	TX	Bullard|Shadybrook|Emerald Bay
75758	TX	Chandler|Sunrise Shores
75759	TX	Cuney
75760	TX	Cushing
75762	TX	Flint|Noonday
75763	TX	Frankston|Coffee City|Berryville|Poynor
75764	TX	Gallatin
75765	TX	Hawkins|Holly Lake Ranch
75766	TX	Jacksonville|New Summerfield|Gallatin
75770	TX	Larue|Poynor|Moore Station
75771	TX	Lindale|Hideaway
75772	TX	Maydelle
75773	TX	Mineola
75778	TX	Murchison|Callender Lake
75779	TX	Neches
75780	TX	New Summerfield
75782	TX	Poynor
75783	TX	Quitman
75784	TX	Reklaw
75785	TX	Rusk|Gallatin
75788	TX	Sacul
75789	TX	Troup
75790	TX	Van
75791	TX	Whitehouse
75792	TX	Winona
75797	TX	Big Sandy
75798	TX	Tyler
75799	TX	Tyler
75801	TX	Palestine
75802	TX	Palestine
75803	TX	Palestine|Neches
75831	TX	Buffalo
75832	TX	Cayuga
75833	TX	Centerville
75834	TX	Centralia
75835	TX	Crockett|Latexo
75838	TX	Donie
75839	TX	Elkhart
75840	TX	Fairfield
75844	TX	Grapeland
75845	TX	Groveton
75846	TX	Jewett
75847	TX	Kennard
75848	TX	Kirvin
75849	TX	Latexo
75850	TX	Leona
75851	TX	Lovelady
75852	TX	Midway
75853	TX	Montalba
75855	TX	Oakwood
75856	TX	Pennington
75858	TX	Ratcliff
75859	TX	Streetman|Richland|Kirvin
75860	TX	Teague
75861	TX	Tennessee Colony
75862	TX	Trinity|Westwood Shores
75865	TX	Woodlake
75880	TX	Tennessee Colony
75882	TX	Palestine
75884	TX	Tennessee Colony
75886	TX	Tennessee Colony
75901	TX	Lufkin|Redland
75902	TX	Lufkin
75903	TX	Lufkin
75904	TX	Lufkin|Hudson|Redland
75915	TX	Lufkin
75925	TX	Alto
75926	TX	Apple Springs
75928	TX	Bon Wier
75929	TX	Broaddus
75930	TX	Bronson
75931	TX	Brookeland|Browndell|Sam Rayburn
75932	TX	Burkeville|South Toledo Bend
75933	TX	Call
75934	TX	Camden
75935	TX	Center|Shelbyville
75936	TX	Chester
75937	TX	Chireno
75938	TX	Colmesneil
75939	TX	Corrigan|Pleasant Hill
75941	TX	Diboll|Burke
75942	TX	Doucette
75943	TX	Douglass
75944	TX	Etoile
75946	TX	Garrison
75948	TX	Hemphill|Milam
75949	TX	Huntington
75951	TX	Jasper
75954	TX	Joaquin
75956	TX	Kirbyville
75958	TX	Martinsville
75959	TX	Milam
75960	TX	Moscow|Seven Oaks
75961	TX	Nacogdoches
75962	TX	Nacogdoches
75963	TX	Nacogdoches
75964	TX	Nacogdoches|Redfield
75965	TX	Nacogdoches|Appleby|Redfield
75966	TX	Newton
75968	TX	Pineland
75969	TX	Pollok
75972	TX	San Augustine|Broaddus
75973	TX	Shelbyville|Huxley
75974	TX	Tenaha
75975	TX	Timpson
75976	TX	Wells
75977	TX	Wiergate
75978	TX	Woden
75979	TX	Woodville|Ivanhoe
75980	TX	Zavalla
75990	TX	Woodville
76001	TX	Arlington
76002	TX	Arlington
76003	TX	Arlington
76004	TX	Arlington
76005	TX	Arlington
76006	TX	Arlington|Fort Worth
76007	TX	Arlington
76008	TX	Aledo|Fort Worth|Annetta|Annetta North|Annetta South|Willow Park
76009	TX	Alvarado|Keene|Coyote Flats|The Homesteads
76010	TX	Arlington
76011	TX	Arlington
76012	TX	Arlington
76013	TX	Arlington|Pantego|Dalworthington Gardens
76014	TX	Arlington
76015	TX	Arlington|Dalworthington Gardens
76016	TX	Arlington|Dalworthington Gardens
76017	TX	Arlington
76018	TX	Arlington
76019	TX	Arlington
76020	TX	Azle|Reno|Sanctuary|Pelican Bay|Briar
76021	TX	Bedford
76022	TX	Bedford
76023	TX	Boyd|Briar
76028	TX	Burleson|Fort Worth|Cross Timber|Briaroaks|Rendon
76031	TX	Cleburne|Coyote Flats|Keene
76033	TX	Cleburne
76034	TX	Colleyville
76035	TX	Cresson
76036	TX	Crowley|Fort Worth
76039	TX	Euless
76040	TX	Euless|Fort Worth
76041	TX	Forreston
76043	TX	Glen Rose
76044	TX	Godley
76048	TX	Granbury|Stockton Bend|Oak Trail Shores|Canyon Creek
76049	TX	Granbury|Cresson|DeCordova|Stockton Bend|Pecan Plantation
76050	TX	Grandview
76051	TX	Grapevine
76052	TX	Haslet|Fort Worth
76053	TX	Hurst|Fort Worth
76054	TX	Hurst
76055	TX	Itasca
76058	TX	Joshua|Burleson|Cleburne
76059	TX	Keene
76060	TX	Kennedale|Fort Worth
76061	TX	Lillian
76063	TX	Mansfield|Rendon
76064	TX	Maypearl
76065	TX	Midlothian|Grand Prairie
76066	TX	Millsap|Cool
76067	TX	Mineral Wells
76068	TX	Mineral Wells
76070	TX	Nemo
76071	TX	Newark|Pecan Acres
76073	TX	Paradise
76077	TX	Rainbow|Glen Rose
76078	TX	Rhome|New Fairview|Aurora
76082	TX	Springtown|Reno|Carter
76084	TX	Venus
76085	TX	Weatherford|Carter
76086	TX	Weatherford
76087	TX	Weatherford|Willow Park|Hudson Oaks|Western Lake|Horseshoe Bend
76088	TX	Weatherford|Mineral Wells|Cool|Garner
76092	TX	Southlake
76093	TX	Rio Vista
76094	TX	Arlington
76095	TX	Bedford
76096	TX	Arlington
76097	TX	Burleson
76098	TX	Azle
76099	TX	Grapevine
76101	TX	Fort Worth
76102	TX	Fort Worth
76103	TX	Fort Worth
76104	TX	Fort Worth
76105	TX	Fort Worth
76106	TX	Fort Worth
76107	TX	Fort Worth|Westover Hills
76108	TX	Fort Worth|White Settlement|Lakeside
76109	TX	Fort Worth
76110	TX	Fort Worth
76111	TX	Fort Worth
76112	TX	Fort Worth
76113	TX	Fort Worth
76114	TX	Fort Worth|Westworth Village|River Oaks|Sansom Park|White Settlement
76115	TX	Fort Worth
76116	TX	Fort Worth|Benbrook
76117	TX	Haltom City|Fort Worth
76118	TX	Fort Worth|Richland Hills
76119	TX	Fort Worth|Forest Hill
76120	TX	Fort Worth
76121	TX	Fort Worth
76122	TX	Fort Worth
76123	TX	Fort Worth
76124	TX	Fort Worth
76126	TX	Fort Worth|Benbrook
76127	TX	Fort Worth|Naval Air Station Jrb
76129	TX	Fort Worth
76130	TX	Fort Worth
76131	TX	Fort Worth|Saginaw|Blue Mound
76132	TX	Fort Worth|Benbrook
76133	TX	Fort Worth
76134	TX	Fort Worth|Edgecliff Village
76135	TX	Fort Worth|Lake Worth|Lakeside
76136	TX	Fort Worth
76137	TX	Fort Worth|Haltom City|Watauga
76140	TX	Fort Worth|Forest Hill|Everman|Kennedale|Rendon
76147	TX	Fort Worth
76148	TX	Watauga|Fort Worth|Haltom City
76150	TX	Fort Worth
76155	TX	Fort Worth
76161	TX	Fort Worth
76162	TX	Fort Worth
76163	TX	Fort Worth
76164	TX	Fort Worth
76166	TX	Fort Worth
76177	TX	Fort Worth|Haslet
76179	TX	Fort Worth|Saginaw|Pecan Acres
76180	TX	North Richland Hills
76181	TX	Fort Worth
76182	TX	North Richland Hills
76185	TX	Fort Worth
76190	TX	Fort Worth
76191	TX	Fort Worth
76192	TX	Fort Worth
76193	TX	Fort Worth
76195	TX	Fort Worth
76196	TX	Fort Worth
76197	TX	Fort Worth
76198	TX	Fort Worth
76199	TX	Fort Worth
76201	TX	Denton
76202	TX	Denton
76203	TX	Denton
76204	TX	Denton
76205	TX	Denton
76206	TX	Denton
76207	TX	Denton
76208	TX	Denton|Shady Shores|Corinth
76209	TX	Denton
76210	TX	Denton|Corinth
76225	TX	Alvord
76226	TX	Argyle|Bartonville|Denton|Flower Mound|Northlake|Copper Canyon|Highland Village|Draper|Lantana
76227	TX	Aubrey|Cross Roads|Denton|Little Elm|Providence Village|Krugerville|Savannah|Paloma Creek
76228	TX	Bellevue
76230	TX	Bowie
76233	TX	Collinsville
76234	TX	Decatur|Rhome
76238	TX	Era
76239	TX	Forestburg
76240	TX	Gainesville|Callisburg|Lindsay|Oak Ridge|Lake Kiowa
76241	TX	Gainesville
76244	TX	Fort Worth|Keller
76245	TX	Gordonville|Sherwood Shores
76246	TX	Greenwood
76247	TX	Justin|Northlake|New Fairview|DISH
76248	TX	Keller|Westlake
76249	TX	Krum
76250	TX	Lindsay
76251	TX	Montague
76252	TX	Muenster|Myra
76253	TX	Myra
76255	TX	Nocona|Nocona Hills
76258	TX	Pilot Point|Aubrey
76259	TX	Ponder|Denton
76261	TX	Ringgold
76262	TX	Roanoke|Northlake|Westlake|Fort Worth|Trophy Club|Flower Mound|Keller
76263	TX	Rosston
76264	TX	Sadler
76265	TX	Saint Jo|St. Jo
76266	TX	Sanger
76267	TX	Slidell
76268	TX	Southmayd
76270	TX	Sunset
76271	TX	Tioga|Gunter
76272	TX	Valley View|Road Runner
76273	TX	Whitesboro|Southmayd|Sadler
76301	TX	Wichita Falls
76302	TX	Wichita Falls
76305	TX	Wichita Falls|Dean|Cashion Community|Pleasant Valley|Jolly
76306	TX	Wichita Falls
76307	TX	Wichita Falls
76308	TX	Wichita Falls|Lakeside City
76309	TX	Wichita Falls
76310	TX	Wichita Falls|Holliday|Jolly
76311	TX	Wichita Falls|Sheppard Afb
76351	TX	Archer City
76352	TX	Bluegrove
76354	TX	Burkburnett
76357	TX	Byers
76360	TX	Electra
76363	TX	Goree
76364	TX	Harrold
76365	TX	Henrietta|Jolly
76366	TX	Holliday
76367	TX	Iowa Park|Pleasant Valley
76369	TX	Kamay
76370	TX	Megargel
76371	TX	Munday
76372	TX	Newcastle|Elbert
76373	TX	Oklaunion
76374	TX	Olney
76377	TX	Petrolia
76379	TX	Scotland
76380	TX	Seymour
76384	TX	Vernon|Lockett
76385	TX	Vernon
76388	TX	Weinert
76389	TX	Windthorst
76401	TX	Stephenville|Huckabay|Lingleville
76402	TX	Stephenville
76424	TX	Breckenridge
76426	TX	Bridgeport|Runaway Bay|Lake Bridgeport
76427	TX	Bryson
76429	TX	Caddo
76430	TX	Albany
76431	TX	Chico
76432	TX	Blanket
76433	TX	Bluff Dale
76435	TX	Carbon
76436	TX	Carlton
76437	TX	Cisco
76439	TX	Dennis
76442	TX	Comanche|Priddy
76443	TX	Cross Plains
76444	TX	De Leon
76445	TX	Desdemona
76446	TX	Dublin|Proctor|Lingleville
76448	TX	Eastland
76449	TX	Graford
76450	TX	Graham
76452	TX	Energy
76453	TX	Gordon
76454	TX	Gorman
76455	TX	Gustine|Lamkin
76457	TX	Hico
76458	TX	Jacksboro
76459	TX	Jermyn
76460	TX	Loving
76461	TX	Lingleville
76462	TX	Lipan|Dennis
76463	TX	Mingus
76464	TX	Moran
76465	TX	Morgan Mill
76466	TX	Olden
76467	TX	Paluxy
76468	TX	Proctor
76469	TX	Putnam
76470	TX	Ranger
76471	TX	Rising Star
76472	TX	Santo|Brazos
76474	TX	Sidney
76475	TX	Strawn
76476	TX	Tolar
76481	TX	South Bend
76483	TX	Throckmorton
76484	TX	Palo Pinto
76485	TX	Peaster
76486	TX	Perrin
76487	TX	Poolville
76490	TX	Whitt
76491	TX	Woodson
76501	TX	Temple|Troy|Pendleton
76502	TX	Temple
76503	TX	Temple
76504	TX	Temple
76508	TX	Temple
76511	TX	Bartlett
76513	TX	Belton|Morgan's Point Resort|Harker Heights|Nolanville
76518	TX	Buckholts
76519	TX	Burlington|Ben Arnold
76520	TX	Cameron
76522	TX	Copperas Cove|Kempner
76523	TX	Davilla
76524	TX	Eddy|Bruceville-Eddy
76525	TX	Evant
76526	TX	Flat
76527	TX	Florence
76528	TX	Gatesville|South Mountain|Flat|Mound
76530	TX	Granger
76531	TX	Hamilton
76533	TX	Heidenheimer
76534	TX	Holland
76537	TX	Jarrell|Sonterra
76538	TX	Jonesboro
76539	TX	Kempner
76540	TX	Killeen
76541	TX	Killeen
76542	TX	Killeen
76543	TX	Killeen
76544	TX	Fort Hood
76547	TX	Killeen
76548	TX	Harker Heights
76549	TX	Killeen
76550	TX	Lampasas
76554	TX	Little River Academy|Little River-Academy
76556	TX	Milano
76557	TX	Moody|Pendleton
76558	TX	Mound
76559	TX	Nolanville
76561	TX	Oglesby|McGregor
76564	TX	Pendleton
76565	TX	Pottsville
76566	TX	Purmela
76567	TX	Rockdale|Praesel
76569	TX	Rogers
76570	TX	Rosebud
76571	TX	Salado
76573	TX	Schwertner
76574	TX	Taylor|Coupland
76577	TX	Thorndale
76578	TX	Thrall
76579	TX	Troy|Pendleton
76596	TX	Gatesville
76597	TX	Gatesville
76598	TX	Gatesville
76599	TX	Gatesville
76621	TX	Abbott
76622	TX	Aquilla
76623	TX	Avalon
76624	TX	Axtell|Hallsburg
76626	TX	Blooming Grove
76627	TX	Blum
76628	TX	Brandon
76629	TX	Bremond
76630	TX	Bruceville|Bruceville-Eddy
76631	TX	Bynum
76632	TX	Chilton|Golinda
76633	TX	China Spring|Waco
76634	TX	Clifton|Laguna Park
76635	TX	Coolidge
76636	TX	Covington
76637	TX	Cranfills Gap
76638	TX	Crawford
76639	TX	Dawson
76640	TX	Elm Mott|Ross|Lacy-Lakeview
76641	TX	Frost
76642	TX	Groesbeck
76643	TX	Hewitt
76644	TX	Laguna Park
76645	TX	Hillsboro|Carl's Corner
76648	TX	Hubbard
76649	TX	Iredell
76650	TX	Irene
76651	TX	Italy
76652	TX	Kopperl
76653	TX	Kosse
76654	TX	Leroy
76655	TX	Lorena|Robinson|Golinda
76656	TX	Lott
76657	TX	Mc Gregor|McGregor
76660	TX	Malone
76661	TX	Marlin
76664	TX	Mart|Hallsburg
76665	TX	Meridian
76666	TX	Mertens
76667	TX	Mexia
76670	TX	Milford|Carl's Corner
76671	TX	Morgan
76673	TX	Mount Calm
76676	TX	Penelope
76678	TX	Prairie Hill
76679	TX	Purdon
76680	TX	Reagan
76681	TX	Richland
76682	TX	Riesel|Hallsburg
76684	TX	Ross
76685	TX	Satin
76686	TX	Tehuacana
76687	TX	Thornton
76689	TX	Valley Mills|Mosheim
76690	TX	Walnut Springs
76691	TX	West|Leroy|Ross|Gholson
76692	TX	Whitney
76693	TX	Wortham|Richland|Kirvin
76701	TX	Waco
76702	TX	Waco
76703	TX	Waco
76704	TX	Waco
76705	TX	Waco|Gholson|Bellmead|Lacy-Lakeview|Hallsburg
76706	TX	Waco|Robinson
76707	TX	Waco
76708	TX	Waco
76710	TX	Waco
76711	TX	Waco|Beverly Hills
76712	TX	Woodway|Waco|Willow Grove
76714	TX	Waco
76715	TX	Waco
76716	TX	Waco
76797	TX	Waco
76798	TX	Waco
76799	TX	Waco
76801	TX	Brownwood|Lake Brownwood
76802	TX	Early|Brownwood
76803	TX	Early
76804	TX	Brownwood
76820	TX	Art
76821	TX	Ballinger
76823	TX	Bangs
76824	TX	Bend
76825	TX	Brady
76827	TX	Brookesmith
76828	TX	Burkett
76831	TX	Castell
76832	TX	Cherokee
76834	TX	Coleman
76836	TX	Doole
76837	TX	Eden
76841	TX	Fort Mc Kavett
76842	TX	Fredonia
76844	TX	Goldthwaite
76845	TX	Gouldbusk
76848	TX	Hext
76849	TX	Junction
76852	TX	Lohn
76853	TX	Lometa
76854	TX	London
76855	TX	Lowake
76856	TX	Mason
76857	TX	May|Thunderbird Bay
76858	TX	Melvin
76859	TX	Menard
76861	TX	Miles
76862	TX	Millersview
76864	TX	Mullin
76865	TX	Norton
76866	TX	Paint Rock
76869	TX	Pontotoc
76870	TX	Priddy
76871	TX	Richland Springs
76872	TX	Rochelle
76873	TX	Rockwood
76874	TX	Roosevelt
76875	TX	Rowena
76877	TX	San Saba
76878	TX	Santa Anna
76880	TX	Star
76882	TX	Talpa
76883	TX	Telegraph
76884	TX	Valera
76885	TX	Valley Spring
76886	TX	Veribest
76887	TX	Voca
76888	TX	Voss
76890	TX	Zephyr
76901	TX	San Angelo|Grape Creek
76902	TX	San Angelo
76903	TX	San Angelo
76904	TX	San Angelo
76905	TX	San Angelo
76906	TX	San Angelo
76908	TX	San Angelo|Goodfellow Afb
76909	TX	San Angelo
76930	TX	Barnhart
76932	TX	Big Lake
76933	TX	Bronte
76934	TX	Carlsbad
76935	TX	Christoval
76936	TX	Eldorado
76937	TX	Eola
76939	TX	Knickerbocker
76940	TX	Mereta
76941	TX	Mertzon
76943	TX	Ozona
76945	TX	Robert Lee
76949	TX	Silver
76950	TX	Sonora
76951	TX	Sterling City
76953	TX	Tennyson
76955	TX	Vancourt
76957	TX	Wall
76958	TX	Water Valley
77001	TX	Houston
77002	TX	Houston
77003	TX	Houston
77004	TX	Houston
77005	TX	West University Place|Houston|Southside Place
77006	TX	Houston
77007	TX	Houston
77008	TX	Houston
77009	TX	Houston
77010	TX	Houston
77011	TX	Houston
77012	TX	Houston
77013	TX	Houston
77014	TX	Houston
77015	TX	Houston|Galena Park|Cloverleaf
77016	TX	Houston
77017	TX	Houston
77018	TX	Houston
77019	TX	Houston
77020	TX	Houston
77021	TX	Houston
77022	TX	Houston
77023	TX	Houston
77024	TX	Houston|Piney Point Village|Hunters Creek Village|Bunker Hill Village|Hedwig Village|Spring Valley Village
77025	TX	Houston|Southside Place
77026	TX	Houston
77027	TX	Houston
77028	TX	Houston
77029	TX	Houston|Jacinto City|Galena Park
77030	TX	Houston
77031	TX	Houston
77032	TX	Houston|Aldine
77033	TX	Houston
77034	TX	Houston
77035	TX	Houston
77036	TX	Houston
77037	TX	Houston|Aldine
77038	TX	Houston
77039	TX	Houston|Aldine
77040	TX	Houston|Jersey Village
77041	TX	Houston|Jersey Village
77042	TX	Houston
77043	TX	Houston
77044	TX	Houston|Atascocita
77045	TX	Houston
77046	TX	Houston
77047	TX	Houston|Pearland
77048	TX	Houston
77049	TX	Houston|Sheldon|Channelview
77050	TX	Houston
77051	TX	Houston
77052	TX	Houston
77053	TX	Houston
77054	TX	Houston
77055	TX	Houston|Spring Valley Village|Hilshire Village
77056	TX	Houston
77057	TX	Houston
77058	TX	Houston|Pasadena|Nassau Bay|Webster
77059	TX	Houston|Pasadena
77060	TX	Houston|Aldine
77061	TX	Houston
77062	TX	Houston
77063	TX	Houston|Piney Point Village|Hunters Creek Village
77064	TX	Houston|Jersey Village
77065	TX	Houston|Jersey Village
77066	TX	Houston
77067	TX	Houston
77068	TX	Houston
77069	TX	Houston
77070	TX	Houston
77071	TX	Houston|Missouri City
77072	TX	Houston
77073	TX	Houston
77074	TX	Houston
77075	TX	Houston
77076	TX	Houston
77077	TX	Houston
77078	TX	Houston
77079	TX	Houston
77080	TX	Houston
77081	TX	Houston
77082	TX	Houston
77083	TX	Houston|Mission Bend|Four Corners
77084	TX	Houston
77085	TX	Houston
77086	TX	Houston
77087	TX	Houston
77088	TX	Houston
77089	TX	Houston|Pearland
77090	TX	Houston
77091	TX	Houston
77092	TX	Houston
77093	TX	Houston
77094	TX	Houston
77095	TX	Houston
77096	TX	Houston
77098	TX	Houston
77099	TX	Houston
77201	TX	Houston
77202	TX	Houston
77203	TX	Houston
77204	TX	Houston
77205	TX	Houston
77206	TX	Houston
77207	TX	Houston
77208	TX	Houston
77209	TX	Houston
77210	TX	Houston
77212	TX	Houston
77213	TX	Houston
77215	TX	Houston
77216	TX	Houston
77217	TX	Houston
77218	TX	Houston
77219	TX	Houston
77220	TX	Houston
77221	TX	Houston
77222	TX	Houston
77223	TX	Houston
77224	TX	Houston
77225	TX	Houston
77226	TX	Houston
77227	TX	Houston
77228	TX	Houston
77229	TX	Houston
77230	TX	Houston
77231	TX	Houston
77233	TX	Houston
77234	TX	Houston
77235	TX	Houston
77236	TX	Houston
77237	TX	Houston
77238	TX	Houston
77240	TX	Houston
77241	TX	Houston
77242	TX	Houston
77243	TX	Houston
77244	TX	Houston
77245	TX	Houston
77248	TX	Houston
77249	TX	Houston
77251	TX	Houston
77252	TX	Houston
77253	TX	Houston
77254	TX	Houston
77255	TX	Houston
77256	TX	Houston
77257	TX	Houston
77258	TX	Houston
77259	TX	Houston
77261	TX	Houston
77262	TX	Houston
77263	TX	Houston
77265	TX	Houston
77266	TX	Houston
77267	TX	Houston
77268	TX	Houston
77269	TX	Houston
77270	TX	Houston
77271	TX	Houston
77272	TX	Houston
77273	TX	Houston
77274	TX	Houston
77275	TX	Houston
77277	TX	Houston
77279	TX	Houston
77280	TX	Houston
77282	TX	Houston
77284	TX	Houston
77287	TX	Houston
77288	TX	Houston
77289	TX	Houston
77290	TX	Houston
77291	TX	Houston
77292	TX	Houston
77293	TX	Houston
77297	TX	Houston
77299	TX	Houston
77301	TX	Conroe
77302	TX	Conroe|Grangerland
77303	TX	Conroe|Cut and Shoot
77304	TX	Conroe|Panorama Village
77305	TX	Conroe
77306	TX	Conroe|Cut and Shoot|Grangerland|Deerwood
77315	TX	North Houston
77316	TX	Montgomery
77318	TX	Willis|Conroe
77320	TX	Huntsville|Riverside
77325	TX	Kingwood
77326	TX	Ace
77327	TX	Cleveland|Plum Grove
77328	TX	Cleveland|North Cleveland
77331	TX	Coldspring|Cape Royale
77332	TX	Dallardsville
77333	TX	Dobbin
77334	TX	Dodge
77335	TX	Goodrich
77336	TX	Huffman|Houston
77337	TX	Hufsmith
77338	TX	Humble|Houston|Atascocita
77339	TX	Houston|Kingwood
77340	TX	Huntsville
77341	TX	Huntsville
77342	TX	Huntsville
77343	TX	Huntsville
77344	TX	Huntsville
77345	TX	Houston|Kingwood
77346	TX	Humble|Houston|Atascocita
77347	TX	Humble
77348	TX	Huntsville
77349	TX	Huntsville
77350	TX	Leggett
77351	TX	Livingston|Seven Oaks|West Livingston|Indian Springs|Big Thicket Lake Estates|Cedar Point
77353	TX	Magnolia
77354	TX	Magnolia|Pinehurst
77355	TX	Magnolia|Stagecoach
77356	TX	Montgomery
77357	TX	New Caney|Roman Forest|Woodbranch|Patton Village
77358	TX	New Waverly
77359	TX	Oakhurst
77360	TX	Onalaska
77362	TX	Pinehurst
77363	TX	Plantersville|Todd Mission|Pinebrook
77364	TX	Pointblank|Point Blank
77365	TX	Porter|Porter Heights
77367	TX	Riverside
77368	TX	Romayor
77369	TX	Rye|Big Thicket Lake Estates
77371	TX	Shepherd
77372	TX	Splendora|Patton Village
77373	TX	Spring|Houston
77374	TX	Thicket
77375	TX	Tomball|The Woodlands
77376	TX	Votaw
77377	TX	Tomball
77378	TX	Willis
77379	TX	Spring|Houston
77380	TX	Spring|Houston|Shenandoah|The Woodlands
77381	TX	Spring|Shenandoah|The Woodlands
77382	TX	Spring|The Woodlands
77383	TX	Spring
77384	TX	Conroe|Shenandoah|The Woodlands
77385	TX	Conroe|Oak Ridge North|Shenandoah|Woodloch|The Woodlands
77386	TX	Spring|Houston|Oak Ridge North
77387	TX	Spring
77388	TX	Spring|Houston
77389	TX	Spring|The Woodlands
77391	TX	Spring
77393	TX	Spring
77396	TX	Humble|Houston|Atascocita
77399	TX	Livingston
77401	TX	Bellaire
77402	TX	Bellaire
77404	TX	Bay City
77406	TX	Richmond|Fulshear|Pecan Grove
77407	TX	Richmond|Houston
77410	TX	Cypress
77411	TX	Alief
77412	TX	Altair
77413	TX	Barker
77414	TX	Bay City|Sargent|Wadsworth
77415	TX	Cedar Lane
77417	TX	Beasley|Kendleton
77418	TX	Bellville
77419	TX	Blessing
77420	TX	Boling|Iago
77422	TX	Brazoria|Wild Peach Village
77423	TX	Brookshire|Pattison
77426	TX	Chappell Hill
77428	TX	Collegeport
77429	TX	Cypress
77430	TX	Damon
77431	TX	Danciger
77432	TX	Danevang
77433	TX	Cypress
77434	TX	Eagle Lake
77435	TX	East Bernard
77436	TX	Egypt
77437	TX	El Campo
77440	TX	Elmaton
77441	TX	Fulshear|Weston Lakes
77442	TX	Garwood|Nada
77443	TX	Glen Flora
77444	TX	Guy
77445	TX	Hempstead|Pine Island|Prairie View|Waller
77446	TX	Prairie View
77447	TX	Hockley
77448	TX	Hungerford
77449	TX	Katy|Houston
77450	TX	Katy|Houston|Cinco Ranch
77451	TX	Kendleton
77452	TX	Kenney
77453	TX	Lane City
77454	TX	Lissie
77455	TX	Louise
77456	TX	Markham
77457	TX	Matagorda
77458	TX	Midfield
77459	TX	Missouri City|Sienna
77460	TX	Nada
77461	TX	Needville|Fairchilds|Pleak
77463	TX	Old Ocean
77464	TX	Orchard
77465	TX	Palacios
77466	TX	Pattison
77467	TX	Pierce
77468	TX	Pledger
77469	TX	Richmond|Rosenberg|Thompsons|Fairchilds|Pleak
77470	TX	Rock Island
77471	TX	Rosenberg|Pleak|Cumings
77473	TX	San Felipe
77474	TX	Sealy|San Felipe|Brazos Country|South Frydek
77475	TX	Sheridan
77476	TX	Simonton
77477	TX	Stafford|Meadows Place|Fifth Street
77478	TX	Sugar Land
77479	TX	Sugar Land
77480	TX	Sweeny
77481	TX	Thompsons
77482	TX	Van Vleck
77483	TX	Wadsworth
77484	TX	Waller|Prairie View
77485	TX	Wallis|Simonton
77486	TX	West Columbia|East Columbia
77487	TX	Sugar Land
77488	TX	Wharton
77489	TX	Missouri City|Houston
77491	TX	Katy
77492	TX	Katy
77493	TX	Katy
77494	TX	Katy|Houston|Cinco Ranch
77496	TX	Sugar Land
77497	TX	Stafford
77498	TX	Sugar Land|Four Corners
77501	TX	Pasadena
77502	TX	Pasadena
77503	TX	Pasadena
77504	TX	Pasadena|Houston
77505	TX	Pasadena
77506	TX	Pasadena|Houston
77507	TX	Pasadena
77508	TX	Pasadena
77510	TX	Santa Fe|Hitchcock|La Marque
77511	TX	Alvin|League City|Manvel|Hillcrest|Liverpool
77512	TX	Alvin
77514	TX	Anahuac|Oak Island
77515	TX	Angleton|Bailey's Prairie|Lake Jackson|Richwood|Holiday Lakes
77516	TX	Angleton
77517	TX	Santa Fe
77518	TX	Bacliff|Texas City
77519	TX	Batson
77520	TX	Baytown
77521	TX	Baytown
77522	TX	Baytown
77523	TX	Baytown|Mont Belvieu|Beach City|Cove|Old River-Winfree
77530	TX	Channelview
77531	TX	Clute|Richwood
77532	TX	Crosby|Barrett
77533	TX	Daisetta
77534	TX	Danbury
77535	TX	Dayton|Liberty|Mont Belvieu|Kenefick|Old River-Winfree|Dayton Lakes
77536	TX	Deer Park
77538	TX	Devers
77539	TX	Dickinson|Texas City|League City|San Leon
77541	TX	Freeport|Jones Creek|Oyster Creek|Surfside Beach|Quintana|Clute
77542	TX	Freeport
77545	TX	Fresno|Missouri City|Houston|Arcola
77546	TX	Friendswood|League City|Houston
77547	TX	Galena Park|Houston
77549	TX	Friendswood
77550	TX	Galveston
77551	TX	Galveston
77552	TX	Galveston
77553	TX	Galveston
77554	TX	Galveston|Jamaica Beach|Tiki Island
77555	TX	Galveston
77560	TX	Hankamer
77561	TX	Hardin
77562	TX	Highlands
77563	TX	Hitchcock|La Marque|Bayou Vista
77564	TX	Hull
77565	TX	Kemah|League City|Clear Lake Shores
77566	TX	Lake Jackson
77568	TX	La Marque|Texas City
77571	TX	La Porte|Houston|Morgan's Point|Deer Park|Shoreacres
77572	TX	La Porte
77573	TX	League City
77574	TX	League City
77575	TX	Liberty|Ames|Hardin
77577	TX	Liverpool
77578	TX	Manvel
77580	TX	Mont Belvieu
77581	TX	Pearland|Brookside Village
77582	TX	Raywood|Devers
77583	TX	Rosharon|Iowa Colony|Alvin|Arcola|Bonney|Sandy Point|Sienna
77584	TX	Pearland
77585	TX	Saratoga
77586	TX	Seabrook|Pasadena|Taylor Lake Village|El Lago
77587	TX	South Houston
77588	TX	Pearland
77590	TX	Texas City
77591	TX	Texas City
77592	TX	Texas City
77597	TX	Wallisville
77598	TX	Webster|Houston|League City
77611	TX	Bridge City
77612	TX	Buna|Evadale
77613	TX	China|Nome
77614	TX	Deweyville
77615	TX	Evadale
77616	TX	Fred
77617	TX	Gilchrist|Bolivar Peninsula
77619	TX	Groves
77622	TX	Hamshire
77623	TX	High Island|Bolivar Peninsula
77624	TX	Hillister
77625	TX	Kountze|Pinewood Estates|Wildwood
77626	TX	Mauriceville
77627	TX	Nederland|Beaumont|Central Gardens
77629	TX	Nome
77630	TX	Orange|West Orange|Pinehurst|Bridge City
77631	TX	Orange
77632	TX	Orange|Mauriceville|Little Cypress|Forest Heights|Deweyville
77639	TX	Orangefield
77640	TX	Port Arthur
77641	TX	Port Arthur
77642	TX	Port Arthur|Port Neches
77643	TX	Port Arthur
77650	TX	Port Bolivar|Bolivar Peninsula
77651	TX	Port Neches
77655	TX	Port Arthur|Sabine Pass
77656	TX	Silsbee
77657	TX	Lumberton|Rose Hill Acres
77659	TX	Sour Lake|Pinewood Estates
77660	TX	Spurger
77661	TX	Stowell
77662	TX	Vidor|Pine Forest|Rose City
77663	TX	Village Mills|Wildwood
77664	TX	Warren
77665	TX	Winnie|Stowell|Hamshire
77670	TX	Vidor
77701	TX	Beaumont
77702	TX	Beaumont
77703	TX	Beaumont
77704	TX	Beaumont
77705	TX	Beaumont|Taylor Landing|Fannett|Beauxart Gardens|Central Gardens
77706	TX	Beaumont
77707	TX	Beaumont
77708	TX	Beaumont
77710	TX	Beaumont
77713	TX	Beaumont|Bevil Oaks|China
77720	TX	Beaumont
77725	TX	Beaumont
77726	TX	Beaumont
77801	TX	Bryan
77802	TX	Bryan
77803	TX	Bryan
77805	TX	Bryan
77806	TX	Bryan
77807	TX	Bryan|Lake Bryan
77808	TX	Bryan|Kurten|Wixon Valley
77830	TX	Anderson
77831	TX	Bedias|Shiro
77833	TX	Brenham
77834	TX	Brenham
77835	TX	Burton
77836	TX	Caldwell|Beaver Creek|Cade Lakes|Tunis|Lyons|Deanville
77837	TX	Calvert
77838	TX	Chriesman
77840	TX	College Station
77841	TX	College Station
77842	TX	College Station
77843	TX	College Station
77844	TX	College Station
77845	TX	College Station
77850	TX	Concord
77852	TX	Deanville
77853	TX	Dime Box
77855	TX	Flynn
77856	TX	Franklin
77857	TX	Gause
77859	TX	Hearne
77861	TX	Iola
77862	TX	Kurten
77863	TX	Lyons
77864	TX	Madisonville
77865	TX	Marquez
77866	TX	Millican
77867	TX	Mumford
77868	TX	Navasota
77870	TX	New Baden
77871	TX	Normangee|Leona|Hilltop Lakes
77872	TX	North Zulch
77873	TX	Richards|Shiro
77875	TX	Roans Prairie
77876	TX	Shiro
77878	TX	Snook
77879	TX	Somerville|Snook|Clay|Lyons
77880	TX	Washington
77881	TX	Wellborn
77882	TX	Wheelock
77901	TX	Victoria
77902	TX	Victoria
77903	TX	Victoria
77904	TX	Victoria
77905	TX	Victoria|Quail Creek|Bloomington
77950	TX	Austwell
77951	TX	Bloomington
77954	TX	Cuero
77957	TX	Edna
77960	TX	Fannin
77961	TX	Francitas
77962	TX	Ganado
77963	TX	Goliad
77964	TX	Hallettsville
77967	TX	Hochheim
77968	TX	Inez
77969	TX	La Salle|Vanderbilt
77970	TX	La Ward
77971	TX	Lolita
77973	TX	Mcfaddin
77974	TX	Meyersville
77975	TX	Moulton
77976	TX	Nursery
77977	TX	Placedo
77978	TX	Point Comfort
77979	TX	Port Lavaca|Point Comfort|Magnolia Beach|Alamo Beach
77982	TX	Port O Connor|Port O'Connor
77983	TX	Seadrift
77984	TX	Shiner
77986	TX	Sublime
77987	TX	Sweet Home
77988	TX	Telferner
77989	TX	Thomaston
77990	TX	Tivoli
77991	TX	Vanderbilt
77993	TX	Weesatche
77994	TX	Westhoff
77995	TX	Yoakum
78001	TX	Artesia Wells
78002	TX	Atascosa|Macdona
78003	TX	Bandera|Lake Medina Shores
78004	TX	Bergheim
78005	TX	Bigfoot
78006	TX	Boerne|Scenic Oaks
78007	TX	Calliham
78008	TX	Campbellton
78009	TX	Castroville
78010	TX	Center Point
78011	TX	Charlotte
78012	TX	Christine
78013	TX	Comfort
78014	TX	Cotulla
78015	TX	Boerne|Fair Oaks Ranch
78016	TX	Devine|Bigfoot
78017	TX	Dilley|Hilltop
78019	TX	Encinal
78021	TX	Fowlerton
78022	TX	George West
78023	TX	Helotes|San Antonio|Grey Forest
78024	TX	Hunt
78025	TX	Ingram
78026	TX	Jourdanton
78027	TX	Kendalia
78028	TX	Kerrville
78029	TX	Kerrville
78039	TX	La Coste|LaCoste
78040	TX	Laredo
78041	TX	Laredo
78042	TX	Laredo
78043	TX	Laredo|Colorado Acres|La Coma|Pueblo Nuevo|Laredo Ranchettes|Tanquecitos South Acres|Los Veteranos I|Las Pilas|Hillside Acres|Las Haciendas|Los Arcos|Los Centenarios|Los Fresnos|Los Nopalitos|San Carlos I|Laredo Ranchettes West|San Carlos II|Tanquecitos South Acres II|Ranchitos East|Los Altos
78044	TX	Laredo|Ranchitos Las Lomas|Colorado Acres|Las Pilas|Valle Verde|Pueblo East
78045	TX	Laredo|La Moca Ranch|Ranchos Penitas West|Botines|Bonanza Hills|Los Minerales|Four Points|Los Huisaches|Los Veteranos II|Los Corralitos|Sunset Acres
78046	TX	Laredo|Rio Bravo|El Cenizo|La Presa
78050	TX	Leming
78052	TX	Lytle
78054	TX	Macdona
78055	TX	Medina
78056	TX	Mico
78057	TX	Moore
78058	TX	Mountain Home
78059	TX	Natalia
78060	TX	Oakville
78061	TX	Pearsall|North Pearsall
78062	TX	Peggy
78063	TX	Pipe Creek|Lakehills
78064	TX	Pleasanton|Leming
78065	TX	Poteet
78066	TX	Rio Medina
78067	TX	San Ygnacio|Ramireno
78069	TX	Somerset
78070	TX	Spring Branch|Bulverde|Canyon Lake
78071	TX	Three Rivers
78072	TX	Tilden
78073	TX	Von Ormy|San Antonio|Somerset
78074	TX	Waring
78075	TX	Whitsett
78076	TX	Zapata|Medina|Falcon Mesa|Morales-Sanchez|Siesta Shores|Falcon Lake Estates|Las Palmas
78101	TX	Adkins|St. Hedwig
78102	TX	Beeville|Blue Berry Hill
78104	TX	Beeville|Normanna
78107	TX	Berclair
78108	TX	Cibolo|Schertz
78109	TX	Converse|San Antonio
78111	TX	Ecleto
78112	TX	Elmendorf|San Antonio|Sandy Oaks
78113	TX	Falls City
78114	TX	Floresville
78115	TX	Geronimo
78116	TX	Gillett
78117	TX	Hobson
78118	TX	Karnes City
78119	TX	Kenedy|Pawnee|Tulsita
78121	TX	La Vernia|New Berlin
78122	TX	Leesville
78123	TX	Mc Queeney|McQueeney
78124	TX	Marion|Cibolo|Santa Clara|New Berlin|Zuehl
78125	TX	Mineral
78130	TX	New Braunfels|Lake Dunlap|McQueeney
78131	TX	New Braunfels
78132	TX	New Braunfels|Schertz|Canyon Lake
78133	TX	Canyon Lake
78135	TX	New Braunfels
78140	TX	Nixon
78141	TX	Nordheim
78142	TX	Normanna
78143	TX	Pandora
78144	TX	Panna Maria
78145	TX	Pawnee
78146	TX	Pettus|Tulsita
78147	TX	Poth
78148	TX	Universal City|Live Oak|Randolph AFB
78150	TX	Jbsa Randolph|Randolph AFB
78151	TX	Runge
78152	TX	St. Hedwig|Saint Hedwig
78154	TX	Schertz|Selma|Randolph AFB
78155	TX	Seguin|New Berlin|Geronimo|Zuehl|McQueeney
78156	TX	Seguin
78159	TX	Smiley
78160	TX	Stockdale
78161	TX	Sutherland Springs
78162	TX	Tuleta
78163	TX	Bulverde
78164	TX	Yorktown
78201	TX	San Antonio|Balcones Heights
78202	TX	San Antonio
78203	TX	San Antonio
78204	TX	San Antonio
78205	TX	San Antonio
78206	TX	San Antonio
78207	TX	San Antonio
78208	TX	San Antonio
78209	TX	San Antonio|Alamo Heights|Terrell Hills
78210	TX	San Antonio
78211	TX	San Antonio
78212	TX	San Antonio|Olmos Park
78213	TX	San Antonio|Castle Hills|Balcones Heights
78214	TX	San Antonio
78215	TX	San Antonio
78216	TX	San Antonio|Castle Hills
78217	TX	San Antonio
78218	TX	San Antonio|Windcrest
78219	TX	San Antonio|Kirby
78220	TX	San Antonio
78221	TX	San Antonio
78222	TX	San Antonio
78223	TX	San Antonio
78224	TX	San Antonio
78225	TX	San Antonio
78226	TX	San Antonio
78227	TX	San Antonio
78228	TX	San Antonio
78229	TX	San Antonio
78230	TX	San Antonio|Shavano Park
78231	TX	Shavano Park|San Antonio
78232	TX	San Antonio|Hill Country Village|Hollywood Park
78233	TX	San Antonio|Live Oak
78234	TX	San Antonio|Jbsa Ft Sam Houston
78235	TX	San Antonio
78236	TX	Jbsa Lackland|Lackland AFB
78237	TX	San Antonio
78238	TX	San Antonio|Leon Valley
78239	TX	San Antonio|Windcrest
78240	TX	San Antonio|Leon Valley
78241	TX	San Antonio
78242	TX	San Antonio
78243	TX	San Antonio
78244	TX	San Antonio
78245	TX	San Antonio
78246	TX	San Antonio
78247	TX	San Antonio
78248	TX	San Antonio
78249	TX	San Antonio|Shavano Park
78250	TX	San Antonio
78251	TX	San Antonio
78252	TX	San Antonio|Macdona
78253	TX	San Antonio
78254	TX	San Antonio|Helotes
78255	TX	San Antonio|Cross Mountain|Scenic Oaks
78256	TX	San Antonio|Cross Mountain
78257	TX	San Antonio
78258	TX	San Antonio|Timberwood Park
78259	TX	San Antonio
78260	TX	San Antonio|Timberwood Park
78261	TX	San Antonio
78263	TX	San Antonio|China Grove
78264	TX	San Antonio
78265	TX	San Antonio
78266	TX	San Antonio|Garden Ridge
78268	TX	San Antonio
78269	TX	San Antonio
78270	TX	San Antonio
78278	TX	San Antonio
78279	TX	San Antonio
78280	TX	San Antonio
78283	TX	San Antonio
78284	TX	San Antonio
78285	TX	San Antonio
78288	TX	San Antonio
78289	TX	San Antonio
78291	TX	San Antonio
78292	TX	San Antonio
78293	TX	San Antonio
78294	TX	San Antonio
78295	TX	San Antonio
78296	TX	San Antonio
78297	TX	San Antonio
78298	TX	San Antonio
78299	TX	San Antonio
78330	TX	Agua Dulce
78332	TX	Alice|Ben Bolt|Alice Acres|Loma Linda East|Coyote Acres|Amargosa|Rancho Alegre|Alfred|Owl Ranch
78333	TX	Alice
78335	TX	Aransas Pass
78336	TX	Aransas Pass|Country Acres|Falman
78338	TX	Armstrong
78339	TX	Banquete
78340	TX	Bayside
78341	TX	Benavides
78342	TX	Ben Bolt
78343	TX	Bishop
78344	TX	Bruni
78347	TX	Chapman Ranch
78349	TX	Concepcion
78350	TX	Dinero
78351	TX	Driscoll
78352	TX	Edroy
78353	TX	Encino
78355	TX	Falfurrias|Airport Road Addition|Flowella|Cantu Addition
78357	TX	Freer
78358	TX	Fulton
78359	TX	Gregory|Portland
78360	TX	Guerra
78361	TX	Hebbronville|Las Lomitas|Thompsonville|South Fork Estates
78362	TX	Ingleside|Ingleside on the Bay
78363	TX	Kingsville|Ricardo
78364	TX	Kingsville
78368	TX	Mathis|San Patricio|Lake City|Lakeside|Lakeshore Gardens-Hidden Acres|Paisano Park|Edgewater Estates
78369	TX	Mirando City|Aguilares
78370	TX	Odem|Edroy
78371	TX	Oilton
78372	TX	Orange Grove|Westdale|K-Bar Ranch|South La Paloma
78373	TX	Port Aransas|Corpus Christi|Aransas Pass
78374	TX	Portland|Ingleside
78375	TX	Premont
78376	TX	Realitos
78377	TX	Refugio
78379	TX	Riviera
78380	TX	Robstown|Petronila|Driscoll|La Paloma-Lost Creek|Rancho Banquete|Tierra Grande|Tierra Verde|Sandy Hollow-Escondidas|Spring Gardens|Banquete|North San Pedro
78381	TX	Rockport
78382	TX	Rockport|Fulton|Lamar|Holiday Beach
78383	TX	Sandia|Sandy Hollow-Escondidas
78384	TX	San Diego
78385	TX	Sarita
78387	TX	Sinton|Morgan Farm|St. Paul|Loma Linda|Del Sol|La Paloma Addition|Rancho Chico
78389	TX	Skidmore|Tynan
78390	TX	Taft|Portland|Tradewinds|Taft Southwest
78391	TX	Tynan
78393	TX	Woodsboro
78401	TX	Corpus Christi
78402	TX	Corpus Christi
78403	TX	Corpus Christi
78404	TX	Corpus Christi
78405	TX	Corpus Christi
78406	TX	Corpus Christi
78407	TX	Corpus Christi
78408	TX	Corpus Christi
78409	TX	Corpus Christi
78410	TX	Corpus Christi
78411	TX	Corpus Christi
78412	TX	Corpus Christi
78413	TX	Corpus Christi
78414	TX	Corpus Christi
78415	TX	Corpus Christi|Tierra Grande
78416	TX	Corpus Christi
78417	TX	Corpus Christi
78418	TX	Corpus Christi
78419	TX	Corpus Christi
78426	TX	Corpus Christi
78427	TX	Corpus Christi
78460	TX	Corpus Christi
78463	TX	Corpus Christi
78465	TX	Corpus Christi
78466	TX	Corpus Christi
78467	TX	Corpus Christi
78468	TX	Corpus Christi
78469	TX	Corpus Christi
78472	TX	Corpus Christi
78480	TX	Corpus Christi
78501	TX	McAllen
78502	TX	Mcallen
78503	TX	McAllen
78504	TX	McAllen
78505	TX	Mcallen
78516	TX	Alamo|South Alamo|North Alamo
78520	TX	Brownsville|San Pedro
78521	TX	Brownsville|South Point|Villa Pancho|Reid Hope King
78522	TX	Brownsville
78523	TX	Brownsville
78526	TX	Brownsville|Cameron Park
78535	TX	Combes
78536	TX	Delmita|San Isidro
78537	TX	Donna|Scissors|Midway North|Midway South
78538	TX	Edcouch|Monte Alto|Laguna Seca|Harding Gill Tract
78539	TX	Edinburg
78540	TX	Edinburg
78541	TX	Edinburg|Linn
78542	TX	Edinburg|Linn|Murillo|Doolittle|César Chávez|San Carlos|La Blanca|Muniz|La Coma Heights|Lopezville
78543	TX	Elsa|La Blanca
78545	TX	Falcon Heights|Falcon Village|Lago Vista|New Falcon|Falconaire|Chapeno|Salineño|Indio
78547	TX	Garciasville|Ramirez-Perez|Victoria Vera
78548	TX	Grulla|La Grulla
78549	TX	Hargill|Harding Gill Tract
78550	TX	Harlingen|Combes|Rio Hondo|Lasana
78551	TX	Harlingen
78552	TX	Harlingen|Primera|Combes|Palm Valley|Las Palmas II|Juarez
78553	TX	Harlingen
78557	TX	Hidalgo|McAllen
78558	TX	La Blanca
78559	TX	La Feria|Solis|Bixby|Bluetown|La Feria North|Iglesia Antigua|Ratamosa|Santa Maria
78560	TX	La Joya|Havana
78561	TX	Lasara
78562	TX	La Villa|Laguna Seca
78563	TX	Linn
78564	TX	Lopeno|Lopeño|Los Lobos
78565	TX	Los Ebanos|Cuevitas
78566	TX	Los Fresnos|Brownsville|Bayview|Indian Lake|Laureles|Del Mar Heights|Orason|Chula Vista
78567	TX	Los Indios
78568	TX	Lozano
78569	TX	Lyford|Yznaga|Zapata Ranch|Santa Monica
78570	TX	Mercedes|Heidelberg|Indian Hills|Mila Doce|Relampago|Laguna Seca
78572	TX	Mission|Palmview|Penitas|Granjeno|Abram|Palmview South|Perezville
78573	TX	Mission|Alton|Palmhurst|McAllen|West Sharyland
78574	TX	Mission|Palmview|La Homa|Doffing|Citrus City
78575	TX	Olmito|Brownsville|Rancho Viejo
78576	TX	Penitas|Salida del Sol Estates
78577	TX	Pharr
78578	TX	Port Isabel|Brownsville|Laguna Vista|Laguna Heights
78579	TX	Progreso|Progreso Lakes
78580	TX	Raymondville|San Perlita|Lasara|Ranchette Estates|Los Angeles
78582	TX	Rio Grande City|El Refugio|Valle Hermoso|La Paloma Ranchettes|Ranchitos del Norte|Las Lomas|La Puerta|Mi Ranchito Estate|Sammy Martinez|La Victoria|Elias-Fela Solis|Los Barreras|El Brazil|Mikes|El Rancho Vela|Loma Linda West|West Alto Bonito|East Alto Bonito|El Chaparral|Chaparrito|Los Alvarez|Valle Vista|Garza-Salinas II|Santa Rosa|Camargito|Amada Acres|La Carla|B and E|La Rosita|Villarreal|La Casita|Palo Blanco|La Escondida|Martinez|Gutierrez|Alto Bonito Heights|El Quiote|Hilltop|Nina|Airport Heights|Loma Linda East|Netos|Rancho Viejo|Manuel Garcia|Casa Blanca|Buena Vista|Campo Verde|Los Ebanos|El Cenizo|Eugenio Saenz|Santel|La Esperanza|Olmito and Olmito|El Castillo|Santa Cruz|Anacua|Barrera|San Fernando|Benjamin Perez|E. Lopez|Fernando Salinas|Zarate|Tierra Dorada|Miguel Barrera|Longoria|Manuel Garcia II|Pablo Pena|Flor del Rio|El Socio|La Chuparosa|Rivereno|Olivia Lopez de Gutierrez|Quesada|Narciso Pena|El Mesquite|Rafael Pena
78583	TX	Rio Hondo|La Tina Ranch|Arroyo Gardens
78584	TX	Roma|Escobares|North Escobares|La Minita|Fronton|Indio|Garceno|Lago Vista|Salineño North|La Loma de Falcon|Fronton Ranchettes|Mesquite|Sandoval|Moraida|San Juan|Los Arrieros|Sunset|Ramos|Regino Ramirez|J.F. Villareal|Jardin de San Julian|Pena|Guadalupe Guerra|H. Cuellar Estates|Loma Vista|Evergreen|Casas
78585	TX	Salineno
78586	TX	San Benito|Brownsville|Los Indios|Green Valley Farms|Arroyo Gardens|Encantada-Ranchito-El Calaboz|La Paloma|Rice Tracts|Bluetown|Palmer|Arroyo Colorado Estates|El Camino Angosto|Villa del Sol|Lozano|Lago
78588	TX	San Isidro
78589	TX	San Juan|North Alamo|Lopezville
78590	TX	San Perlita
78591	TX	Santa Elena|Santa Anna|Delmita
78592	TX	Santa Maria|Iglesia Antigua
78593	TX	Santa Rosa|Yznaga|Ratamosa|Tierra Bonita
78594	TX	Sebastian|Zapata Ranch
78595	TX	Sullivan City
78596	TX	Weslaco|Progreso Lakes|Progreso|Llano Grande|Midway South|Villa Verde
78597	TX	South Padre Island
78598	TX	Port Mansfield
78599	TX	Weslaco|Olivarez|Mila Doce|Midway North
78602	TX	Bastrop|Camp Swift|Circle D-KC Estates
78604	TX	Belmont
78605	TX	Bertram
78606	TX	Blanco
78607	TX	Bluffton|Buchanan Dam
78608	TX	Briggs
78609	TX	Buchanan Dam
78610	TX	Buda|Creedmoor|Mustang Ridge|Mountain City|Hays
78611	TX	Burnet|Buchanan Dam
78612	TX	Cedar Creek|Wyldwood|Garfield
78613	TX	Cedar Park
78614	TX	Cost
78615	TX	Coupland
78616	TX	Dale|Mustang Ridge
78617	TX	Del Valle|Austin|Garfield
78618	TX	Doss
78619	TX	Driftwood
78620	TX	Dripping Springs
78621	TX	Elgin|Webberville
78622	TX	Fentress
78623	TX	Fischer|Canyon Lake
78624	TX	Fredericksburg|Stonewall
78626	TX	Georgetown|Weir|Jarrell
78627	TX	Georgetown
78628	TX	Georgetown|Serenada
78629	TX	Gonzales
78630	TX	Cedar Park
78631	TX	Harper
78632	TX	Harwood
78633	TX	Georgetown|Jarrell|Serenada
78634	TX	Hutto
78635	TX	Hye
78636	TX	Johnson City|Round Mountain
78638	TX	Kingsbury|Staples
78639	TX	Kingsland
78640	TX	Kyle|Niederwald|Uhland|Creedmoor|Mountain City
78641	TX	Leander|Volente|Cedar Park|Jonestown|Liberty Hill
78642	TX	Liberty Hill|Santa Rita Ranch
78643	TX	Llano|Sunrise Beach Village
78644	TX	Lockhart
78645	TX	Leander|Lago Vista|Jonestown|Point Venture
78646	TX	Leander
78648	TX	Luling
78650	TX	Mc Dade|McDade
78651	TX	Mc Neil
78652	TX	Manchaca|Austin|San Leanna
78653	TX	Manor|Austin|Webberville
78654	TX	Marble Falls|Granite Shoals|Meadowlakes|Highland Haven
78655	TX	Martindale|Staples
78656	TX	Maxwell|San Marcos
78657	TX	Horseshoe Bay|Cottonwood Shores|Marble Falls
78658	TX	Ottine
78659	TX	Paige|Circle D-KC Estates
78660	TX	Pflugerville|Austin
78661	TX	Prairie Lea
78662	TX	Red Rock
78663	TX	Round Mountain
78664	TX	Round Rock|Pflugerville
78665	TX	Round Rock
78666	TX	San Marcos|Kyle|Redwood
78667	TX	San Marcos
78669	TX	Spicewood|Briarcliff
78670	TX	Staples
78671	TX	Stonewall
78672	TX	Tow|Buchanan Lake Village
78673	TX	Walburg
78674	TX	Weir
78675	TX	Willow City
78676	TX	Wimberley|Woodcreek
78677	TX	Wrightsboro
78680	TX	Round Rock
78681	TX	Round Rock|Brushy Creek
78682	TX	Round Rock
78683	TX	Round Rock
78691	TX	Pflugerville
78701	TX	Austin
78702	TX	Austin
78703	TX	Austin
78704	TX	Austin
78705	TX	Austin
78708	TX	Austin
78709	TX	Austin
78710	TX	Austin
78711	TX	Austin
78712	TX	Austin
78713	TX	Austin
78714	TX	Austin
78715	TX	Austin
78716	TX	Austin
78717	TX	Austin|Brushy Creek
78718	TX	Austin
78719	TX	Austin
78720	TX	Austin
78721	TX	Austin
78722	TX	Austin
78723	TX	Austin
78724	TX	Austin|Hornsby Bend
78725	TX	Austin|Hornsby Bend
78726	TX	Austin
78727	TX	Austin
78728	TX	Austin|Round Rock|Wells Branch
78729	TX	Austin
78730	TX	Austin
78731	TX	Austin
78732	TX	Austin|Steiner Ranch
78733	TX	Austin
78734	TX	Austin|Lakeway|Hudson Bend
78735	TX	Austin|Sunset Valley|Barton Creek
78736	TX	Austin
78737	TX	Austin|Bear Creek|Belterra
78738	TX	Austin|Bee Cave|Lakeway|The Hills
78739	TX	Austin|Shady Hollow
78741	TX	Austin
78742	TX	Austin
78744	TX	Austin
78745	TX	Austin|Sunset Valley
78746	TX	Austin|West Lake Hills|Rollingwood|Lost Creek
78747	TX	Austin|Creedmoor|Mustang Ridge
78748	TX	Austin|San Leanna|Shady Hollow|Manchaca
78749	TX	Austin
78750	TX	Austin
78751	TX	Austin
78752	TX	Austin
78753	TX	Austin
78754	TX	Austin
78755	TX	Austin
78756	TX	Austin
78757	TX	Austin
78758	TX	Austin
78759	TX	Austin
78760	TX	Austin
78761	TX	Austin
78762	TX	Austin
78763	TX	Austin
78764	TX	Austin
78765	TX	Austin
78766	TX	Austin
78767	TX	Austin
78768	TX	Austin
78769	TX	Austin
78772	TX	Austin
78773	TX	Austin
78774	TX	Austin
78778	TX	Austin
78779	TX	Austin
78783	TX	Austin
78799	TX	Austin
78801	TX	Uvalde|Uvalde Estates
78802	TX	Uvalde
78827	TX	Asherton
78828	TX	Barksdale
78829	TX	Batesville
78830	TX	Big Wells
78832	TX	Brackettville|Spofford|Fort Clark Springs
78833	TX	Camp Wood
78834	TX	Carrizo Springs|Brundage|Carrizo Hill
78836	TX	Catarina
78837	TX	Comstock
78838	TX	Concan
78839	TX	Crystal City|Chula Vista|Amaya|Loma Grande
78840	TX	Del Rio|Laughlin AFB|Cienegas Terrace|Amistad|Box Canyon|Val Verde Park|Lake View
78841	TX	Del Rio
78842	TX	Del Rio
78843	TX	Laughlin Afb
78847	TX	Del Rio
78850	TX	D Hanis|D'Hanis
78851	TX	Dryden
78852	TX	Eagle Pass|Rosita|Eidson Road|Chula Vista|Elm Creek|Radar Base|Seco Mines|Las Quintas Fronterizas|Siesta Acres|Fabrica
78853	TX	Eagle Pass
78860	TX	El Indio
78861	TX	Hondo|D'Hanis
78870	TX	Knippa
78871	TX	Langtry
78872	TX	La Pryor
78873	TX	Leakey
78877	TX	Quemado|Normandy
78879	TX	Rio Frio
78880	TX	Rocksprings
78881	TX	Sabinal
78883	TX	Tarpley
78884	TX	Utopia
78885	TX	Vanderpool
78886	TX	Yancey
78931	TX	Bleiblerville
78932	TX	Carmine
78933	TX	Cat Spring
78934	TX	Columbus|Glidden
78935	TX	Alleyton
78938	TX	Ellinger
78940	TX	Fayetteville
78941	TX	Flatonia
78942	TX	Giddings
78943	TX	Glidden
78944	TX	Industry
78945	TX	La Grange|Plum
78946	TX	Ledbetter
78947	TX	Lexington
78948	TX	Lincoln
78949	TX	Muldoon
78950	TX	New Ulm
78951	TX	Oakland
78952	TX	Plum
78953	TX	Rosanky
78954	TX	Round Top
78956	TX	Schulenburg
78957	TX	Smithville|Rosanky
78959	TX	Waelder
78960	TX	Warda
78961	TX	Round Top
78962	TX	Weimar
78963	TX	West Point|Plum
79001	TX	Adrian
79002	TX	Alanreed
79003	TX	Allison
79005	TX	Booker
79007	TX	Borger
79008	TX	Borger
79009	TX	Bovina
79010	TX	Boys Ranch
79011	TX	Briscoe
79012	TX	Bushland
79013	TX	Cactus
79014	TX	Canadian|Glazier
79015	TX	Canyon|Rockwell Place|Umbarger
79016	TX	Canyon
79018	TX	Channing|Boys Ranch
79019	TX	Claude|Washburn
79021	TX	Cotton Center
79022	TX	Dalhart
79024	TX	Darrouzett
79025	TX	Dawn
79027	TX	Dimmitt
79029	TX	Dumas|Cactus
79031	TX	Earth
79032	TX	Edmonson
79033	TX	Farnsworth
79034	TX	Follett
79035	TX	Friona
79036	TX	Fritch|Lake Meredith Estates
79039	TX	Groom
79040	TX	Gruver
79041	TX	Hale Center
79042	TX	Happy
79043	TX	Hart
79044	TX	Hartley
79045	TX	Hereford
79046	TX	Higgins
79051	TX	Kerrick
79052	TX	Kress
79053	TX	Lazbuddie
79054	TX	Lefors
79056	TX	Lipscomb
79057	TX	Mclean
79058	TX	Masterson
79059	TX	Miami
79061	TX	Mobeetie
79062	TX	Morse
79063	TX	Nazareth
79064	TX	Olton
79065	TX	Pampa
79066	TX	Pampa
79068	TX	Panhandle
79070	TX	Perryton
79072	TX	Plainview|Seth Ward
79073	TX	Plainview
79077	TX	Samnorwood
79078	TX	Sanford
79079	TX	Shamrock|Samnorwood
79080	TX	Skellytown
79081	TX	Spearman
79082	TX	Springlake
79083	TX	Stinnett
79084	TX	Stratford
79085	TX	Summerfield
79086	TX	Sunray|Texhoma
79087	TX	Texline
79088	TX	Tulia
79091	TX	Umbarger
79092	TX	Vega
79093	TX	Waka
79094	TX	Wayside
79095	TX	Wellington
79096	TX	Wheeler
79097	TX	White Deer
79098	TX	Wildorado
79101	TX	Amarillo
79102	TX	Amarillo
79103	TX	Amarillo
79104	TX	Amarillo
79105	TX	Amarillo
79106	TX	Amarillo
79107	TX	Amarillo
79108	TX	Amarillo
79109	TX	Amarillo
79110	TX	Amarillo
79111	TX	Amarillo
79114	TX	Amarillo
79116	TX	Amarillo
79117	TX	Amarillo
79118	TX	Amarillo|Timbercreek Canyon|Lake Tanglewood|Palisades|Rockwell Place
79119	TX	Amarillo|Bushland
79120	TX	Amarillo
79121	TX	Amarillo
79124	TX	Amarillo|Bishop Hills|Bushland
79159	TX	Amarillo
79166	TX	Amarillo
79168	TX	Amarillo
79172	TX	Amarillo
79174	TX	Amarillo
79178	TX	Amarillo
79185	TX	Amarillo
79189	TX	Amarillo
79201	TX	Childress
79220	TX	Afton
79221	TX	Aiken
79223	TX	Cee Vee
79225	TX	Chillicothe
79226	TX	Clarendon|Howardwick|Lelia Lake
79227	TX	Crowell
79229	TX	Dickens
79230	TX	Dodson
79231	TX	Dougherty
79233	TX	Estelline
79234	TX	Flomot
79235	TX	Floydada
79236	TX	Guthrie
79237	TX	Hedley
79239	TX	Lakeview
79240	TX	Lelia Lake
79241	TX	Lockney
79243	TX	Mcadoo
79244	TX	Matador
79245	TX	Memphis
79247	TX	Odell
79248	TX	Paducah
79250	TX	Petersburg
79251	TX	Quail
79252	TX	Quanah
79255	TX	Quitaque
79256	TX	Roaring Springs
79257	TX	Silverton
79258	TX	South Plains
79259	TX	Tell
79261	TX	Turkey
79311	TX	Abernathy
79312	TX	Amherst
79313	TX	Anton
79314	TX	Bledsoe
79316	TX	Brownfield|Wellman
79322	TX	Crosbyton
79323	TX	Denver City
79324	TX	Enochs
79325	TX	Farwell
79326	TX	Fieldton
79329	TX	Idalou
79330	TX	Justiceburg
79331	TX	Lamesa|Los Ybanez
79336	TX	Levelland|Opdyke West|Sundown
79338	TX	Levelland
79339	TX	Littlefield
79342	TX	Loop
79343	TX	Lorenzo
79344	TX	Maple
79345	TX	Meadow
79346	TX	Morton
79347	TX	Muleshoe
79350	TX	New Deal
79351	TX	Odonnell|O'Donnell
79353	TX	Pep
79355	TX	Plains
79356	TX	Post
79357	TX	Ralls
79358	TX	Ropesville
79359	TX	Seagraves
79360	TX	Seminole
79363	TX	Shallowater
79364	TX	Slaton
79366	TX	Ransom Canyon
79367	TX	Smyer
79369	TX	Spade
79370	TX	Spur
79371	TX	Sudan
79372	TX	Sundown
79373	TX	Tahoka
79376	TX	Tokio
79377	TX	Welch
79378	TX	Wellman
79379	TX	Whiteface
79380	TX	Whitharral
79381	TX	Wilson|New Home
79382	TX	Wolfforth
79383	TX	New Home
79401	TX	Lubbock
79402	TX	Lubbock
79403	TX	Lubbock|New Deal
79404	TX	Lubbock|Buffalo Springs
79406	TX	Lubbock
79407	TX	Lubbock|Smyer
79408	TX	Lubbock
79409	TX	Lubbock
79410	TX	Lubbock
79411	TX	Lubbock
79412	TX	Lubbock
79413	TX	Lubbock
79414	TX	Lubbock
79415	TX	Lubbock|New Deal
79416	TX	Lubbock
79423	TX	Lubbock
79424	TX	Lubbock
79430	TX	Lubbock
79452	TX	Lubbock
79453	TX	Lubbock
79457	TX	Lubbock
79464	TX	Lubbock
79490	TX	Lubbock
79491	TX	Lubbock
79493	TX	Lubbock
79499	TX	Lubbock
79501	TX	Anson
79502	TX	Aspermont
79503	TX	Avoca
79504	TX	Baird
79505	TX	Benjamin
79506	TX	Blackwell
79508	TX	Buffalo Gap
79510	TX	Clyde
79511	TX	Coahoma
79512	TX	Colorado City|Lake Colorado City
79516	TX	Dunn
79517	TX	Fluvanna
79518	TX	Girard
79519	TX	Goldsboro
79520	TX	Hamlin
79521	TX	Haskell|Stamford
79525	TX	Hawley
79526	TX	Hermleigh
79527	TX	Ira
79528	TX	Jayton
79529	TX	Knox City
79530	TX	Lawn
79532	TX	Loraine
79533	TX	Lueders
79534	TX	Mc Caulley|McCaulley
79535	TX	Maryneal
79536	TX	Merkel|Tye
79537	TX	Nolan
79538	TX	Novice
79539	TX	O Brien|O'Brien
79540	TX	Old Glory
79541	TX	Ovalo
79543	TX	Roby
79544	TX	Rochester
79545	TX	Roscoe
79546	TX	Rotan
79547	TX	Rule
79548	TX	Rule
79549	TX	Snyder
79550	TX	Snyder
79553	TX	Stamford
79556	TX	Sweetwater
79560	TX	Sylvester
79561	TX	Trent
79562	TX	Tuscola
79563	TX	Tye
79565	TX	Westbrook
79566	TX	Wingate
79567	TX	Winters
79601	TX	Abilene
79602	TX	Abilene|Potosi
79603	TX	Abilene|Tye|Impact
79604	TX	Abilene
79605	TX	Abilene
79606	TX	Abilene
79607	TX	Abilene|Dyess Afb
79608	TX	Abilene
79697	TX	Abilene
79698	TX	Abilene
79699	TX	Abilene
79701	TX	Midland
79702	TX	Midland
79703	TX	Midland
79704	TX	Midland
79705	TX	Midland
79706	TX	Midland
79707	TX	Midland
79708	TX	Midland
79710	TX	Midland
79711	TX	Midland
79712	TX	Midland
79713	TX	Ackerly
79714	TX	Andrews|McKinney Acres
79718	TX	Balmorhea
79719	TX	Barstow
79720	TX	Big Spring|Coahoma|Sand Springs
79721	TX	Big Spring
79730	TX	Coyanosa
79731	TX	Crane
79733	TX	Forsan
79734	TX	Fort Davis
79735	TX	Fort Stockton
79738	TX	Gail
79739	TX	Garden City
79740	TX	Girvin
79741	TX	Goldsmith
79742	TX	Grandfalls
79743	TX	Imperial
79744	TX	Iraan
79745	TX	Kermit
79748	TX	Knott
79749	TX	Lenorah
79752	TX	Mc Camey|McCamey
79754	TX	Mentone
79755	TX	Midkiff
79756	TX	Monahans|Thorntonville|Southwest Sandhill
79758	TX	Gardendale
79759	TX	Notrees
79760	TX	Odessa
79761	TX	Odessa
79762	TX	Odessa
79763	TX	Odessa|West Odessa
79764	TX	Odessa|West Odessa
79765	TX	Odessa
79766	TX	Odessa
79768	TX	Odessa
79769	TX	Odessa
79770	TX	Orla
79772	TX	Pecos|Lindsay
79776	TX	Penwell
79777	TX	Pyote
79778	TX	Rankin
79780	TX	Saragosa
79781	TX	Sheffield
79782	TX	Stanton
79783	TX	Tarzan
79785	TX	Toyah
79786	TX	Toyahvale
79788	TX	Wickett|Monahans
79789	TX	Wink
79821	TX	Anthony|Vinton
79830	TX	Alpine
79831	TX	Alpine
79832	TX	Alpine
79834	TX	Big Bend National Park
79835	TX	Canutillo|El Paso|Vinton|Westway
79836	TX	Clint|Morning Glory
79837	TX	Dell City
79838	TX	Fabens
79839	TX	Fort Hancock|Acala
79842	TX	Marathon
79843	TX	Marfa
79845	TX	Presidio
79846	TX	Redford
79847	TX	Salt Flat
79848	TX	Sanderson
79849	TX	San Elizario
79851	TX	Sierra Blanca
79852	TX	Terlingua|Study Butte
79853	TX	Tornillo
79854	TX	Valentine
79855	TX	Van Horn
79901	TX	El Paso
79902	TX	El Paso
79903	TX	El Paso
79904	TX	El Paso
79905	TX	El Paso
79906	TX	El Paso|Fort Bliss
79907	TX	El Paso
79908	TX	El Paso|Fort Bliss
79910	TX	El Paso
79911	TX	El Paso
79912	TX	El Paso
79913	TX	El Paso
79914	TX	El Paso
79915	TX	El Paso
79916	TX	Fort Bliss
79917	TX	El Paso
79918	TX	Fort Bliss
79920	TX	El Paso
79922	TX	El Paso
79923	TX	El Paso
79924	TX	El Paso
79925	TX	El Paso
79926	TX	El Paso
79927	TX	Socorro|El Paso
79928	TX	El Paso|Horizon City|Socorro|Agua Dulce|Sparks
79929	TX	El Paso
79930	TX	El Paso
79931	TX	El Paso
79932	TX	El Paso|Prado Verde
79934	TX	El Paso
79935	TX	El Paso
79936	TX	El Paso
79937	TX	El Paso
79938	TX	El Paso|Homestead Meadows North|Homestead Meadows South|Fort Bliss|Butterfield
79940	TX	El Paso
79941	TX	El Paso
79942	TX	El Paso
79943	TX	El Paso
79944	TX	El Paso
79945	TX	El Paso
79946	TX	El Paso
79947	TX	El Paso
79948	TX	El Paso
79949	TX	El Paso
79950	TX	El Paso
79951	TX	El Paso
79952	TX	El Paso
79953	TX	El Paso
79954	TX	El Paso
79955	TX	El Paso
79958	TX	El Paso
79960	TX	El Paso
79961	TX	El Paso
79968	TX	El Paso
79976	TX	El Paso
79978	TX	El Paso
79980	TX	El Paso
79990	TX	El Paso
79995	TX	El Paso
79996	TX	El Paso
79997	TX	El Paso
79998	TX	El Paso
79999	TX	El Paso
80001	CO	Arvada
80002	CO	Arvada|Fairmount|Berkley
80003	CO	Arvada|Westminster|Berkley
80004	CO	Arvada
80005	CO	Arvada|Westminster
80006	CO	Arvada
80007	CO	Arvada|Superior
80010	CO	Aurora
80011	CO	Aurora
80012	CO	Aurora
80013	CO	Aurora
80014	CO	Aurora|Denver
80015	CO	Aurora|Centennial
80016	CO	Aurora|Centennial|Foxfield
80017	CO	Aurora
80018	CO	Aurora|Aetna Estates
80019	CO	Aurora
80020	CO	Broomfield|Westminster
80021	CO	Broomfield|Westminster
80022	CO	Commerce City|Derby
80023	CO	Broomfield|Thornton|Westminster
80024	CO	Dupont|Derby
80025	CO	Eldorado Springs
80026	CO	Lafayette|Erie|Leyner
80027	CO	Louisville|Superior
80030	CO	Westminster
80031	CO	Westminster|Shaw Heights
80033	CO	Wheat Ridge
80034	CO	Wheat Ridge
80035	CO	Westminster
80036	CO	Westminster
80037	CO	Commerce City
80038	CO	Broomfield
80040	CO	Aurora
80041	CO	Aurora
80042	CO	Aurora
80044	CO	Aurora
80045	CO	Aurora
80046	CO	Aurora
80047	CO	Aurora
80101	CO	Agate
80102	CO	Bennett|Brick Center
80103	CO	Byers|Peoria
80104	CO	Castle Rock
80105	CO	Deer Trail
80106	CO	Elbert|Black Forest
80107	CO	Elizabeth|Ponderosa Park
80108	CO	Castle Rock|Castle Pines|Castle Pines Village
80109	CO	Castle Rock
80110	CO	Englewood|Sheridan
80111	CO	Englewood|Greenwood Village|Centennial|Cherry Hills Village|Cherry Creek
80112	CO	Englewood|Centennial|Dove Valley|Meridian|Inverness
80113	CO	Cherry Hills Village|Englewood
80116	CO	Franktown
80117	CO	Kiowa
80118	CO	Larkspur|Perry Park
80120	CO	Littleton
80121	CO	Littleton|Centennial|Greenwood Village|Cherry Hills Village
80122	CO	Centennial|Littleton
80123	CO	Littleton|Denver|Columbine Valley|Bow Mar|Columbine|Ken Caryl
80124	CO	Lone Tree|Highlands Ranch|Acres Green
80125	CO	Littleton|Roxborough Park|Sterling Ranch|Louviers
80126	CO	Littleton|Highlands Ranch
80127	CO	Littleton|Dakota Ridge|Ken Caryl
80128	CO	Littleton|Columbine|Ken Caryl
80129	CO	Littleton|Highlands Ranch
80130	CO	Littleton|Highlands Ranch
80131	CO	Louviers
80132	CO	Monument|Palmer Lake|Woodmoor
80133	CO	Palmer Lake
80134	CO	Parker|Lone Tree|Castle Pines|The Pinery|Stonegate|Grand View Estates|Stepping Stone|Meridian Village|Sierra Ridge|Meridian
80135	CO	Sedalia|Roxborough Park|Westcreek
80136	CO	Strasburg|Comanche Creek
80137	CO	Watkins|Aurora
80138	CO	Parker
80150	CO	Englewood
80151	CO	Englewood
80155	CO	Englewood
80160	CO	Littleton
80161	CO	Littleton
80162	CO	Littleton
80163	CO	Littleton
80165	CO	Littleton
80166	CO	Littleton
80201	CO	Denver
80202	CO	Denver
80203	CO	Denver
80204	CO	Denver
80205	CO	Denver
80206	CO	Denver
80207	CO	Denver
80208	CO	Denver
80209	CO	Denver
80210	CO	Denver
80211	CO	Denver
80212	CO	Denver|Wheat Ridge|Lakeside|Mountain View|Berkley
80214	CO	Lakewood|Denver|Edgewater|Wheat Ridge
80215	CO	Lakewood|Denver|Wheat Ridge
80216	CO	Denver|North Washington
80217	CO	Denver
80218	CO	Denver
80219	CO	Denver
80220	CO	Denver
80221	CO	Denver|Berkley|Sherrelwood|Twin Lakes|North Washington
80222	CO	Denver|Holly Hills
80223	CO	Denver
80224	CO	Denver
80225	CO	Denver
80226	CO	Lakewood|Denver
80227	CO	Lakewood|Denver
80228	CO	Lakewood|Denver
80229	CO	Thornton|Denver|Welby|North Washington
80230	CO	Denver|Aurora
80231	CO	Denver|Four Square Mile
80232	CO	Lakewood|Denver
80233	CO	Denver|Thornton|Northglenn
80234	CO	Westminster|Denver|Northglenn
80235	CO	Denver|Lakewood|Dakota Ridge
80236	CO	Denver|Sheridan
80237	CO	Denver
80238	CO	Denver
80239	CO	Denver
80241	CO	Thornton
80243	CO	Denver
80244	CO	Denver
80246	CO	Denver|Glendale
80247	CO	Denver|Aurora|Four Square Mile
80248	CO	Denver
80249	CO	Denver
80250	CO	Denver
80251	CO	Denver
80252	CO	Denver
80256	CO	Denver
80257	CO	Denver
80259	CO	Denver
80260	CO	Denver|Thornton|Federal Heights|Northglenn
80261	CO	Denver
80262	CO	Denver
80263	CO	Denver
80264	CO	Denver
80265	CO	Denver
80266	CO	Denver
80271	CO	Denver
80273	CO	Denver
80274	CO	Denver
80281	CO	Denver
80290	CO	Denver
80291	CO	Denver
80293	CO	Denver
80294	CO	Denver
80299	CO	Denver
80301	CO	Boulder|Gunbarrel|Valmont
80302	CO	Boulder|Lazy Acres|Sugarloaf|Gold Hill|Sunshine|Mountain Meadows|Altona|Crisman|Tall Timber|Seven Hills|Pine Brook Hill
80303	CO	Boulder|Paragon Estates|Eldorado Springs
80304	CO	Boulder|Pine Brook Hill
80305	CO	Boulder|Eldorado Springs
80306	CO	Boulder
80307	CO	Boulder
80308	CO	Boulder
80309	CO	Boulder
80310	CO	Boulder
80314	CO	Boulder
80401	CO	Golden|Genesee|Applewood|West Pleasant View|East Pleasant View
80402	CO	Golden
80403	CO	Golden|Arvada|Coal Creek|Fairmount
80419	CO	Golden
80420	CO	Alma
80421	CO	Bailey
80422	CO	Black Hawk
80423	CO	Bond
80424	CO	Breckenridge|Blue River
80425	CO	Buffalo Creek
80426	CO	Burns
80427	CO	Central City|Black Hawk
80428	CO	Clark
80429	CO	Climax
80430	CO	Coalmont
80432	CO	Como
80433	CO	Conifer|Aspen Park
80434	CO	Cowdrey
80435	CO	Dillon|Montezuma|Keystone
80436	CO	Dumont|Downieville-Lawson-Dumont
80437	CO	Evergreen
80438	CO	Empire
80439	CO	Evergreen|Floyd Hill|Upper Bear Creek|Brook Forest|Kittredge|Upper Witter Gulch|Pine Valley|Echo Hills
80440	CO	Fairplay|Hartsel
80442	CO	Fraser
80443	CO	Frisco|Copper Mountain
80444	CO	Georgetown
80446	CO	Granby
80447	CO	Grand Lake
80448	CO	Grant
80449	CO	Hartsel
80451	CO	Hot Sulphur Springs
80452	CO	Idaho Springs|Central City|St. Mary's|Blue Valley|Downieville-Lawson-Dumont
80453	CO	Idledale
80454	CO	Indian Hills
80455	CO	Jamestown|Glendale|Gold Hill
80456	CO	Jefferson
80457	CO	Kittredge
80459	CO	Kremmling
80461	CO	Leadville|Leadville North|Twin Lakes
80463	CO	Mc Coy|McCoy
80465	CO	Morrison|Dakota Ridge|Indian Hills
80466	CO	Nederland|Ward|Eldora|St. Ann Highlands|Bonanza Mountain Estates
80467	CO	Oak Creek
80468	CO	Parshall
80469	CO	Phippsburg
80470	CO	Pine
80471	CO	Pinecliffe
80473	CO	Rand
80474	CO	Rollinsville
80475	CO	Shawnee
80476	CO	Silver Plume
80477	CO	Steamboat Springs
80478	CO	Tabernash|Granby
80479	CO	Toponas
80480	CO	Walden
80481	CO	Ward|Bark Ranch|Hidden Lake
80482	CO	Winter Park|Fraser
80483	CO	Yampa
80487	CO	Steamboat Springs
80488	CO	Steamboat Springs
80497	CO	Silverthorne
80498	CO	Silverthorne|Heeney
80501	CO	Longmont
80502	CO	Longmont
80503	CO	Longmont|Niwot|Gunbarrel
80504	CO	Longmont|Firestone|Frederick|Mead
80510	CO	Allenspark
80511	CO	Estes Park
80512	CO	Bellvue
80513	CO	Berthoud|Mead
80514	CO	Dacono|Frederick
80515	CO	Drake
80516	CO	Erie|Frederick|Broomfield
80517	CO	Estes Park
80520	CO	Firestone
80521	CO	Fort Collins
80522	CO	Fort Collins
80523	CO	Fort Collins
80524	CO	Fort Collins|Severance|Timnath|Laporte
80525	CO	Fort Collins|Timnath
80526	CO	Fort Collins
80527	CO	Fort Collins
80528	CO	Fort Collins|Windsor|Timnath
80530	CO	Frederick|Firestone
80532	CO	Glen Haven
80533	CO	Hygiene
80534	CO	Johnstown|Berthoud|Milliken
80535	CO	Laporte
80536	CO	Livermore
80537	CO	Loveland
80538	CO	Loveland|Johnstown
80539	CO	Loveland
80540	CO	Lyons|Allenspark
80541	CO	Masonville
80542	CO	Mead
80543	CO	Milliken|Greeley|Evans
80544	CO	Niwot
80545	CO	Red Feather Lakes
80546	CO	Severance
80547	CO	Timnath
80549	CO	Wellington
80550	CO	Windsor|Severance
80551	CO	Windsor
80553	CO	Fort Collins
80601	CO	Brighton
80602	CO	Brighton|Thornton|Todd Creek
80603	CO	Brighton|Lochbuie|Dacono|Northglenn
80610	CO	Ault|Severance
80611	CO	Briggsdale
80612	CO	Carr
80614	CO	Eastlake
80615	CO	Eaton|Severance
80620	CO	Evans
80621	CO	Fort Lupton|Aristocrat Ranchettes
80622	CO	Galeton
80623	CO	Gilcrest
80624	CO	Gill
80631	CO	Greeley|Windsor|Kersey|Garden City
80632	CO	Greeley
80633	CO	Greeley
80634	CO	Greeley|Evans
80638	CO	Greeley
80639	CO	Greeley
80640	CO	Commerce City|Henderson|Brighton|Thornton
80642	CO	Hudson|Keenesburg
80643	CO	Keenesburg|Hudson
80644	CO	Kersey
80645	CO	La Salle|Evans
80646	CO	Lucerne
80648	CO	Nunn
80649	CO	Orchard
80650	CO	Pierce
80651	CO	Platteville|Milliken|Mead|Gilcrest
80652	CO	Roggen
80653	CO	Weldona|Jackson Lake
80654	CO	Wiggins
80701	CO	Fort Morgan|Log Lane Village|Trail Side|Morgan Heights|Saddle Ridge|Blue Sky
80705	CO	Log Lane Village
80720	CO	Akron
80721	CO	Amherst
80722	CO	Atwood
80723	CO	Brush
80726	CO	Crook
80727	CO	Eckley
80728	CO	Fleming
80729	CO	Grover
80731	CO	Haxtun|Paoli
80732	CO	Hereford
80733	CO	Hillrose
80734	CO	Holyoke
80735	CO	Idalia
80736	CO	Iliff
80737	CO	Julesburg
80740	CO	Lindon
80741	CO	Merino
80742	CO	New Raymer|Raymer (New Raymer)
80743	CO	Otis
80744	CO	Ovid
80745	CO	Padroni
80746	CO	Paoli
80747	CO	Peetz
80749	CO	Sedgwick
80750	CO	Snyder
80751	CO	Sterling
80754	CO	Stoneham
80755	CO	Vernon
80757	CO	Woodrow
80758	CO	Wray|Laird
80759	CO	Yuma
80801	CO	Anton
80802	CO	Arapahoe
80804	CO	Arriba
80805	CO	Bethune
80807	CO	Burlington
80808	CO	Calhan|Ellicott
80809	CO	Cascade|Cascade-Chipita Park
80810	CO	Cheyenne Wells
80812	CO	Cope
80813	CO	Cripple Creek|Victor
80814	CO	Divide|Midland
80815	CO	Flagler
80816	CO	Florissant|Cripple Creek
80817	CO	Fountain|Security-Widefield
80818	CO	Genoa
80819	CO	Green Mountain Falls|Cascade-Chipita Park
80820	CO	Guffey
80821	CO	Hugo
80822	CO	Joes
80823	CO	Karval
80824	CO	Kirk
80825	CO	Kit Carson
80826	CO	Limon
80827	CO	Lake George
80828	CO	Limon
80829	CO	Manitou Springs
80830	CO	Matheson
80831	CO	Peyton
80832	CO	Ramah
80833	CO	Rush
80834	CO	Seibert
80835	CO	Simla
80836	CO	Stratton
80840	CO	Usaf Academy|Air Force Academy
80841	CO	Usaf Academy
80860	CO	Victor|Goldfield
80861	CO	Vona
80862	CO	Wild Horse
80863	CO	Woodland Park|Cascade-Chipita Park
80864	CO	Yoder
80866	CO	Woodland Park
80901	CO	Colorado Springs
80902	CO	Colorado Springs|Fort Carson
80903	CO	Colorado Springs
80904	CO	Colorado Springs
80905	CO	Colorado Springs
80906	CO	Colorado Springs|Stratmoor
80907	CO	Colorado Springs
80908	CO	Colorado Springs|Black Forest
80909	CO	Colorado Springs
80910	CO	Colorado Springs
80911	CO	Colorado Springs|Security-Widefield|Stratmoor
80912	CO	Colorado Springs
80913	CO	Colorado Springs|Fort Carson
80914	CO	Colorado Springs
80915	CO	Colorado Springs|Cimarron Hills
80916	CO	Colorado Springs
80917	CO	Colorado Springs
80918	CO	Colorado Springs
80919	CO	Colorado Springs
80920	CO	Colorado Springs
80921	CO	Colorado Springs|Monument|Gleneagle
80922	CO	Colorado Springs|Cimarron Hills
80923	CO	Colorado Springs
80924	CO	Colorado Springs
80925	CO	Colorado Springs|Fountain|Security-Widefield
80926	CO	Colorado Springs|Rock Creek Park
80927	CO	Colorado Springs
80928	CO	Colorado Springs
80929	CO	Colorado Springs
80930	CO	Colorado Springs
80931	CO	Colorado Springs
80932	CO	Colorado Springs
80933	CO	Colorado Springs
80934	CO	Colorado Springs
80935	CO	Colorado Springs
80936	CO	Colorado Springs
80937	CO	Colorado Springs
80938	CO	Colorado Springs
80939	CO	Colorado Springs
80941	CO	Colorado Springs
80942	CO	Colorado Springs
80944	CO	Colorado Springs
80946	CO	Colorado Springs
80947	CO	Colorado Springs
80949	CO	Colorado Springs
80950	CO	Colorado Springs
80951	CO	Colorado Springs
80960	CO	Colorado Springs
80962	CO	Colorado Springs
80970	CO	Colorado Springs
80977	CO	Colorado Springs
80995	CO	Colorado Springs
80997	CO	Colorado Springs
81001	CO	Pueblo
81002	CO	Pueblo
81003	CO	Pueblo
81004	CO	Pueblo
81005	CO	Pueblo
81006	CO	Pueblo|Blende|Vineland|Salt Creek
81007	CO	Pueblo|Pueblo West
81008	CO	Pueblo
81009	CO	Pueblo
81010	CO	Pueblo
81011	CO	Pueblo
81012	CO	Pueblo
81019	CO	Colorado City
81020	CO	Aguilar|Lynn
81021	CO	Arlington
81022	CO	Avondale
81023	CO	Beulah|Beulah Valley
81024	CO	Boncarbo
81025	CO	Boone
81027	CO	Branson
81029	CO	Campo
81030	CO	Cheraw
81033	CO	Crowley
81034	CO	Crowley
81036	CO	Eads
81038	CO	Fort Lyon
81039	CO	Fowler
81040	CO	Gardner
81041	CO	Granada
81043	CO	Hartman
81044	CO	Hasty
81045	CO	Haswell
81046	CO	Hoehne
81047	CO	Holly|Hartman
81049	CO	Kim
81050	CO	La Junta|Cheraw|North La Junta|La Junta Gardens
81052	CO	Lamar
81054	CO	Las Animas
81055	CO	La Veta
81057	CO	Mc Clave|McClave
81058	CO	Manzanola
81059	CO	Model
81062	CO	Olney Springs
81063	CO	Ordway
81064	CO	Pritchett
81067	CO	Rocky Ford
81069	CO	Rye|Colorado City
81071	CO	Sheridan Lake|Brandon|Towner
81073	CO	Springfield
81076	CO	Sugar City
81077	CO	Swink
81081	CO	Trinchera|Branson
81082	CO	Trinidad|Cokedale|Starkville|El Moro|Hoehne|Valdez|Jansen|Segundo
81084	CO	Two Buttes
81087	CO	Vilas
81089	CO	Walsenburg
81090	CO	Walsh
81091	CO	Weston|Stonewall Gap
81092	CO	Wiley
81101	CO	Alamosa|Alamosa East
81102	CO	Alamosa
81120	CO	Antonito|Conejos
81121	CO	Arboles
81122	CO	Bayfield
81123	CO	Blanca
81124	CO	Capulin
81125	CO	Center
81126	CO	Chama
81128	CO	Chromo
81129	CO	Conejos
81130	CO	Creede|City of Creede
81131	CO	Crestone
81132	CO	Del Norte
81133	CO	Fort Garland
81135	CO	Homelake
81136	CO	Hooper
81137	CO	Ignacio|Southern Ute|Arboles
81138	CO	Jaroso
81140	CO	La Jara
81141	CO	Manassa
81143	CO	Moffat
81144	CO	Monte Vista
81146	CO	Mosca
81147	CO	Pagosa Springs|Piedra
81148	CO	Romeo
81149	CO	Saguache
81151	CO	Sanford|San Acacio
81152	CO	San Luis
81154	CO	South Fork|Gerrard|Alpine
81155	CO	Villa Grove|Bonanza
81157	CO	Pagosa Springs
81201	CO	Salida|Poncha Springs|Maysville|Smeltertown
81210	CO	Almont
81211	CO	Buena Vista|Johnson Village
81212	CO	Canon City|Cañon City|Williamsburg|Brookside|Park Center|Lincoln Park
81215	CO	Canon City
81220	CO	Cimarron
81221	CO	Coal Creek
81222	CO	Coaldale
81223	CO	Cotopaxi
81224	CO	Crested Butte
81225	CO	Crested Butte|Mount Crested Butte
81226	CO	Florence|Williamsburg|Rockvale
81227	CO	Monarch|Garfield
81228	CO	Granite
81230	CO	Gunnison
81231	CO	Gunnison
81232	CO	Hillside
81233	CO	Howard
81235	CO	Lake City|Cathedral
81236	CO	Nathrop
81237	CO	Ohio City
81239	CO	Parlin
81240	CO	Penrose
81241	CO	Pitkin
81242	CO	Poncha Springs
81243	CO	Powderhorn
81244	CO	Rockvale
81248	CO	Sargents
81251	CO	Twin Lakes
81252	CO	Westcliffe|Silver Cliff
81253	CO	Wetmore
81290	CO	Florence
81301	CO	Durango
81302	CO	Durango
81303	CO	Durango
81320	CO	Cahone
81321	CO	Cortez|Towaoc
81323	CO	Dolores
81324	CO	Dove Creek
81325	CO	Egnar
81326	CO	Hesperus|Marvel
81327	CO	Lewis
81328	CO	Mancos
81329	CO	Marvel
81330	CO	Mesa Verde National Park
81331	CO	Pleasant View
81332	CO	Rico
81334	CO	Towaoc
81335	CO	Yellow Jacket
81401	CO	Montrose
81402	CO	Montrose
81403	CO	Montrose|Colona
81410	CO	Austin|Orchard City
81411	CO	Bedrock
81413	CO	Cedaredge
81414	CO	Cory
81415	CO	Crawford
81416	CO	Delta
81418	CO	Eckert|Orchard City
81419	CO	Hotchkiss|Lazear
81420	CO	Lazear
81422	CO	Naturita
81423	CO	Norwood
81424	CO	Nucla
81425	CO	Olathe
81426	CO	Ophir
81427	CO	Ouray
81428	CO	Paonia
81429	CO	Paradox
81430	CO	Placerville|Sawpit
81431	CO	Redvale
81432	CO	Ridgway|Loghill Village|Portland
81433	CO	Silverton
81434	CO	Somerset
81435	CO	Telluride|Mountain Village
81501	CO	Grand Junction
81502	CO	Grand Junction
81503	CO	Grand Junction|Orchard Mesa
81504	CO	Grand Junction|Fruitvale|Clifton
81505	CO	Grand Junction
81506	CO	Grand Junction
81507	CO	Grand Junction|Redlands
81520	CO	Clifton
81521	CO	Fruita
81522	CO	Gateway
81523	CO	Glade Park
81524	CO	Loma
81525	CO	Mack
81526	CO	Palisade
81527	CO	Whitewater
81601	CO	Glenwood Springs|Carbonate|Cattle Creek|Chacra|No Name
81602	CO	Glenwood Springs
81610	CO	Dinosaur
81611	CO	Aspen|Snowmass Village|Woody Creek
81612	CO	Aspen
81615	CO	Snowmass Village
81620	CO	Avon
81621	CO	Basalt
81623	CO	Carbondale|Marble|El Jebel|Catherine|Mulford|Redstone
81624	CO	Collbran
81625	CO	Craig|Maybell
81626	CO	Craig
81630	CO	De Beque
81631	CO	Eagle|Fulford
81632	CO	Edwards
81633	CO	Dinosaur
81635	CO	Parachute|Battlement Mesa
81636	CO	Battlement Mesa
81637	CO	Gypsum|Dotsero
81638	CO	Hamilton
81639	CO	Hayden
81640	CO	Maybell
81641	CO	Meeker
81642	CO	Meredith|Norrie
81643	CO	Mesa
81645	CO	Minturn
81646	CO	Molina
81647	CO	New Castle|Silt|Chacra
81648	CO	Rangely
81649	CO	Red Cliff|Minturn
81650	CO	Rifle
81652	CO	Silt
81653	CO	Slater
81654	CO	Snowmass
81655	CO	Wolcott
81656	CO	Woody Creek
81657	CO	Vail
81658	CO	Vail
82001	WY	Cheyenne|Warren AFB
82002	WY	Cheyenne
82003	WY	Cheyenne
82005	WY	Fe Warren Afb|Warren AFB
82006	WY	Cheyenne
82007	WY	Cheyenne|Fox Farm-College|South Greeley
82008	WY	Cheyenne
82009	WY	Cheyenne|Ranchettes
82010	WY	Cheyenne
82050	WY	Albin
82051	WY	Bosler
82052	WY	Buford
82053	WY	Burns
82054	WY	Carpenter
82055	WY	Centennial
82058	WY	Garrett
82059	WY	Granite Canon
82060	WY	Hillsdale
82061	WY	Horse Creek
82063	WY	Jelm|Woods Landing-Jelm
82070	WY	Laramie|Albany|Woods Landing-Jelm|Fox Park
82071	WY	Laramie
82072	WY	Laramie
82073	WY	Laramie
82081	WY	Meriden
82082	WY	Pine Bluffs
82083	WY	Rock River|Arlington
82084	WY	Tie Siding
82190	WY	Yellowstone National Park|Mammoth
82201	WY	Wheatland|Guernsey|Slater|Y-O Ranch|Westview Circle|Chugcreek|Whiting|Lakeview North|El Rancho
82210	WY	Chugwater
82212	WY	Fort Laramie
82213	WY	Glendo
82214	WY	Guernsey
82215	WY	Hartville
82217	WY	Hawk Springs
82218	WY	Huntley
82219	WY	Jay Em
82221	WY	Lagrange
82222	WY	Lance Creek
82223	WY	Lingle
82224	WY	Lost Springs
82225	WY	Lusk|Lance Creek
82227	WY	Manville
82229	WY	Shawnee|Lost Springs
82240	WY	Torrington|Huntley
82242	WY	Van Tassell
82243	WY	Veteran
82244	WY	Yoder|Hawk Springs
82301	WY	Rawlins
82310	WY	Jeffrey City
82321	WY	Baggs
82322	WY	Bairoil
82323	WY	Dixon
82324	WY	Elk Mountain
82325	WY	Encampment|Riverside
82327	WY	Hanna
82329	WY	Medicine Bow
82331	WY	Saratoga|Ryan Park
82332	WY	Savery
82334	WY	Sinclair
82335	WY	Walcott
82336	WY	Wamsutter
82401	WY	Worland
82410	WY	Basin
82411	WY	Burlington
82412	WY	Byron
82414	WY	Cody
82420	WY	Cowley
82421	WY	Deaver
82422	WY	Emblem
82423	WY	Frannie
82426	WY	Greybull
82428	WY	Hyattville
82430	WY	Kirby
82431	WY	Lovell
82432	WY	Manderson
82433	WY	Meeteetse
82434	WY	Otto
82435	WY	Powell|Ralston|Garland
82440	WY	Ralston
82441	WY	Shell
82442	WY	Ten Sleep
82443	WY	Thermopolis|East Thermopolis|Lucerne|Owl Creek
82450	WY	Wapiti
82501	WY	Riverton|Arapahoe
82510	WY	Arapahoe|Ethete
82512	WY	Crowheart
82513	WY	Dubois
82514	WY	Fort Washakie
82515	WY	Hudson
82516	WY	Kinnear|Johnstown
82520	WY	Lander|Boulder Flats|Ethete|Jeffrey City|Atlantic City|Fort Washakie
82523	WY	Pavillion
82524	WY	Saint Stephens
82601	WY	Casper|Bar Nunn|Mills|Casper Mountain|Antelope Hills|Homa Hills|Hartrandt
82602	WY	Casper
82604	WY	Casper|Mills|Vista West|Mountain View|Bessemer Bend|Red Butte
82605	WY	Casper
82609	WY	Casper
82615	WY	Shirley Basin
82620	WY	Alcova
82630	WY	Arminto
82633	WY	Douglas|Esterbrook|Orin
82635	WY	Edgerton
82636	WY	Evansville|Meadow Acres|Brookhurst
82637	WY	Glenrock|Rolling Hills
82638	WY	Hiland
82639	WY	Kaycee
82640	WY	Linch
82642	WY	Lysite
82643	WY	Midwest
82644	WY	Mills
82646	WY	Natrona
82648	WY	Powder River
82649	WY	Shoshoni
82701	WY	Newcastle|Hill View Heights
82710	WY	Aladdin
82711	WY	Alva
82712	WY	Beulah
82714	WY	Devils Tower
82715	WY	Four Corners
82716	WY	Gillette
82717	WY	Gillette
82718	WY	Gillette|Wright|Sleepy Hollow
82720	WY	Hulett
82721	WY	Moorcroft|Pine Haven
82723	WY	Osage
82725	WY	Recluse
82727	WY	Rozet
82729	WY	Sundance
82730	WY	Upton
82731	WY	Weston
82732	WY	Wright
82801	WY	Sheridan|Powder Horn|Big Horn
82831	WY	Arvada
82832	WY	Banner|Story
82833	WY	Big Horn
82834	WY	Buffalo
82835	WY	Clearmont
82836	WY	Dayton
82837	WY	Leiter
82838	WY	Parkman
82839	WY	Ranchester
82840	WY	Saddlestring
82842	WY	Story
82844	WY	Wolf
82845	WY	Wyarno
82901	WY	Rock Springs|North Rock Springs|Table Rock|Clearview Acres|Reliance|Arrowhead Springs|Purple Sage
82902	WY	Rock Springs
82922	WY	Bondurant
82923	WY	Boulder
82925	WY	Cora
82929	WY	Little America
82930	WY	Evanston|Bear River
82931	WY	Evanston
82932	WY	Farson|Eden
82933	WY	Fort Bridger|Robertson
82934	WY	Granger
82935	WY	Green River|James Town
82936	WY	Lonetree
82937	WY	Lyman|Urie
82938	WY	Mc Kinnon|McKinnon|Washam
82939	WY	Mountain View|Carter
82941	WY	Pinedale|Cora
82942	WY	Point Of Rocks
82943	WY	Reliance
82944	WY	Robertson
82945	WY	Superior
83001	WY	Jackson|Hoback|South Park|Rafter J Ranch
83002	WY	Jackson
83011	WY	Kelly
83012	WY	Moose
83013	WY	Moran
83014	WY	Wilson|Moose Wilson Road
83025	WY	Teton Village
83101	WY	Kemmerer|Diamondville|Fontenelle|Oakley
83110	WY	Afton|Osmond|Fairview|Grover|Smoot
83111	WY	Auburn
83112	WY	Bedford|Turnerville|Grover
83113	WY	Big Piney|Marbleton
83114	WY	Cokeville|Taylor
83115	WY	Daniel
83116	WY	Kemmerer|Diamondville
83118	WY	Etna|Nordic
83119	WY	Fairview
83120	WY	Freedom
83121	WY	Frontier
83122	WY	Grover
83123	WY	La Barge
83124	WY	Opal
83126	WY	Smoot
83127	WY	Thayne|Star Valley Ranch
83128	WY	Alpine|Alpine Northeast|Alpine Northwest
83201	ID	Pocatello
83202	ID	Pocatello|Chubbuck|Fort Hall|Tyhee
83203	ID	Fort Hall
83204	ID	Pocatello|Arbon Valley
83205	ID	Pocatello
83206	ID	Pocatello
83209	ID	Pocatello
83210	ID	Aberdeen
83211	ID	American Falls
83212	ID	Arbon
83213	ID	Arco|Butte City
83214	ID	Arimo
83215	ID	Atomic City
83217	ID	Bancroft
83218	ID	Basalt
83220	ID	Bern
83221	ID	Blackfoot|Fort Hall|Moreland|Groveland|Riverside|Rockford
83223	ID	Bloomington
83226	ID	Challis
83227	ID	Clayton
83228	ID	Clifton|Oxford
83229	ID	Cobalt
83230	ID	Conda
83232	ID	Dayton
83233	ID	Dingle
83234	ID	Downey
83235	ID	Ellis
83236	ID	Firth|Basalt
83237	ID	Franklin
83238	ID	Geneva
83239	ID	Georgetown
83241	ID	Grace
83243	ID	Holbrook
83244	ID	Howe
83245	ID	Inkom
83246	ID	Lava Hot Springs
83250	ID	McCammon
83251	ID	Mackay
83252	ID	Malad City
83253	ID	May
83254	ID	Montpelier|Bennington
83255	ID	Moore
83256	ID	Moreland
83261	ID	Paris
83262	ID	Pingree
83263	ID	Preston
83271	ID	Rockland
83272	ID	Saint Charles|St. Charles
83274	ID	Shelley
83276	ID	Soda Springs
83277	ID	Springfield
83278	ID	Stanley|Clayton
83281	ID	Swanlake
83283	ID	Thatcher
83285	ID	Wayan
83286	ID	Weston|Dayton
83287	ID	Fish Haven
83301	ID	Twin Falls|Hollister
83302	ID	Rogerson
83303	ID	Twin Falls
83311	ID	Albion
83312	ID	Almo
83313	ID	Bellevue|Gannett
83314	ID	Bliss
83316	ID	Buhl
83318	ID	Burley
83320	ID	Carey
83321	ID	Castleford
83322	ID	Corral
83323	ID	Declo
83324	ID	Dietrich
83325	ID	Eden
83327	ID	Fairfield
83328	ID	Filer
83330	ID	Gooding
83332	ID	Hagerman
83333	ID	Hailey
83334	ID	Hansen
83335	ID	Hazelton
83336	ID	Heyburn|Burley
83337	ID	Hill City
83338	ID	Jerome
83340	ID	Ketchum|Sun Valley
83341	ID	Kimberly
83342	ID	Malta
83343	ID	Minidoka
83344	ID	Murtaugh
83346	ID	Oakley
83347	ID	Paul
83348	ID	Picabo
83349	ID	Richfield
83350	ID	Rupert|Acequia|Minidoka
83352	ID	Shoshone
83353	ID	Sun Valley
83354	ID	Sun Valley
83355	ID	Wendell
83401	ID	Idaho Falls|Ammon|Ucon|Iona|Lincoln
83402	ID	Idaho Falls
83403	ID	Idaho Falls
83404	ID	Idaho Falls
83405	ID	Idaho Falls
83406	ID	Idaho Falls|Ammon
83414	WY	Alta
83415	ID	Idaho Falls
83420	ID	Ashton|Warm River|Drummond
83421	ID	Chester
83422	ID	Driggs
83423	ID	Dubois|Spencer
83424	ID	Felt
83425	ID	Hamer
83427	ID	Iona
83428	ID	Irwin|Swan Valley
83429	ID	Island Park
83431	ID	Lewisville
83433	ID	Macks Inn|Island Park
83434	ID	Menan
83435	ID	Monteview
83436	ID	Newdale
83438	ID	Parker
83440	ID	Rexburg|Sugar City
83441	ID	Rexburg
83442	ID	Rigby|Ririe
83443	ID	Ririe|Swan Valley
83444	ID	Roberts
83445	ID	Saint Anthony|St. Anthony|Parker
83446	ID	Spencer
83448	ID	Sugar City
83449	ID	Swan Valley|Irwin
83450	ID	Terreton|Mud Lake
83451	ID	Teton
83452	ID	Tetonia
83454	ID	Ucon
83455	ID	Victor
83460	ID	Rexburg
83462	ID	Carmen
83463	ID	Gibbonsville
83464	ID	Leadore
83465	ID	Lemhi
83466	ID	North Fork
83467	ID	Salmon
83468	ID	Tendoy
83469	ID	Shoup
83501	ID	Lewiston
83520	ID	Ahsahka
83522	ID	Cottonwood
83523	ID	Craigmont
83524	ID	Culdesac
83525	ID	Elk City
83526	ID	Ferdinand
83530	ID	Grangeville
83531	ID	Fenn
83533	ID	Greencreek
83535	ID	Juliaetta
83536	ID	Kamiah
83537	ID	Kendrick
83539	ID	Kooskia
83540	ID	Lapwai|Sweetwater
83541	ID	Lenore
83542	ID	Lucile
83543	ID	Nezperce
83544	ID	Orofino
83545	ID	Peck
83546	ID	Pierce
83547	ID	Pollock
83548	ID	Reubens
83549	ID	Riggins
83552	ID	Stites
83553	ID	Weippe
83554	ID	White Bird
83555	ID	Winchester
83601	ID	Atlanta
83602	ID	Banks
83604	ID	Bruneau
83605	ID	Caldwell
83606	ID	Caldwell
83607	ID	Caldwell|Notus
83610	ID	Cambridge
83611	ID	Cascade|Smiths Ferry
83612	ID	Council
83615	ID	Donnelly
83616	ID	Eagle|Star
83617	ID	Emmett|Letha
83619	ID	Fruitland
83622	ID	Garden Valley|Crouch
83623	ID	Glenns Ferry
83624	ID	Grand View
83626	ID	Greenleaf
83627	ID	Hammett
83628	ID	Homedale
83629	ID	Horseshoe Bend
83630	ID	Huston
83631	ID	Idaho City
83632	ID	Indian Valley
83633	ID	King Hill
83634	ID	Kuna
83635	ID	Lake Fork
83636	ID	Letha
83637	ID	Lowman
83638	ID	McCall
83639	ID	Marsing
83641	ID	Melba
83642	ID	Meridian|Kuna
83643	ID	Mesa
83644	ID	Middleton
83645	ID	Midvale
83646	ID	Meridian
83647	ID	Mountain Home
83648	ID	Mountain Home Afb
83650	ID	Murphy
83651	ID	Nampa
83652	ID	Nampa
83653	ID	Nampa
83654	ID	New Meadows
83655	ID	New Plymouth
83656	ID	Notus
83657	ID	Ola
83660	ID	Parma
83661	ID	Payette
83666	ID	Placerville
83669	ID	Star
83670	ID	Sweet
83671	ID	Warren
83672	ID	Weiser
83676	ID	Wilder
83677	ID	Yellow Pine
83680	ID	Meridian
83686	ID	Nampa
83687	ID	Nampa|Caldwell
83701	ID	Boise
83702	ID	Boise|Boise City
83703	ID	Boise City|Boise|Garden City
83704	ID	Boise City|Boise
83705	ID	Boise City|Boise
83706	ID	Boise City|Boise
83707	ID	Boise
83708	ID	Boise
83709	ID	Boise|Boise City
83711	ID	Boise
83712	ID	Boise|Boise City
83713	ID	Boise City|Boise
83714	ID	Garden City|Boise City|Hidden Springs|Avimor
83715	ID	Boise
83716	ID	Boise|Boise City|Robie Creek
83717	ID	Boise
83719	ID	Boise
83720	ID	Boise City|Boise
83722	ID	Boise
83724	ID	Boise
83725	ID	Boise City|Boise
83726	ID	Boise
83728	ID	Boise
83729	ID	Boise
83731	ID	Boise
83732	ID	Boise
83735	ID	Boise
83756	ID	Boise
83799	ID	Boise
83801	ID	Athol
83802	ID	Avery
83803	ID	Bayview
83804	ID	Blanchard
83805	ID	Bonners Ferry
83806	ID	Bovill
83808	ID	Calder
83809	ID	Careywood
83810	ID	Cataldo
83811	ID	Clark Fork
83812	ID	Clarkia
83813	ID	Cocolalla
83814	ID	Coeur d'Alene|Fernan Lake Village|Huetter|Rockford Bay
83815	ID	Coeur d'Alene|Dalton Gardens
83816	ID	Coeur d'Alene
83821	ID	Coolin
83822	ID	Oldtown
83823	ID	Deary
83824	ID	Desmet|De Smet
83825	ID	Dover
83826	ID	Eastport
83827	ID	Elk River
83830	ID	Fernwood
83832	ID	Genesee
83833	ID	Harrison
83834	ID	Harvard
83835	ID	Hayden|Hayden Lake
83836	ID	Hope|East Hope
83837	ID	Kellogg|Wardner
83839	ID	Kingston
83840	ID	Kootenai
83841	ID	Laclede
83842	ID	Medimont
83843	ID	Moscow
83844	ID	Moscow
83845	ID	Moyie Springs
83846	ID	Mullan
83847	ID	Naples
83848	ID	Nordman
83849	ID	Osburn
83850	ID	Pinehurst
83851	ID	Plummer
83852	ID	Ponderay
83853	ID	Porthill
83854	ID	Post Falls|Hauser|Rathdrum|State Line
83855	ID	Potlatch|Onaway
83856	ID	Priest River
83857	ID	Princeton
83858	ID	Rathdrum
83860	ID	Sagle
83861	ID	Saint Maries|St. Maries|Parkline
83864	ID	Sandpoint|Dover|Ponderay|Kootenai
83865	ID	Colburn
83866	ID	Santa
83867	ID	Silverton
83868	ID	Smelterville
83869	ID	Spirit Lake
83870	ID	Tensed
83871	ID	Troy
83872	ID	Viola
83873	ID	Wallace
83874	ID	Murray
83876	ID	Worley|Conkling Park
83877	ID	Post Falls
84001	UT	Altamont|Bluebell
84002	UT	Altonah
84003	UT	American Fork|Highland|Lehi
84004	UT	Alpine
84005	UT	Eagle Mountain
84006	UT	Bingham Canyon|West Jordan|Copperton metro township
84007	UT	Bluebell
84008	UT	Bonanza
84009	UT	South Jordan
84010	UT	Bountiful|Woods Cross|West Bountiful
84011	UT	Bountiful
84013	UT	Cedar Valley|Cedar Fort|Fairfield|Eagle Mountain
84014	UT	Centerville
84015	UT	Clearfield|West Point|Clinton|Sunset
84016	UT	Clearfield
84017	UT	Coalville|Wanship|Hoytsville
84018	UT	Croydon
84020	UT	Draper
84021	UT	Duchesne
84022	UT	Dugway
84023	UT	Dutch John|Flaming Gorge
84024	UT	Echo
84025	UT	Farmington|Centerville
84026	UT	Fort Duchesne
84027	UT	Fruitland
84028	UT	Garden City|Garden
84029	UT	Grantsville|Erda
84031	UT	Hanna
84032	UT	Heber City|Independence|Heber|Daniel|Charleston|Hideout|Timber Lakes
84033	UT	Henefer|Coalville
84034	UT	Ibapah
84035	UT	Jensen
84036	UT	Kamas|Hideout|Francis|Oakley|Marion|Samak|Woodland
84037	UT	Kaysville|Fruit Heights
84038	UT	Laketown|Garden
84039	UT	Lapoint
84040	UT	Layton
84041	UT	Layton
84042	UT	Lindon
84043	UT	Lehi|Saratoga Springs
84044	UT	Magna|Magna metro township
84045	UT	Saratoga Springs
84046	UT	Manila
84047	UT	Midvale
84048	UT	Lehi
84049	UT	Midway|Interlaken
84050	UT	Morgan|Mountain Green|Enterprise
84051	UT	Mountain Home
84052	UT	Myton
84053	UT	Neola
84054	UT	North Salt Lake
84055	UT	Oakley
84056	UT	Hill Afb|Clearfield|Sunset
84057	UT	Orem
84058	UT	Orem
84059	UT	Vineyard|Orem
84060	UT	Park City
84061	UT	Peoa|Oakley
84062	UT	Pleasant Grove|Cedar Hills|Lindon
84063	UT	Randlett
84064	UT	Randolph
84065	UT	Bluffdale|Riverton
84066	UT	Roosevelt|Ballard
84067	UT	Roy
84068	UT	Park City
84069	UT	Rush Valley
84070	UT	Sandy
84071	UT	Stockton|Ophir
84072	UT	Tabiona
84073	UT	Talmage
84074	UT	Tooele|Erda|Stansbury Park
84075	UT	Syracuse
84076	UT	Tridell
84078	UT	Vernal|Naples|Maeser|Bonanza
84079	UT	Vernal
84080	UT	Vernon
84081	UT	West Jordan
84082	UT	Wallsburg|Charleston
84083	UT	Wendover
84084	UT	West Jordan
84085	UT	Whiterocks
84086	UT	Woodruff
84087	UT	Woods Cross|West Bountiful|North Salt Lake|Centerville
84088	UT	West Jordan
84089	UT	Clearfield
84090	UT	Sandy
84091	UT	Sandy
84092	UT	Sandy|Alta|Granite
84093	UT	Sandy|Cottonwood Heights
84094	UT	Sandy|White City metro township
84095	UT	South Jordan
84096	UT	Herriman|Riverton
84097	UT	Orem
84098	UT	Park City|Summit Park|Silver Summit|Snyderville|East Basin
84101	UT	Salt Lake City
84102	UT	Salt Lake City
84103	UT	Salt Lake City
84104	UT	Salt Lake City
84105	UT	Salt Lake City
84106	UT	Salt Lake City|Millcreek|South Salt Lake
84107	UT	Murray|Salt Lake City|Millcreek
84108	UT	Salt Lake City|Emigration Canyon metro township
84109	UT	Salt Lake City|Millcreek
84110	UT	Salt Lake City
84111	UT	Salt Lake City
84112	UT	Salt Lake City
84113	UT	Salt Lake City
84114	UT	Salt Lake City
84115	UT	South Salt Lake|Salt Lake City
84116	UT	Salt Lake City
84117	UT	Holladay|Salt Lake City|Millcreek|Murray
84118	UT	West Valley City|Salt Lake City|Kearns metro township
84119	UT	West Valley City|South Salt Lake
84120	UT	West Valley City
84121	UT	Salt Lake City|Brighton|Cottonwood Heights|Holladay|Murray
84122	UT	Salt Lake City
84123	UT	Salt Lake City|Taylorsville|Murray
84124	UT	Salt Lake City|Millcreek|Holladay
84125	UT	Salt Lake City
84126	UT	Salt Lake City
84127	UT	Salt Lake City
84128	UT	West Valley City|Salt Lake City
84129	UT	Taylorsville|Salt Lake City
84130	UT	Salt Lake City
84131	UT	Salt Lake City
84132	UT	Salt Lake City
84133	UT	Salt Lake City
84134	UT	Salt Lake City
84136	UT	Salt Lake City
84138	UT	Salt Lake City
84139	UT	Salt Lake City
84141	UT	Salt Lake City
84143	UT	Salt Lake City
84145	UT	Salt Lake City
84147	UT	Salt Lake City
84148	UT	Salt Lake City
84150	UT	Salt Lake City
84151	UT	Salt Lake City
84152	UT	Salt Lake City
84157	UT	Salt Lake City
84158	UT	Salt Lake City
84165	UT	Salt Lake City
84170	UT	Salt Lake City
84171	UT	Salt Lake City
84180	UT	Salt Lake City
84184	UT	Salt Lake City
84189	UT	Salt Lake City
84190	UT	Salt Lake City
84199	UT	Salt Lake City
84201	UT	Ogden
84244	UT	Ogden
84301	UT	Bear River City
84302	UT	Brigham City|Perry|Honeyville|Deweyville
84304	UT	Cache Junction|Cache
84305	UT	Clarkston
84306	UT	Collinston
84307	UT	Corinne
84308	UT	Cornish
84309	UT	Deweyville
84310	UT	Eden|Liberty|Wolf Creek
84311	UT	Fielding|Riverside
84312	UT	Garland|Riverside
84313	UT	Grouse Creek
84314	UT	Honeyville|Deweyville
84315	UT	Hooper
84316	UT	Howell
84317	UT	Huntsville
84318	UT	Hyde Park
84319	UT	Hyrum
84320	UT	Lewiston|Cove
84321	UT	Logan|Nibley|River Heights|Millville|Benson
84322	UT	Logan
84323	UT	Logan
84324	UT	Mantua
84325	UT	Mendon|Peter
84326	UT	Millville
84327	UT	Newton|Cache
84328	UT	Paradise|Avon
84329	UT	Park Valley
84330	UT	Plymouth
84331	UT	Portage
84332	UT	Providence
84333	UT	Richmond|Cove
84334	UT	Riverside
84335	UT	Smithfield|Amalga|Hyde Park|Benson
84336	UT	Snowville
84337	UT	Tremonton|Elwood|Thatcher
84338	UT	Trenton
84339	UT	Wellsville|Benson
84340	UT	Willard|Perry|South Willard
84341	UT	North Logan|Logan
84401	UT	Ogden|West Haven
84402	UT	Ogden
84403	UT	Ogden|South Ogden|Uintah
84404	UT	Ogden|Plain City|Marriott-Slaterville|Farr West|Harrisville|Pleasant View|North Ogden
84405	UT	Ogden|Riverdale|South Weber|Washington Terrace|South Ogden|Uintah
84407	UT	Ogden
84408	UT	Ogden
84409	UT	Ogden
84412	UT	Ogden
84414	UT	Ogden|North Ogden|Pleasant View|Harrisville
84415	UT	Ogden
84501	UT	Price|Wellington|Carbonville|West Wood
84510	UT	Aneth
84511	UT	Blanding|White Mesa
84512	UT	Bluff|Tselakai Dezza
84513	UT	Castle Dale
84515	UT	Cisco
84516	UT	Clawson
84518	UT	Cleveland
84520	UT	East Carbon
84521	UT	Elmo
84522	UT	Emery
84523	UT	Ferron
84525	UT	Green River
84526	UT	Helper|Scofield|Spring Glen|Carbonville|Clear Creek|Kenilworth
84528	UT	Huntington
84529	UT	Kenilworth
84530	UT	La Sal
84531	UT	Mexican Hat|Halchita
84532	UT	Moab|Castle Valley|Spanish Valley|La Sal
84533	UT	Lake Powell|Halls Crossing
84534	UT	Montezuma Creek|Aneth
84535	UT	Monticello
84536	UT	Monument Valley|Oljato-Monument Valley|Halchita
84537	UT	Orangeville
84539	UT	Sunnyside|East Carbon
84540	UT	Thompson|Thompson Springs
84542	UT	Wellington
84601	UT	Provo
84602	UT	Provo
84603	UT	Provo
84604	UT	Provo|Sundance
84605	UT	Provo
84606	UT	Provo
84620	UT	Aurora
84621	UT	Axtell
84622	UT	Centerfield
84623	UT	Chester
84624	UT	Delta|Hinckley|Deseret|Sutherland|Oasis
84626	UT	Elberta
84627	UT	Ephraim
84628	UT	Eureka
84629	UT	Fairview
84630	UT	Fayette
84631	UT	Fillmore
84632	UT	Fountain Green
84633	UT	Goshen
84634	UT	Gunnison
84635	UT	Hinckley
84636	UT	Holden
84637	UT	Kanosh
84638	UT	Leamington
84639	UT	Levan
84640	UT	Lynndyl
84642	UT	Manti
84643	UT	Mayfield
84644	UT	Meadow
84645	UT	Mona|Rocky Ridge
84646	UT	Moroni
84647	UT	Mount Pleasant
84648	UT	Nephi
84649	UT	Oak City
84651	UT	Payson|Elk Ridge|Santaquin|West Mountain|Spring Lake
84652	UT	Redmond
84653	UT	Salem|Woodland Hills|Payson
84654	UT	Salina
84655	UT	Santaquin|Genola
84656	UT	Scipio
84657	UT	Sigurd
84660	UT	Spanish Fork|Mapleton|Benjamin|Palmyra|Lake Shore
84662	UT	Spring City
84663	UT	Springville|Hobble Creek
84664	UT	Mapleton
84665	UT	Sterling
84667	UT	Wales
84701	UT	Richfield
84710	UT	Alton
84711	UT	Annabella
84712	UT	Antimony
84713	UT	Beaver
84714	UT	Beryl|Beryl Junction
84715	UT	Bicknell
84716	UT	Boulder
84718	UT	Cannonville|Tropic
84719	UT	Brian Head
84720	UT	Cedar City|Cedar Highlands|Toquerville
84721	UT	Cedar City|Enoch
84722	UT	Central
84723	UT	Circleville
84724	UT	Elsinore
84725	UT	Enterprise
84726	UT	Escalante
84728	UT	Garrison
84729	UT	Glendale
84730	UT	Glenwood
84731	UT	Greenville
84732	UT	Greenwich
84733	UT	Gunlock
84734	UT	Hanksville
84735	UT	Hatch
84736	UT	Henrieville
84737	UT	Hurricane|Apple Valley|Virgin|Hildale
84738	UT	Ivins
84739	UT	Joseph
84740	UT	Junction
84741	UT	Kanab|Big Water
84742	UT	Kanarraville
84743	UT	Kingston|Junction
84744	UT	Koosharem
84745	UT	La Verkin
84746	UT	Leeds|Toquerville
84747	UT	Loa|Fremont
84749	UT	Lyman
84750	UT	Marysvale
84751	UT	Milford
84752	UT	Minersville
84753	UT	Modena
84754	UT	Monroe|Central Valley
84755	UT	Mount Carmel|Orderville
84756	UT	Newcastle
84757	UT	New Harmony
84758	UT	Orderville
84759	UT	Panguitch
84760	UT	Paragonah
84761	UT	Parowan
84762	UT	Duck Creek Village
84763	UT	Rockville
84764	UT	Bryce|Bryce Canyon City
84765	UT	Santa Clara
84766	UT	Sevier
84767	UT	Springdale|Rockville
84770	UT	Saint George|St. George|Santa Clara
84771	UT	Saint George
84772	UT	Summit
84773	UT	Teasdale
84774	UT	Toquerville|La Verkin
84775	UT	Torrey
84776	UT	Tropic
84779	UT	Virgin
84780	UT	Washington
84781	UT	Pine Valley
84782	UT	Veyo
84783	UT	Dammeron Valley
84784	UT	Hildale
84790	UT	St. George|Saint George
84791	UT	Saint George
85001	AZ	Phoenix
85002	AZ	Phoenix
85003	AZ	Phoenix
85004	AZ	Phoenix
85005	AZ	Phoenix
85006	AZ	Phoenix
85007	AZ	Phoenix
85008	AZ	Phoenix
85009	AZ	Phoenix
85010	AZ	Phoenix
85011	AZ	Phoenix
85012	AZ	Phoenix
85013	AZ	Phoenix
85014	AZ	Phoenix
85015	AZ	Phoenix
85016	AZ	Phoenix
85017	AZ	Phoenix
85018	AZ	Phoenix
85019	AZ	Phoenix
85020	AZ	Phoenix
85021	AZ	Phoenix
85022	AZ	Phoenix
85023	AZ	Phoenix
85024	AZ	Phoenix
85025	AZ	Phoenix
85026	AZ	Phoenix
85027	AZ	Phoenix
85028	AZ	Phoenix
85029	AZ	Phoenix
85030	AZ	Phoenix
85031	AZ	Phoenix
85032	AZ	Phoenix
85033	AZ	Phoenix
85034	AZ	Phoenix
85035	AZ	Phoenix
85036	AZ	Phoenix
85037	AZ	Phoenix
85038	AZ	Phoenix
85039	AZ	Phoenix
85040	AZ	Phoenix
85041	AZ	Phoenix
85042	AZ	Phoenix
85043	AZ	Phoenix|Tolleson
85044	AZ	Phoenix
85045	AZ	Phoenix
85046	AZ	Phoenix
85048	AZ	Phoenix
85050	AZ	Phoenix
85051	AZ	Phoenix
85053	AZ	Phoenix
85054	AZ	Phoenix
85060	AZ	Phoenix
85061	AZ	Phoenix
85062	AZ	Phoenix
85063	AZ	Phoenix
85064	AZ	Phoenix
85065	AZ	Phoenix
85066	AZ	Phoenix
85067	AZ	Phoenix
85068	AZ	Phoenix
85069	AZ	Phoenix
85070	AZ	Phoenix
85071	AZ	Phoenix
85072	AZ	Phoenix
85073	AZ	Phoenix
85074	AZ	Phoenix
85075	AZ	Phoenix
85076	AZ	Phoenix
85078	AZ	Phoenix
85079	AZ	Phoenix
85080	AZ	Phoenix
85082	AZ	Phoenix
85083	AZ	Phoenix
85085	AZ	Phoenix
85086	AZ	Phoenix|New River|Anthem
85087	AZ	New River|Phoenix
85097	AZ	Phoenix
85098	AZ	Phoenix
85117	AZ	Apache Junction
85118	AZ	Gold Canyon|Queen Valley
85119	AZ	Apache Junction
85120	AZ	Apache Junction
85121	AZ	Bapchule|Casa Blanca|Wet Camp Village|Sacate Village|Sweet Water Village
85122	AZ	Casa Grande
85123	AZ	Arizona City|Eloy
85127	AZ	Chandler Heights
85128	AZ	Coolidge|Blackwater|Sacaton Flats Village
85130	AZ	Casa Grande
85131	AZ	Eloy|Coolidge|Red Rock|Picacho
85132	AZ	Florence|Cactus Forest
85135	AZ	Hayden
85137	AZ	Kearny
85138	AZ	Maricopa|Casa Blanca
85139	AZ	Maricopa|Goodyear|Ak-Chin Village
85140	AZ	San Tan Valley|Queen Creek
85141	AZ	Picacho
85142	AZ	Queen Creek|San Tan Valley
85143	AZ	San Tan Valley|Florence
85144	AZ	San Tan Valley
85145	AZ	Red Rock
85147	AZ	Sacaton|Upper Santan Village|Blackwater|Sacaton Flats Village|Lower Santan Village|Stotonic Village|Sweet Water Village
85172	AZ	Stanfield
85173	AZ	Superior
85178	AZ	Apache Junction
85190	AZ	Tortilla Flat
85191	AZ	Valley Farms
85192	AZ	Winkelman|Dudleyville|Dripping Springs
85193	AZ	Casa Grande|Eloy|Chuichu|Arizona City|Tat Momoli|Vaiva Vo
85194	AZ	Casa Grande|Coolidge|Eloy
85201	AZ	Mesa
85202	AZ	Mesa
85203	AZ	Mesa
85204	AZ	Mesa
85205	AZ	Mesa
85206	AZ	Mesa
85207	AZ	Mesa
85208	AZ	Mesa
85209	AZ	Mesa
85210	AZ	Mesa
85211	AZ	Mesa
85212	AZ	Mesa
85213	AZ	Mesa
85214	AZ	Mesa
85215	AZ	Mesa
85216	AZ	Mesa
85224	AZ	Chandler
85225	AZ	Chandler
85226	AZ	Chandler
85233	AZ	Gilbert
85234	AZ	Gilbert
85236	AZ	Gilbert|Higley
85244	AZ	Chandler
85246	AZ	Chandler
85248	AZ	Chandler|Sun Lakes|Stotonic Village|Goodyear Village|Lower Santan Village
85249	AZ	Chandler
85250	AZ	Scottsdale
85251	AZ	Scottsdale|Phoenix
85252	AZ	Scottsdale
85253	AZ	Paradise Valley|Phoenix|Scottsdale
85254	AZ	Phoenix|Scottsdale
85255	AZ	Scottsdale|Phoenix
85256	AZ	Scottsdale
85257	AZ	Scottsdale
85258	AZ	Scottsdale
85259	AZ	Scottsdale
85260	AZ	Scottsdale
85261	AZ	Scottsdale
85262	AZ	Scottsdale
85263	AZ	Rio Verde
85264	AZ	Fort Mcdowell
85266	AZ	Scottsdale|Phoenix
85267	AZ	Scottsdale
85268	AZ	Fountain Hills
85269	AZ	Fountain Hills
85271	AZ	Scottsdale
85274	AZ	Mesa
85275	AZ	Mesa
85277	AZ	Mesa
85280	AZ	Tempe
85281	AZ	Tempe
85282	AZ	Tempe
85283	AZ	Tempe|Guadalupe
85284	AZ	Tempe
85285	AZ	Tempe
85286	AZ	Chandler
85287	AZ	Tempe
85288	AZ	Tempe
85295	AZ	Gilbert
85296	AZ	Gilbert
85297	AZ	Gilbert
85298	AZ	Gilbert
85299	AZ	Gilbert
85301	AZ	Glendale
85302	AZ	Glendale
85303	AZ	Glendale|Peoria
85304	AZ	Glendale|Phoenix
85305	AZ	Glendale
85306	AZ	Glendale|Phoenix
85307	AZ	Glendale|Phoenix
85308	AZ	Glendale|Phoenix
85309	AZ	Glendale|Luke Air Force Base
85310	AZ	Phoenix|Glendale
85311	AZ	Glendale
85312	AZ	Glendale
85318	AZ	Glendale
85320	AZ	Aguila
85321	AZ	Ajo|Why|Ventana|Charco|Kaka
85322	AZ	Arlington
85323	AZ	Avondale
85324	AZ	Black Canyon City|Peoria
85325	AZ	Bouse|Vicksburg|Utting|Alamo Lake
85326	AZ	Buckeye|Goodyear|Gila Bend
85327	AZ	Cave Creek
85328	AZ	Cibola
85329	AZ	Avondale|Cashion
85331	AZ	Cave Creek|Phoenix
85332	AZ	Congress
85333	AZ	Dateland|Aztec
85334	AZ	Ehrenberg
85335	AZ	El Mirage
85336	AZ	San Luis|Gadsden
85337	AZ	Gila Bend|Theba
85338	AZ	Goodyear
85339	AZ	Laveen|Phoenix|Maricopa Colony|St. Johns|Komatke|Santa Cruz|Gila Crossing
85340	AZ	Litchfield Park|Buckeye|Citrus Park
85341	AZ	Lukeville
85342	AZ	Morristown|Surprise|Circle City
85343	AZ	Palo Verde|Buckeye
85344	AZ	Parker|Cienega Springs|Parker Strip|Bluewater
85345	AZ	Peoria
85346	AZ	Quartzsite|La Paz Valley
85347	AZ	Roll
85348	AZ	Salome|Vicksburg|Sunwest|Brenda|Wenden
85349	AZ	San Luis
85350	AZ	Somerton|San Luis|Gadsden|Rancho Mesa Verde|Orange Grove Mobile Manor
85351	AZ	Sun City
85352	AZ	Tacna
85353	AZ	Tolleson|Phoenix|Avondale
85354	AZ	Tonopah|Wintersburg
85355	AZ	Waddell|Glendale|Citrus Park
85356	AZ	Wellton|Tacna|Wellton Hills
85357	AZ	Wenden|Alamo Lake
85358	AZ	Wickenburg
85359	AZ	Quartzsite
85360	AZ	Wikieup
85361	AZ	Wittmann|Surprise|Buckeye
85362	AZ	Yarnell
85363	AZ	Youngtown
85364	AZ	Yuma|Avenue B and C|Donovan Estates
85365	AZ	Yuma|Fortuna Foothills|Martinez Lake|Yuma Proving Ground|El Prado Estates|Wall Lane|Buckshot|Padre Ranchitos|Drysdale
85366	AZ	Yuma
85367	AZ	Yuma|Fortuna Foothills
85369	AZ	Yuma
85371	AZ	Poston
85372	AZ	Sun City
85373	AZ	Sun City|Peoria
85374	AZ	Surprise
85375	AZ	Sun City West
85376	AZ	Sun City West
85377	AZ	Carefree
85378	AZ	Surprise
85379	AZ	Surprise
85380	AZ	Peoria
85381	AZ	Peoria
85382	AZ	Peoria|Glendale
85383	AZ	Peoria
85385	AZ	Peoria
85387	AZ	Surprise
85388	AZ	Surprise
85390	AZ	Wickenburg
85392	AZ	Avondale
85395	AZ	Goodyear
85396	AZ	Buckeye|Surprise
85501	AZ	Globe|Wheatfields|Copper Hill|El Capitan|Icehouse Canyon|Six Shooter Canyon|Central Heights-Midland City|Rock House|Pinal
85502	AZ	Globe
85530	AZ	Bylas
85531	AZ	Central
85532	AZ	Claypool
85533	AZ	Clifton
85534	AZ	Duncan|York|Franklin
85535	AZ	Eden
85536	AZ	Fort Thomas
85539	AZ	Miami|Top-of-the-World|Claypool|Central Heights-Midland City
85540	AZ	Morenci|Clifton
85541	AZ	Payson|Star Valley|Round Valley|Christopher Creek|Gisela|Washington Park|East Verde Estates|Hunter Creek|Freedom Acres|Deer Creek|Flowing Springs|Beaver Valley|Jakes Corner|Geronimo Estates|Kohls Ranch|Mead Ranch|Rye|Oxbow Estates|Whispering Pines|Tonto Village|Mesa del Caballo|Bear Flat
85542	AZ	Peridot
85543	AZ	Pima|Bryce|Central
85544	AZ	Pine|Strawberry|Flowing Springs
85545	AZ	Roosevelt|Roosevelt Estates|Top-of-the-World
85546	AZ	Safford|Cactus Flats|San Jose|Swift Trail Junction|Solomon
85547	AZ	Payson
85548	AZ	Safford
85550	AZ	San Carlos|East Globe|Cutter
85551	AZ	Solomon|San Jose
85552	AZ	Thatcher
85553	AZ	Tonto Basin
85554	AZ	Young|Haigler Creek
85601	AZ	Arivaca
85602	AZ	Benson|Mescal|J-Six Ranchettes
85603	AZ	Bisbee|Naco
85605	AZ	Bowie
85606	AZ	Cochise
85607	AZ	Douglas|Pirtleville
85608	AZ	Douglas
85609	AZ	Dragoon
85610	AZ	Elfrida
85611	AZ	Elgin
85613	AZ	Sierra Vista|Fort Huachuca
85614	AZ	Green Valley|Sahuarita
85615	AZ	Hereford|Sierra Vista Southeast|Palominas|Miracle Valley
85616	AZ	Huachuca City|Whetstone
85617	AZ	Mc Neal|McNeal
85618	AZ	Mammoth
85619	AZ	Mount Lemmon|Summerhaven|Willow Canyon
85620	AZ	Naco
85621	AZ	Nogales|Beyerville|Kino Springs
85622	AZ	Green Valley
85623	AZ	Oracle|Mammoth|Saddlebrooke|Campo Bonito
85624	AZ	Patagonia
85625	AZ	Pearce|Sunizona|Sunsites
85626	AZ	Pirtleville
85627	AZ	Pomerene
85628	AZ	Nogales
85629	AZ	Sahuarita
85630	AZ	Saint David|Benson|St. David
85631	AZ	San Manuel
85632	AZ	San Simon
85633	AZ	Sasabe
85634	AZ	Sells|Gu Oidak|Santa Rosa|San Miguel|Maish Vaya|South Komelik|Chiawuli Tak|Anegam|Pisinemo|Ali Chukson|Haivana Nakya|Wahak Hotrontk|Ali Chuk|Comobabi|Ko Vaya|Cowlic|Ali Molina|Ak Chin|Nolic|Topawa|Kohatk
85635	AZ	Sierra Vista|Sierra Vista Southeast
85636	AZ	Sierra Vista
85637	AZ	Sonoita
85638	AZ	Tombstone
85639	AZ	Topawa
85640	AZ	Tumacacori|Tumacacori-Carmen|Rio Rico
85641	AZ	Vail|Rincon Valley|Corona de Tucson
85643	AZ	Willcox
85644	AZ	Willcox
85645	AZ	Amado|Elephant Head|Arivaca Junction
85646	AZ	Tubac
85648	AZ	Rio Rico
85650	AZ	Sierra Vista|Sierra Vista Southeast
85652	AZ	Cortaro
85653	AZ	Marana|Picture Rocks|Avra Valley|Nelson|Rillito
85654	AZ	Rillito
85655	AZ	Douglas
85658	AZ	Marana|Red Rock
85662	AZ	Nogales
85670	AZ	Fort Huachuca
85671	AZ	Sierra Vista
85701	AZ	Tucson
85702	AZ	Tucson
85703	AZ	Tucson
85704	AZ	Tucson|Oro Valley|Casas Adobes|Flowing Wells
85705	AZ	Tucson|Flowing Wells
85706	AZ	Tucson
85707	AZ	Tucson
85708	AZ	Tucson
85709	AZ	Tucson
85710	AZ	Tucson
85711	AZ	Tucson
85712	AZ	Tucson
85713	AZ	Tucson|South Tucson|Tucson Estates
85714	AZ	Tucson
85715	AZ	Tucson|Catalina Foothills
85716	AZ	Tucson|Kleindale
85717	AZ	Tucson
85718	AZ	Tucson|Catalina Foothills
85719	AZ	Tucson
85720	AZ	Tucson
85721	AZ	Tucson
85722	AZ	Tucson
85723	AZ	Tucson
85724	AZ	Tucson
85725	AZ	Tucson
85726	AZ	Tucson
85728	AZ	Tucson
85730	AZ	Tucson
85731	AZ	Tucson
85732	AZ	Tucson
85733	AZ	Tucson
85734	AZ	Tucson
85735	AZ	Tucson|Three Points|Tucson Estates
85736	AZ	Tucson|Three Points
85737	AZ	Oro Valley|Tucson
85738	AZ	Catalina
85739	AZ	Tucson|Saddlebrooke|Catalina
85740	AZ	Tucson
85741	AZ	Tucson|Marana|Casas Adobes
85742	AZ	Tucson|Marana|Oro Valley|Casas Adobes
85743	AZ	Tucson|Marana|Picture Rocks|Tucson Mountains
85744	AZ	Tucson
85745	AZ	Tucson|Tucson Mountains
85746	AZ	Tucson|Drexel Heights
85747	AZ	Tucson|Rincon Valley
85748	AZ	Tucson|Tanque Verde
85749	AZ	Tucson|Tanque Verde
85750	AZ	Tucson|Catalina Foothills
85751	AZ	Tucson
85752	AZ	Tucson
85754	AZ	Tucson
85755	AZ	Tucson|Oro Valley
85756	AZ	Tucson|Summit
85757	AZ	Tucson|Valencia West|Drexel Heights
85775	AZ	Tucson
85901	AZ	Show Low|Taylor|Pinetop-Lakeside|Linden|White Mountain Lake|Shumway|Wagon Wheel
85902	AZ	Show Low
85911	AZ	Cibecue
85912	AZ	White Mountain Lake
85920	AZ	Alpine
85922	AZ	Blue
85923	AZ	Clay Springs
85924	AZ	Concho
85925	AZ	Eagar|Springerville
85926	AZ	Fort Apache|Seven Mile
85927	AZ	Greer
85928	AZ	Heber|Heber-Overgaard
85929	AZ	Lakeside|Pinetop-Lakeside|Lake of the Woods|Wagon Wheel
85930	AZ	Mcnary|Hondah
85931	AZ	Forest Lakes
85932	AZ	Nutrioso
85933	AZ	Overgaard|Heber-Overgaard
85934	AZ	Pinedale
85935	AZ	Pinetop|Pinetop-Lakeside|Hondah|Pinetop Country Club
85936	AZ	Saint Johns|St. Johns
85937	AZ	Snowflake
85938	AZ	Springerville|Eagar
85939	AZ	Taylor|Shumway
85940	AZ	Vernon
85941	AZ	Whiteriver|North Fork|Cedar Creek|Canyon Day|Carrizo|Rainbow City|East Fork|Seven Mile|Turkey Creek
85942	AZ	Woodruff
86001	AZ	Flagstaff|Fort Valley|Bellemont
86002	AZ	Flagstaff
86003	AZ	Flagstaff
86004	AZ	Flagstaff|Doney Park|Timberline-Fernwood|Mountain View Ranches
86005	AZ	Flagstaff|Mountainaire|Kachina Village
86011	AZ	Flagstaff
86015	AZ	Bellemont
86016	AZ	Gray Mountain
86017	AZ	Munds Park
86018	AZ	Parks
86020	AZ	Cameron
86021	AZ	Colorado City|Centennial Park|Cane Beds
86022	AZ	Fredonia|Cane Beds|Kaibab|Moccasin
86023	AZ	Grand Canyon|Tusayan|Grand Canyon Village
86024	AZ	Happy Jack|Blue Ridge
86025	AZ	Holbrook|Sun Valley|Woodruff
86028	AZ	Petrified Forest Natl Pk
86029	AZ	Sun Valley
86030	AZ	Hotevilla|Hotevilla-Bacavi
86031	AZ	Indian Wells|Whitecone
86032	AZ	Joseph City
86033	AZ	Kayenta|Chilchinbito|Oljato-Monument Valley
86034	AZ	Keams Canyon|Whitecone|Low Mountain|Jeddito
86035	AZ	Leupp|Tolani Lake
86036	AZ	Marble Canyon|Page|Bitter Springs
86038	AZ	Mormon Lake
86039	AZ	Kykotsmovi Village|Hard Rock
86040	AZ	Page|LeChee|Bitter Springs|Greenehaven
86042	AZ	Polacca|First Mesa
86043	AZ	Second Mesa|Shongopovi
86044	AZ	Tonalea
86045	AZ	Tuba City|Moenkopi
86046	AZ	Williams|Valle|Red Lake|Parks
86047	AZ	Winslow|Winslow West|Tees Toh|Dilkon|Seba Dalkai|Leupp|Tolani Lake
86052	AZ	North Rim
86053	AZ	Kaibeto|Kaibito
86054	AZ	Shonto
86301	AZ	Prescott
86302	AZ	Prescott
86303	AZ	Prescott
86304	AZ	Prescott
86305	AZ	Prescott|Williamson
86312	AZ	Prescott Valley
86313	AZ	Prescott
86314	AZ	Prescott Valley
86315	AZ	Prescott Valley|Chino Valley
86320	AZ	Ash Fork|Kaibab Estates West
86321	AZ	Bagdad
86322	AZ	Camp Verde
86323	AZ	Chino Valley|Paulden|Williamson
86324	AZ	Clarkdale
86325	AZ	Cornville|Cottonwood
86326	AZ	Cottonwood|Clarkdale|Verde Village
86327	AZ	Dewey|Dewey-Humboldt|Prescott Valley
86329	AZ	Humboldt|Dewey-Humboldt
86331	AZ	Jerome
86332	AZ	Kirkland|Wilhoit|Peeples Valley
86333	AZ	Mayer|Cordes Lakes|Spring Valley
86334	AZ	Paulden
86335	AZ	Rimrock|Lake Montezuma
86336	AZ	Sedona|Oak Creek Canyon
86337	AZ	Seligman
86338	AZ	Skull Valley
86339	AZ	Sedona
86340	AZ	Sedona
86341	AZ	Sedona
86342	AZ	Lake Montezuma
86343	AZ	Crown King
86351	AZ	Sedona|Village of Oak Creek (Big Park)
86401	AZ	Kingman|Lazy Y U|Valle Vista|McConnico|Pine Lake|Pinion Pines|Antares
86402	AZ	Kingman
86403	AZ	Lake Havasu City
86404	AZ	Lake Havasu City|Desert Hills|Crystal Beach
86405	AZ	Lake Havasu City
86406	AZ	Lake Havasu City
86409	AZ	Kingman|New Kingman-Butler|Clacks Canyon
86411	AZ	Hackberry
86412	AZ	Hualapai
86413	AZ	Golden Valley|McConnico|Walnut Creek|So-Hi
86426	AZ	Fort Mohave
86427	AZ	Fort Mohave
86429	AZ	Bullhead City|Katherine
86430	AZ	Bullhead City
86431	AZ	Chloride
86432	AZ	Littlefield|Scenic|Beaver Dam
86433	AZ	Oatman
86434	AZ	Peach Springs|Grand Canyon West|Truxton|Crozier
86435	AZ	Supai
86436	AZ	Topock|Golden Shores
86437	AZ	Valentine|Crozier
86438	AZ	Yucca
86439	AZ	Bullhead City
86440	AZ	Mohave Valley|Willow Valley|Arizona Village|Mesquite Creek|Fort Mohave|Mojave Ranch Estates
86441	AZ	Dolan Springs|White Hills
86442	AZ	Bullhead City
86443	AZ	Temple Bar Marina
86444	AZ	Meadview
86445	AZ	Willow Beach|White Hills
86446	AZ	Mohave Valley
86502	AZ	Chambers|Wide Ruins
86503	AZ	Chinle|Rough Rock|Del Muerto|Cottonwood
86504	AZ	Fort Defiance|Sawmill
86505	AZ	Ganado|Burnside|Greasewood|Steamboat|Cornfields|Klagetoh|Toyei
86506	AZ	Houck
86507	AZ	Lukachukai
86508	AZ	Lupton
86510	AZ	Pinon
86511	AZ	Saint Michaels|St. Michaels|Oak Springs
86512	AZ	Sanders
86514	AZ	Teec Nos Pos|Red Mesa
86515	AZ	Window Rock|St. Michaels
86520	AZ	Blue Gap|Low Mountain
86535	AZ	Dennehotso
86538	AZ	Many Farms
86540	AZ	Nazlini
86544	AZ	Red Valley|Red Rock
86545	AZ	Rock Point
86547	AZ	Round Rock
86556	AZ	Tsaile|Sehili
87001	NM	Algodones|San Felipe Pueblo|Santa Ana Pueblo
87002	NM	Belen|Rio Communities|Los Chaves|Jarales|Casa Colorada|Madrone|Sausal|Pueblitos
87004	NM	Bernalillo|Santa Ana Pueblo|Pueblo of Sandia Village|Algodones
87005	NM	Bluewater|Bluewater Village
87006	NM	Bosque|Abeytas
87007	NM	Casa Blanca|Seama|Paraje|Encinal
87008	NM	Cedar Crest|San Antonito|Sandia Park
87009	NM	Cedarvale
87010	NM	Cerrillos|Los Cerrillos|Madrid
87011	NM	Claunch
87012	NM	Coyote
87013	NM	Cuba|Pueblo Pintado|Torreon|Ojo Encino
87014	NM	Cubero|Bibo|Seboyeta|Moquino|North Acomita Village
87015	NM	Edgewood|Cedar Grove|Barton|Thunder Mountain|Manzano Springs
87016	NM	Estancia|McIntosh|Tajique|Torreon
87017	NM	Gallina
87018	NM	Counselor|Lybrook
87020	NM	Grants|Milan|San Rafael|Lobo Canyon|San Mateo|Mount Taylor|Broadview|Golden Acres|Bluewater Village
87021	NM	Milan|Grants|Broadview
87022	NM	Isleta
87023	NM	Jarales
87024	NM	Jemez Pueblo|Cañon
87025	NM	Jemez Springs|La Cueva
87026	NM	Laguna|Mesita|Highland Meadows
87027	NM	La Jara
87028	NM	La Joya
87029	NM	Lindrith
87031	NM	Los Lunas|Belen|Meadow Lake|El Cerro Mission|Tome|El Cerro|Los Chaves|Adelino|Monterey Park|Valencia|Las Maravillas
87032	NM	Mcintosh
87034	NM	Pueblo Of Acoma|Skyline-Ganipa|Acomita Lake|North Acomita Village|McCartys Village|South Acomita Village|Anzac Village
87035	NM	Moriarty|McIntosh|Indian Hills
87036	NM	Mountainair|Deer Canyon|Punta de Agua
87037	NM	Nageezi|Lybrook
87038	NM	New Laguna|Laguna|Encinal
87040	NM	Paguate
87041	NM	Pena Blanca|Peña Blanca
87042	NM	Peralta
87043	NM	Placitas|Santa Ana Pueblo
87044	NM	Ponderosa
87045	NM	Prewitt|Red Rock Ranch|Borrego Pass|Haystack|Stoneridge|Homer C Jones
87046	NM	Regina
87047	NM	Sandia Park|Edgewood|La Madera|San Pedro|Golden|Paa-Ko|Sandia Knolls|San Antonito
87048	NM	Corrales
87049	NM	San Fidel|Acomita Lake
87051	NM	San Rafael
87052	NM	Santo Domingo Pueblo
87053	NM	San Ysidro|Zia Pueblo|San Luis
87056	NM	Stanley|Cedar Grove
87059	NM	Tijeras|Ponderosa Pine|Cedro|Barton|Sedillo|Chilili|Cedar Crest
87060	NM	Tome
87061	NM	Torreon|Manzano|Tajique
87062	NM	Veguita|Las Nutrias
87063	NM	Willard
87064	NM	Youngsville|Coyote
87068	NM	Bosque Farms|Chical
87070	NM	Clines Corners
87072	NM	Cochiti Pueblo|Cochiti
87083	NM	Cochiti Lake
87101	NM	Albuquerque
87102	NM	Albuquerque
87103	NM	Albuquerque
87104	NM	Albuquerque
87105	NM	Albuquerque|South Valley|Isleta
87106	NM	Albuquerque
87107	NM	Albuquerque|Los Ranchos de Albuquerque|North Valley
87108	NM	Albuquerque
87109	NM	Albuquerque
87110	NM	Albuquerque
87111	NM	Albuquerque
87112	NM	Albuquerque
87113	NM	Albuquerque|North Valley|Edith Endave
87114	NM	Albuquerque|Rio Rancho|Los Ranchos de Albuquerque|North Valley|Paradise Hills|Edith Endave
87115	NM	Albuquerque
87116	NM	Albuquerque|Kirtland AFB
87117	NM	Kirtland Afb
87119	NM	Albuquerque
87120	NM	Albuquerque
87121	NM	Albuquerque|Rio Rancho|Pajarito Mesa
87122	NM	Albuquerque|Sandia Heights
87123	NM	Albuquerque|Carnuel
87124	NM	Rio Rancho|Rio Rancho Estates
87125	NM	Albuquerque
87131	NM	Albuquerque
87144	NM	Rio Rancho|Rio Rancho Estates
87151	NM	Albuquerque
87153	NM	Albuquerque
87154	NM	Albuquerque
87158	NM	Albuquerque
87174	NM	Rio Rancho
87176	NM	Albuquerque
87181	NM	Albuquerque
87184	NM	Albuquerque
87185	NM	Albuquerque
87187	NM	Albuquerque
87190	NM	Albuquerque
87191	NM	Albuquerque
87192	NM	Albuquerque
87193	NM	Albuquerque
87194	NM	Albuquerque
87195	NM	Albuquerque
87196	NM	Albuquerque
87197	NM	Albuquerque
87198	NM	Albuquerque
87199	NM	Albuquerque
87301	NM	Gallup|Crestview|Catalpa Canyon|Williams Acres|Gamerco
87302	NM	Gallup
87305	NM	Gallup|Pinehaven|Catalpa Canyon
87310	NM	Brimhall|Brimhall Nizhoni
87311	NM	Church Rock|Pinedale|Sundance|White Cliffs
87312	NM	Continental Divide
87313	NM	Crownpoint|Becenti
87315	NM	Fence Lake
87316	NM	Fort Wingate|Iyanbito|McGaffey
87317	NM	Gamerco
87319	NM	Mentmore|Manuelito|Purty Rock|Williams Acres|Crestview
87320	NM	Mexican Springs|Nakaibito
87321	NM	Ramah|Timberlake|El Morro Valley|Candy Kitchen|Mountain View|Pinehill
87322	NM	Rehoboth|Gallup|Sundance
87323	NM	Thoreau|Bluewater|Borrego Pass|Las Tusas
87325	NM	Tohatchi|Naschitti
87326	NM	Vanderwagen|Sagar
87327	NM	Zuni|Zuni Pueblo|Black Rock
87328	NM	Navajo|Crystal
87347	NM	Jamestown
87357	NM	Pinehill
87364	NM	Sheep Springs|Naschitti
87365	NM	Smith Lake
87375	NM	Yatahey|Rock Springs|Twin Lakes|Yah-ta-hey
87401	NM	Farmington|Kirtland|Crouch Mesa|La Plata|Lee Acres|Napi Headquarters|Upper Fruitland|Totah Vista
87402	NM	Farmington|Flora Vista
87410	NM	Aztec|Cedar Hill|Center Point|South River|Crouch Mesa|Spencerville|North Light Plant|Flora Vista
87412	NM	Blanco|Turley|Navajo Dam
87413	NM	Bloomfield|West Hammond|Angustura|Lee Acres|Blanco
87415	NM	Flora Vista|Farmington|Spencerville
87416	NM	Fruitland|Upper Fruitland|Nenahnezad|Waterflow|Ojo Amarillo
87417	NM	Kirtland|Fruitland
87418	NM	La Plata
87419	NM	Navajo Dam|La Boca
87420	NM	Shiprock|Beclabito
87421	NM	Waterflow
87455	NM	Newcomb
87461	NM	Sanostee
87499	NM	Farmington|Lake Valley
87501	NM	Santa Fe|Hyde Park|Tesuque
87502	NM	Santa Fe
87503	NM	Santa Fe
87504	NM	Santa Fe
87505	NM	Santa Fe|Santa Fe Foothills|Cañoncito|Cañada de los Alamos
87506	NM	Santa Fe|Tano Road|Las Campanas|La Tierra|Nambe|Tesuque|San Ildefonso Pueblo|Pojoaque|Tres Arroyos|Encantado|Cuyamungue Grant|Tesuque Pueblo|El Rancho|Chupadero|Peak Place|Cuyamungue|Jacona|Jaconita|Rio en Medio
87507	NM	Santa Fe|La Cienega|Tres Arroyos|Agua Fria|La Bajada
87508	NM	Santa Fe|Eldorado at Santa Fe|Cañoncito|Sunlit Hills|Arroyo Hondo|Conejo|Valle Vista|Seton Village
87509	NM	Santa Fe
87510	NM	Abiquiu
87511	NM	Alcalde|Los Luceros|La Villita
87512	NM	Amalia
87513	NM	Arroyo Hondo
87514	NM	Arroyo Seco
87515	NM	Canjilon
87516	NM	Canones|Cañones
87517	NM	Carson
87518	NM	Cebolla
87519	NM	Cerro
87520	NM	Chama
87521	NM	Chamisal|Ojo Sarco
87522	NM	Chimayo|Rio Chiquito|Cundiyo
87523	NM	Cordova
87524	NM	Costilla
87525	NM	Taos Ski Valley
87527	NM	Dixon|Ojo Sarco
87528	NM	Dulce|Lumberton
87529	NM	El Prado|Arroyo Seco
87530	NM	El Rito
87531	NM	Embudo|Dixon
87532	NM	Espanola|Española|El Valle de Arroyo Seco|La Mesilla|La Puebla|Santa Clara Pueblo|San Jose|Sombrillo|Santa Cruz
87533	NM	Espanola
87535	NM	Glorieta|La Cueva|Valencia
87537	NM	Hernandez|Chili|El Duende|Abiquiu
87538	NM	Ilfeld|North San Ysidro
87539	NM	La Madera
87540	NM	Lamy|Galisteo|Eldorado at Santa Fe
87543	NM	Llano
87544	NM	Los Alamos|White Rock
87545	NM	Los Alamos
87547	NM	White Rock
87548	NM	Medanales
87549	NM	Ojo Caliente
87551	NM	Los Ojos|Brazos
87552	NM	Pecos|East Pecos
87553	NM	Penasco|Peñasco|Rio Lucio|Picuris Pueblo
87554	NM	Petaca
87556	NM	Questa
87557	NM	Ranchos De Taos|Talpa
87558	NM	Red River
87560	NM	Ribera|Sena|Villanueva|Pueblo
87562	NM	Rowe
87564	NM	San Cristobal
87565	NM	San Jose|Soham
87566	NM	Ohkay Owingeh|Chamita|Pueblito
87567	NM	Santa Cruz|Española|Cuartelez|La Puebla
87569	NM	Serafina
87571	NM	Taos|Taos Pueblo|Ranchos de Taos
87573	NM	Tererro
87574	NM	Tesuque
87575	NM	Tierra Amarilla|Ensenada
87576	NM	Trampas
87577	NM	Tres Piedras
87578	NM	Truchas
87579	NM	Vadito
87580	NM	Valdez
87581	NM	Vallecitos
87582	NM	Velarde|Lyden|Canova
87583	NM	Villanueva
87592	NM	Santa Fe
87594	NM	Santa Fe
87654	NM	Spaceport City
87701	NM	Las Vegas|Tecolote
87710	NM	Angel Fire
87711	NM	Anton Chico|Llano del Medio|Tecolotito
87712	NM	Buena Vista
87713	NM	Chacon
87714	NM	Cimarron
87715	NM	Cleveland|Mora
87718	NM	Eagle Nest
87722	NM	Guadalupita
87723	NM	Holman
87724	NM	La Loma|Llano del Medio
87728	NM	Maxwell
87729	NM	Miami
87730	NM	Mills
87731	NM	Montezuma
87732	NM	Mora
87733	NM	Mosquero
87734	NM	Ocate
87735	NM	Ojo Feliz
87736	NM	Rainsville
87740	NM	Raton
87742	NM	Rociada
87743	NM	Roy
87745	NM	Sapello
87746	NM	Solano|Mosquero
87747	NM	Springer
87749	NM	Ute Park
87750	NM	Valmora
87752	NM	Wagon Mound
87753	NM	Watrous
87801	NM	Socorro|Luis Lopez|Lemitar|Escondida|San Antonio
87820	NM	Aragon|Apache Creek
87821	NM	Datil|Homestead
87823	NM	Lemitar
87824	NM	Luna
87825	NM	Magdalena|Alamo
87827	NM	Pie Town
87828	NM	Polvadera|Chamizal
87829	NM	Quemado|Escudilla Bonita
87830	NM	Reserve|Apache Creek|Cruzville|Rivers|Lower Frisco|Middle Frisco|Rancho Grande
87831	NM	San Acacia|Alamillo
87832	NM	San Antonio|San Antonito
87901	NM	Truth Or Consequences|Williamsburg
87930	NM	Arrey
87931	NM	Caballo|Oasis
87933	NM	Derry
87935	NM	Elephant Butte|Truth or Consequences|Hot Springs Landing
87936	NM	Garfield
87937	NM	Hatch|Rodey|Placitas
87939	NM	Monticello
87940	NM	Rincon
87941	NM	Salem
87942	NM	Williamsburg|Las Palomas
87943	NM	Winston
88001	NM	Las Cruces|University Park|Tortugas
88002	NM	White Sands Missile Range|White Sands
88003	NM	Las Cruces|University Park
88004	NM	Las Cruces
88005	NM	Las Cruces|Mesilla|San Pablo|Fairacres
88006	NM	Las Cruces
88007	NM	Las Cruces|Radium Springs|Picacho Hills|San Ysidro|Fairacres|Doña Ana
88008	NM	Santa Teresa|Sunland Park
88009	NM	Playas
88011	NM	Las Cruces|Butterfield Park
88012	NM	Las Cruces
88013	NM	Las Cruces
88020	NM	Animas|Cotton City|Windmill
88021	NM	Anthony|La Union|Santa Teresa|Chamberino|Berino
88022	NM	Arenas Valley|Santa Clara
88023	NM	Bayard|Cobre
88024	NM	Berino
88025	NM	Buckhorn
88026	NM	Santa Clara
88027	NM	Chamberino
88028	NM	Cliff|Gila
88029	NM	Columbus|City of the Sun
88030	NM	Deming|Sunshine|Old Town|Keeler Farm|Ventura|La Hacienda|Pulpotio Bareas|Mountain View|Pecan Park
88031	NM	Deming
88032	NM	Dona Ana
88033	NM	Fairacres
88034	NM	Faywood
88036	NM	Fort Bayard
88038	NM	Gila
88039	NM	Glenwood|Alma|Mogollon|Pleasanton
88040	NM	Hachita
88041	NM	Hanover|Santa Clara|San Lorenzo|Mimbres|Casas Adobes
88042	NM	Hillsboro|Kingston
88043	NM	Hurley|Bayard|North Hurley
88044	NM	La Mesa|San Miguel
88045	NM	Lordsburg|Virden|Glen Acres
88046	NM	Mesilla
88047	NM	Mesilla Park
88048	NM	Mesquite|Berino|Vado
88049	NM	Mimbres|Gila Hot Springs|Lake Roberts Heights|Casas Adobes|Lake Roberts|Trout Valley
88051	NM	Mule Creek
88052	NM	Organ
88053	NM	Pinos Altos
88054	NM	Radium Springs
88055	NM	Redrock
88056	NM	Rodeo
88058	NM	San Miguel
88061	NM	Silver City|White Signal|Little Walnut Village|Arenas Valley|Rosedale
88062	NM	Silver City
88063	NM	Sunland Park
88065	NM	Tyrone
88072	NM	Vado
88081	NM	Chaparral
88101	NM	Clovis|Cannon AFB
88102	NM	Clovis
88103	NM	Cannon Afb
88112	NM	Broadview
88113	NM	Causey
88114	NM	Crossroads
88115	NM	Dora
88116	NM	Elida
88118	NM	Floyd
88119	NM	Fort Sumner|Lake Sumner
88120	NM	Grady
88121	NM	House
88122	NM	Kenna
88123	NM	Lingo
88124	NM	Melrose
88125	NM	Milnesand
88126	NM	Pep
88130	NM	Portales|Dora|Floyd
88132	NM	Rogers|Causey
88133	NM	Saint Vrain
88134	NM	Taiban
88135	NM	Texico
88136	NM	Yeso
88201	NM	Roswell
88202	NM	Roswell
88203	NM	Roswell|Midway
88210	NM	Artesia|Atoka|Morningside
88211	NM	Artesia
88213	NM	Caprock
88220	NM	Carlsbad|Happy Valley|Livingston Wheeler|La Huerta|Whites City
88221	NM	Carlsbad
88230	NM	Dexter|Midway
88231	NM	Eunice
88232	NM	Hagerman
88240	NM	Hobbs|Nadine|North Hobbs
88241	NM	Hobbs
88242	NM	Hobbs|North Hobbs
88244	NM	Hobbs
88250	NM	Hope
88252	NM	Jal
88253	NM	Lake Arthur
88254	NM	Lakewood
88255	NM	Loco Hills
88256	NM	Loving
88260	NM	Lovington
88262	NM	Mcdonald
88263	NM	Malaga
88264	NM	Maljamar
88265	NM	Monument
88267	NM	Tatum
88268	NM	Whites City
88301	NM	Carrizozo
88310	NM	Alamogordo|Boles Acres|La Luz
88311	NM	Alamogordo|Boles Acres
88312	NM	Alto|Ruidoso
88314	NM	Bent
88316	NM	Capitan
88317	NM	Cloudcroft|Twin Forks
88318	NM	Corona|Duran
88321	NM	Encino
88323	NM	Fort Stanton
88324	NM	Glencoe
88325	NM	High Rolls Mountain Park|High Rolls
88330	NM	Holloman Air Force Base|Holloman AFB
88336	NM	Hondo
88337	NM	La Luz
88338	NM	Lincoln
88339	NM	Mayhill|Twin Forks
88340	NM	Mescalero
88341	NM	Nogal
88342	NM	Orogrande
88343	NM	Picacho
88344	NM	Pinon
88345	NM	Ruidoso
88346	NM	Ruidoso Downs
88347	NM	Sacramento|Weed
88348	NM	San Patricio
88349	NM	Sunspot
88350	NM	Timberon
88351	NM	Tinnie
88352	NM	Tularosa
88353	NM	Vaughn
88354	NM	Weed
88355	NM	Ruidoso
88401	NM	Tucumcari
88410	NM	Amistad
88411	NM	Bard
88414	NM	Capulin
88415	NM	Clayton
88416	NM	Conchas Dam
88417	NM	Cuervo|Newkirk
88418	NM	Des Moines|Capulin
88419	NM	Folsom
88421	NM	Garita
88422	NM	Gladstone
88424	NM	Grenville
88426	NM	Logan|Nara Visa
88427	NM	Mcalister
88430	NM	Nara Visa
88431	NM	Newkirk
88433	NM	Quay
88434	NM	San Jon
88435	NM	Santa Rosa|Puerto de Luna|Pastura
88436	NM	Sedan
88439	NM	Trementina
88510	TX	El Paso
88511	TX	El Paso
88512	TX	El Paso
88513	TX	El Paso
88514	TX	El Paso
88515	TX	El Paso
88517	TX	El Paso
88518	TX	El Paso
88519	TX	El Paso
88520	TX	El Paso
88521	TX	El Paso
88523	TX	El Paso
88524	TX	El Paso
88525	TX	El Paso
88526	TX	El Paso
88527	TX	El Paso
88528	TX	El Paso
88529	TX	El Paso
88530	TX	El Paso
88531	TX	El Paso
88532	TX	El Paso
88533	TX	El Paso
88534	TX	El Paso
88535	TX	El Paso
88536	TX	El Paso
88538	TX	El Paso
88539	TX	El Paso
88540	TX	El Paso
88541	TX	El Paso
88542	TX	El Paso
88543	TX	El Paso
88544	TX	El Paso
88545	TX	El Paso
88546	TX	El Paso
88547	TX	El Paso
88548	TX	El Paso
88549	TX	El Paso
88550	TX	El Paso
88553	TX	El Paso
88554	TX	El Paso
88555	TX	El Paso
88556	TX	El Paso
88557	TX	El Paso
88558	TX	El Paso
88559	TX	El Paso
88560	TX	El Paso
88561	TX	El Paso
88562	TX	El Paso
88563	TX	El Paso
88565	TX	El Paso
88566	TX	El Paso
88567	TX	El Paso
88568	TX	El Paso
88569	TX	El Paso
88570	TX	El Paso
88571	TX	El Paso
88572	TX	El Paso
88573	TX	El Paso
88574	TX	El Paso
88575	TX	El Paso
88576	TX	El Paso
88577	TX	El Paso
88578	TX	El Paso
88579	TX	El Paso
88580	TX	El Paso
88581	TX	El Paso
88582	TX	El Paso
88583	TX	El Paso
88584	TX	El Paso
88585	TX	El Paso
88586	TX	El Paso
88587	TX	El Paso
88588	TX	El Paso
88589	TX	El Paso
88590	TX	El Paso
88595	TX	El Paso
88901	NV	The Lakes
88905	NV	The Lakes
89001	NV	Alamo|Rachel
89002	NV	Henderson
89003	NV	Beatty
89004	NV	Blue Diamond
89005	NV	Boulder City
89006	NV	Boulder City
89007	NV	Bunkerville
89008	NV	Caliente|Bennett Springs|Beaverdam
89009	NV	Henderson
89010	NV	Dyer
89011	NV	Henderson
89012	NV	Henderson
89013	NV	Goldfield
89014	NV	Henderson
89015	NV	Henderson
89016	NV	Henderson
89017	NV	Hiko|Alamo
89018	NV	Indian Springs
89019	NV	Jean|Sandy Valley|Goodsprings
89020	NV	Amargosa Valley
89021	NV	Logandale|Moapa Valley
89022	NV	Manhattan
89023	NV	Mercury
89024	NV	Mesquite
89025	NV	Moapa|Moapa Town
89026	NV	Jean
89027	NV	Mesquite
89028	NV	Laughlin
89029	NV	Laughlin
89030	NV	North Las Vegas
89031	NV	North Las Vegas
89032	NV	North Las Vegas
89033	NV	North Las Vegas
89034	NV	Mesquite
89036	NV	North Las Vegas
89037	NV	Coyote Springs
89039	NV	Cal Nev Ari|Cal-Nev-Ari
89040	NV	Overton|Moapa Valley
89041	NV	Pahrump
89042	NV	Panaca
89043	NV	Pioche|Mount Wilson|Ursine|Dry Valley
89044	NV	Henderson
89045	NV	Round Mountain
89046	NV	Searchlight|Nelson
89047	NV	Silverpeak|Silver Peak
89048	NV	Pahrump
89049	NV	Tonopah
89052	NV	Henderson
89053	NV	Henderson
89054	NV	Henderson|Sloan
89060	NV	Pahrump
89061	NV	Pahrump
89067	NV	Moapa
89070	NV	Indian Springs
89074	NV	Henderson|Paradise
89077	NV	Henderson
89081	NV	North Las Vegas
89084	NV	North Las Vegas
89085	NV	North Las Vegas
89086	NV	North Las Vegas
89087	NV	North Las Vegas
89101	NV	Las Vegas
89102	NV	Las Vegas|Winchester|Paradise
89103	NV	Las Vegas|Spring Valley|Paradise
89104	NV	Las Vegas|Sunrise Manor|Winchester
89105	NV	Las Vegas
89106	NV	Las Vegas
89107	NV	Las Vegas
89108	NV	Las Vegas
89109	NV	Las Vegas|Paradise|Winchester
89110	NV	Las Vegas|Sunrise Manor
89111	NV	Las Vegas
89112	NV	Las Vegas
89113	NV	Las Vegas|Spring Valley|Enterprise
89114	NV	Las Vegas
89115	NV	Las Vegas|North Las Vegas|Sunrise Manor|Nellis AFB
89116	NV	Las Vegas
89117	NV	Las Vegas|Spring Valley
89118	NV	Las Vegas|Spring Valley|Enterprise|Paradise
89119	NV	Las Vegas|Paradise|Enterprise
89120	NV	Las Vegas|Paradise
89121	NV	Las Vegas|Paradise|Sunrise Manor|Winchester
89122	NV	Las Vegas|Henderson|Whitney|Sunrise Manor
89123	NV	Las Vegas|Paradise|Enterprise
89124	NV	Las Vegas|Mount Charleston|Indian Springs
89125	NV	Las Vegas
89126	NV	Las Vegas
89127	NV	Las Vegas
89128	NV	Las Vegas
89129	NV	Las Vegas
89130	NV	Las Vegas
89131	NV	Las Vegas
89132	NV	Las Vegas
89133	NV	Las Vegas
89134	NV	Las Vegas
89135	NV	Las Vegas|Summerlin South
89136	NV	Las Vegas
89137	NV	Las Vegas
89138	NV	Las Vegas
89139	NV	Las Vegas|Enterprise
89140	NV	Las Vegas
89141	NV	Las Vegas|Enterprise
89142	NV	Las Vegas|Sunrise Manor
89143	NV	Las Vegas
89144	NV	Las Vegas
89145	NV	Las Vegas
89146	NV	Las Vegas|Spring Valley
89147	NV	Las Vegas|Spring Valley
89148	NV	Las Vegas|Spring Valley|Enterprise
89149	NV	Las Vegas
89150	NV	Las Vegas
89151	NV	Las Vegas
89152	NV	Las Vegas
89153	NV	Las Vegas
89154	NV	Las Vegas
89155	NV	Las Vegas
89156	NV	Las Vegas|Sunrise Manor
89157	NV	Las Vegas
89158	NV	Las Vegas|Paradise
89159	NV	Las Vegas
89160	NV	Las Vegas
89161	NV	Las Vegas|Blue Diamond
89162	NV	Las Vegas
89163	NV	The Lakes
89164	NV	Las Vegas
89165	NV	Las Vegas
89166	NV	Las Vegas
89169	NV	Las Vegas|Paradise|Winchester
89170	NV	Las Vegas
89173	NV	Las Vegas
89177	NV	Las Vegas
89178	NV	Las Vegas|Enterprise
89179	NV	Las Vegas|Enterprise
89180	NV	Las Vegas
89183	NV	Las Vegas|Enterprise
89185	NV	Las Vegas
89191	NV	Nellis Afb
89193	NV	Las Vegas
89195	NV	Las Vegas
89199	NV	Las Vegas
89301	NV	Ely|McGill|Ruth
89310	NV	Austin|Kingston
89311	NV	Baker
89314	NV	Duckwater
89315	NV	Ely
89316	NV	Eureka
89317	NV	Lund|Preston
89318	NV	Mc Gill|McGill
89319	NV	Ruth
89402	NV	Crystal Bay
89403	NV	Dayton
89404	NV	Denio
89405	NV	Empire
89406	NV	Fallon|Fernley|Fallon Station
89407	NV	Fallon
89408	NV	Fernley
89409	NV	Gabbs
89410	NV	Gardnerville|Fish Springs|Double Spring|East Valley|Ruhenstroth|Carter Springs|Topaz Lake
89411	NV	Genoa|Kingsbury
89412	NV	Gerlach
89413	NV	Glenbrook|Logan Creek|Lakeridge
89414	NV	Golconda
89415	NV	Hawthorne|Walker Lake
89418	NV	Imlay|Unionville
89419	NV	Lovelock|Humboldt River Ranch
89420	NV	Luning
89421	NV	Mc Dermitt|Fort McDermitt|McDermitt
89422	NV	Mina
89423	NV	Minden|Johnson Lane|Indian Hills|East Valley|Gardnerville|Genoa
89424	NV	Nixon|Sutcliffe
89425	NV	Orovada
89426	NV	Paradise Valley
89427	NV	Schurz
89428	NV	Silver City|Dayton
89429	NV	Silver Springs|Fernley|Stagecoach
89430	NV	Smith|Smith Valley
89431	NV	Sparks
89432	NV	Sparks
89433	NV	Sun Valley
89434	NV	Sparks
89435	NV	Sparks
89436	NV	Sparks|Spanish Springs|Sun Valley
89437	NV	Sparks
89438	NV	Valmy
89439	NV	Verdi|Reno
89440	NV	Virginia City
89441	NV	Sparks|Spanish Springs
89442	NV	Wadsworth
89444	NV	Wellington|Smith Valley|Topaz Ranch Estates
89445	NV	Winnemucca|Grass Valley
89446	NV	Winnemucca
89447	NV	Yerington
89448	NV	Zephyr Cove|Round Hill Village|Skyland
89449	NV	Stateline|Kingsbury
89450	NV	Incline Village
89451	NV	Incline Village|Crystal Bay
89452	NV	Incline Village
89460	NV	Gardnerville|Gardnerville Ranchos
89496	NV	Fallon
89501	NV	Reno
89502	NV	Reno
89503	NV	Reno
89504	NV	Reno
89505	NV	Reno
89506	NV	Reno|Lemmon Valley|Golden Valley
89507	NV	Reno
89508	NV	Reno|Cold Springs
89509	NV	Reno
89510	NV	Reno|Sutcliffe
89511	NV	Reno
89512	NV	Reno
89513	NV	Reno
89515	NV	Reno
89519	NV	Reno
89520	NV	Reno
89521	NV	Reno|Virginia City
89523	NV	Reno|Mogul|Verdi
89533	NV	Reno
89555	NV	Reno
89557	NV	Reno
89570	NV	Reno
89595	NV	Reno
89599	NV	Reno
89701	NV	Carson City
89702	NV	Carson City
89703	NV	Carson City
89704	NV	Washoe Valley
89705	NV	Carson City|Indian Hills
89706	NV	Carson City
89711	NV	Carson City
89712	NV	Carson City
89713	NV	Carson City
89714	NV	Carson City
89721	NV	Carson City
89801	NV	Elko|Osino
89802	NV	Elko
89803	NV	Elko
89815	NV	Spring Creek
89820	NV	Battle Mountain
89821	NV	Crescent Valley
89822	NV	Carlin
89823	NV	Deeth
89825	NV	Jackpot
89826	NV	Jarbidge
89828	NV	Lamoille
89830	NV	Montello
89831	NV	Mountain City
89832	NV	Owyhee
89833	NV	Ruby Valley
89834	NV	Tuscarora
89835	NV	Wells|Oasis
89883	NV	West Wendover
90001	CA	Los Angeles|Florence-Graham
90002	CA	Los Angeles|Florence-Graham
90003	CA	Los Angeles
90004	CA	Los Angeles
90005	CA	Los Angeles
90006	CA	Los Angeles
90007	CA	Los Angeles
90008	CA	Los Angeles|View Park-Windsor Hills
90009	CA	Los Angeles
90010	CA	Los Angeles
90011	CA	Los Angeles
90012	CA	Los Angeles
90013	CA	Los Angeles
90014	CA	Los Angeles
90015	CA	Los Angeles
90016	CA	Los Angeles
90017	CA	Los Angeles
90018	CA	Los Angeles
90019	CA	Los Angeles
90020	CA	Los Angeles
90021	CA	Los Angeles
90022	CA	Los Angeles|Commerce|East Los Angeles
90023	CA	Los Angeles|Commerce|East Los Angeles
90024	CA	Los Angeles
90025	CA	Los Angeles
90026	CA	Los Angeles
90027	CA	Los Angeles
90028	CA	Los Angeles
90029	CA	Los Angeles
90030	CA	Los Angeles
90031	CA	Los Angeles
90032	CA	Los Angeles
90033	CA	Los Angeles
90034	CA	Los Angeles
90035	CA	Los Angeles
90036	CA	Los Angeles
90037	CA	Los Angeles
90038	CA	Los Angeles
90039	CA	Los Angeles
90040	CA	Commerce|Los Angeles|Bell
90041	CA	Los Angeles
90042	CA	Los Angeles
90043	CA	Los Angeles|View Park-Windsor Hills
90044	CA	Los Angeles|Westmont|West Athens
90045	CA	Los Angeles|Del Aire
90046	CA	Los Angeles|West Hollywood
90047	CA	Los Angeles|Westmont|West Athens
90048	CA	Los Angeles|West Hollywood
90049	CA	Los Angeles
90050	CA	Los Angeles
90051	CA	Los Angeles
90052	CA	Los Angeles
90053	CA	Los Angeles
90054	CA	Los Angeles
90055	CA	Los Angeles
90056	CA	Los Angeles|Ladera Heights|View Park-Windsor Hills
90057	CA	Los Angeles
90058	CA	Vernon|Los Angeles
90059	CA	Los Angeles|Willowbrook|West Rancho Dominguez
90060	CA	Los Angeles
90061	CA	Los Angeles|West Rancho Dominguez
90062	CA	Los Angeles
90063	CA	Los Angeles|East Los Angeles
90064	CA	Los Angeles
90065	CA	Los Angeles
90066	CA	Los Angeles|Culver City
90067	CA	Los Angeles
90068	CA	Los Angeles
90069	CA	Los Angeles|West Hollywood
90070	CA	Los Angeles
90071	CA	Los Angeles
90072	CA	Los Angeles
90073	CA	Los Angeles
90074	CA	Los Angeles
90075	CA	Los Angeles
90076	CA	Los Angeles
90077	CA	Los Angeles
90078	CA	Los Angeles
90079	CA	Los Angeles
90080	CA	Los Angeles
90081	CA	Los Angeles
90082	CA	Los Angeles
90083	CA	Los Angeles
90084	CA	Los Angeles
90086	CA	Los Angeles
90087	CA	Los Angeles
90088	CA	Los Angeles
90089	CA	Los Angeles
90090	CA	Dodgertown
90091	CA	Los Angeles
90093	CA	Los Angeles
90094	CA	Los Angeles|Playa Vista
90095	CA	Los Angeles
90096	CA	Los Angeles
90099	CA	Los Angeles
90134	CA	Los Angeles
90189	CA	Los Angeles
90201	CA	Bell Gardens|Bell|Cudahy
90202	CA	Bell
90209	CA	Beverly Hills
90210	CA	Los Angeles|Beverly Hills
90211	CA	Beverly Hills
90212	CA	Beverly Hills
90213	CA	Beverly Hills
90220	CA	Compton|West Rancho Dominguez
90221	CA	Compton|East Rancho Dominguez
90222	CA	Compton|Willowbrook|West Rancho Dominguez
90223	CA	Compton
90224	CA	Compton
90230	CA	Culver City|Los Angeles|Ladera Heights
90231	CA	Culver City
90232	CA	Culver City
90233	CA	Culver City
90239	CA	Downey
90240	CA	Downey
90241	CA	Downey
90242	CA	Downey
90245	CA	El Segundo
90247	CA	Gardena|Los Angeles
90248	CA	Gardena|Los Angeles|Carson|West Rancho Dominguez
90249	CA	Gardena|Alondra Park
90250	CA	Hawthorne|Del Aire
90251	CA	Hawthorne
90254	CA	Hermosa Beach
90255	CA	Huntington Park|Walnut Park
90260	CA	Lawndale|Alondra Park
90261	CA	Lawndale
90262	CA	Lynwood
90263	CA	Malibu|Pepperdine University
90264	CA	Malibu
90265	CA	Malibu|Topanga|Pepperdine University
90266	CA	Manhattan Beach
90267	CA	Manhattan Beach
90270	CA	Maywood
90272	CA	Los Angeles|Pacific Palisades
90274	CA	Palos Verdes Peninsula|Palos Verdes Estates|Rolling Hills Estates|Rolling Hills
90275	CA	Rancho Palos Verdes
90277	CA	Redondo Beach|Torrance
90278	CA	Redondo Beach
90280	CA	South Gate
90290	CA	Topanga
90291	CA	Los Angeles|Venice
90292	CA	Los Angeles|Marina Del Rey
90293	CA	Los Angeles|Playa Del Rey
90294	CA	Venice
90295	CA	Marina Del Rey
90296	CA	Playa Del Rey
90301	CA	Inglewood
90302	CA	Inglewood
90303	CA	Inglewood|Hawthorne
90304	CA	Inglewood|Hawthorne|Lennox|Del Aire
90305	CA	Inglewood
90306	CA	Inglewood
90307	CA	Inglewood
90308	CA	Inglewood
90309	CA	Inglewood
90310	CA	Inglewood
90311	CA	Inglewood
90312	CA	Inglewood
90401	CA	Santa Monica
90402	CA	Santa Monica|Los Angeles
90403	CA	Santa Monica
90404	CA	Santa Monica
90405	CA	Santa Monica
90406	CA	Santa Monica
90407	CA	Santa Monica
90408	CA	Santa Monica
90409	CA	Santa Monica
90410	CA	Santa Monica
90411	CA	Santa Monica
90501	CA	Torrance|Los Angeles
90502	CA	Torrance|Los Angeles|West Carson
90503	CA	Torrance
90504	CA	Torrance
90505	CA	Torrance
90506	CA	Torrance|Alondra Park
90507	CA	Torrance
90508	CA	Torrance
90509	CA	Torrance
90510	CA	Torrance
90601	CA	Whittier|Industry|Pico Rivera|Avocado Heights|Rose Hills
90602	CA	Whittier
90603	CA	Whittier
90604	CA	Whittier|South Whittier|East Whittier
90605	CA	Whittier|South Whittier
90606	CA	Whittier|West Whittier-Los Nietos
90607	CA	Whittier
90608	CA	Whittier
90609	CA	Whittier
90610	CA	Whittier
90620	CA	Buena Park
90621	CA	Buena Park
90622	CA	Buena Park
90623	CA	La Palma
90624	CA	Buena Park
90630	CA	Cypress
90631	CA	La Habra|La Habra Heights
90632	CA	La Habra
90633	CA	La Habra
90637	CA	La Mirada
90638	CA	La Mirada
90639	CA	La Mirada
90640	CA	Montebello
90650	CA	Norwalk
90651	CA	Norwalk
90652	CA	Norwalk
90660	CA	Pico Rivera
90661	CA	Pico Rivera
90662	CA	Pico Rivera
90670	CA	Santa Fe Springs
90671	CA	Santa Fe Springs
90680	CA	Stanton
90701	CA	Artesia
90702	CA	Artesia
90703	CA	Cerritos
90704	CA	Avalon
90706	CA	Bellflower
90707	CA	Bellflower
90710	CA	Los Angeles|Harbor City|West Carson
90711	CA	Lakewood
90712	CA	Lakewood
90713	CA	Lakewood
90714	CA	Lakewood
90715	CA	Lakewood
90716	CA	Hawaiian Gardens
90717	CA	Lomita|Los Angeles
90720	CA	Los Alamitos|Cypress|Rossmoor
90721	CA	Los Alamitos
90723	CA	Paramount
90731	CA	Los Angeles|San Pedro
90732	CA	Los Angeles|San Pedro
90733	CA	San Pedro
90734	CA	San Pedro
90740	CA	Seal Beach
90742	CA	Huntington Beach|Sunset Beach
90743	CA	Seal Beach|Surfside
90744	CA	Los Angeles|Wilmington
90745	CA	Carson
90746	CA	Carson
90747	CA	Carson
90748	CA	Wilmington
90749	CA	Carson
90755	CA	Signal Hill
90801	CA	Long Beach
90802	CA	Long Beach
90803	CA	Long Beach
90804	CA	Long Beach
90805	CA	Long Beach
90806	CA	Long Beach
90807	CA	Long Beach
90808	CA	Long Beach
90809	CA	Long Beach
90810	CA	Long Beach|Carson
90813	CA	Long Beach|Los Angeles
90814	CA	Long Beach
90815	CA	Long Beach
90822	CA	Long Beach
90831	CA	Long Beach
90832	CA	Long Beach
90833	CA	Long Beach
90834	CA	Long Beach
90835	CA	Long Beach
90840	CA	Long Beach
90842	CA	Long Beach
90844	CA	Long Beach
90846	CA	Long Beach
90847	CA	Long Beach
90848	CA	Long Beach
90853	CA	Long Beach
90895	CA	Carson
90899	CA	Long Beach
91001	CA	Altadena
91003	CA	Altadena
91006	CA	Arcadia|Mayflower Village|North El Monte
91007	CA	Arcadia|East San Gabriel
91008	CA	Bradbury|Duarte
91009	CA	Duarte
91010	CA	Duarte|Irwindale|Azusa|South Monrovia Island
91011	CA	La Cañada Flintridge|La Canada Flintridge
91012	CA	La Canada Flintridge
91016	CA	Monrovia|Mayflower Village|South Monrovia Island
91017	CA	Monrovia
91020	CA	Montrose|Glendale|La Crescenta-Montrose
91021	CA	Montrose
91023	CA	Mount Wilson
91024	CA	Sierra Madre
91025	CA	Sierra Madre
91030	CA	South Pasadena
91031	CA	South Pasadena
91040	CA	Los Angeles|Sunland
91041	CA	Sunland
91042	CA	Tujunga|Los Angeles
91043	CA	Tujunga
91046	CA	Glendale|Verdugo City
91066	CA	Arcadia
91077	CA	Arcadia
91101	CA	Pasadena
91102	CA	Pasadena
91103	CA	Pasadena
91104	CA	Pasadena|Altadena
91105	CA	Pasadena
91106	CA	Pasadena
91107	CA	Pasadena|East Pasadena|San Pasqual
91108	CA	San Marino
91109	CA	Pasadena
91110	CA	Pasadena
91114	CA	Pasadena
91115	CA	Pasadena
91116	CA	Pasadena
91117	CA	Pasadena
91118	CA	San Marino
91121	CA	Pasadena
91123	CA	Pasadena
91124	CA	Pasadena
91125	CA	Pasadena
91126	CA	Pasadena
91129	CA	Pasadena
91182	CA	Pasadena
91184	CA	Pasadena
91185	CA	Pasadena
91188	CA	Pasadena
91189	CA	Pasadena
91199	CA	Pasadena
91201	CA	Glendale
91202	CA	Glendale
91203	CA	Glendale
91204	CA	Glendale
91205	CA	Glendale
91206	CA	Glendale
91207	CA	Glendale
91208	CA	Glendale
91209	CA	Glendale
91210	CA	Glendale
91214	CA	Glendale|La Crescenta|La Crescenta-Montrose
91221	CA	Glendale
91222	CA	Glendale
91224	CA	La Crescenta
91225	CA	Glendale
91226	CA	Glendale
91301	CA	Agoura Hills|Calabasas
91302	CA	Calabasas|Hidden Hills
91303	CA	Los Angeles|Canoga Park
91304	CA	Los Angeles|Canoga Park
91305	CA	Canoga Park
91306	CA	Los Angeles|Winnetka
91307	CA	Los Angeles|West Hills|Bell Canyon
91308	CA	West Hills
91309	CA	Canoga Park
91310	CA	Castaic
91311	CA	Chatsworth|Los Angeles
91313	CA	Chatsworth
91316	CA	Los Angeles|Encino
91319	CA	Newbury Park
91320	CA	Thousand Oaks|Newbury Park|Casa Conejo
91321	CA	Santa Clarita|Newhall
91322	CA	Newhall
91324	CA	Los Angeles|Northridge
91325	CA	Los Angeles|Northridge
91326	CA	Los Angeles|Porter Ranch
91327	CA	Northridge
91328	CA	Northridge
91329	CA	Northridge
91330	CA	Los Angeles|Northridge
91331	CA	Los Angeles|Pacoima
91333	CA	Pacoima
91334	CA	Pacoima
91335	CA	Los Angeles|Reseda
91337	CA	Reseda
91340	CA	San Fernando|Los Angeles
91341	CA	San Fernando
91342	CA	Sylmar|Los Angeles
91343	CA	Los Angeles|North Hills
91344	CA	Los Angeles|Granada Hills
91345	CA	Los Angeles|Mission Hills
91346	CA	Mission Hills
91350	CA	Santa Clarita
91351	CA	Santa Clarita|Canyon Country
91352	CA	Los Angeles|Sun Valley
91353	CA	Sun Valley
91354	CA	Santa Clarita|Valencia
91355	CA	Santa Clarita|Valencia
91356	CA	Los Angeles|Tarzana
91357	CA	Tarzana
91358	CA	Thousand Oaks
91359	CA	Westlake Village
91360	CA	Thousand Oaks
91361	CA	Westlake Village|Thousand Oaks|Lake Sherwood
91362	CA	Thousand Oaks|Westlake Village
91364	CA	Los Angeles|Woodland Hills
91365	CA	Woodland Hills
91367	CA	Los Angeles|Woodland Hills
91371	CA	Los Angeles|Woodland Hills
91372	CA	Calabasas
91376	CA	Agoura Hills
91377	CA	Oak Park
91380	CA	Santa Clarita
91381	CA	Stevenson Ranch
91382	CA	Santa Clarita
91383	CA	Santa Clarita
91384	CA	Castaic|Hasley Canyon|Val Verde
91385	CA	Valencia
91386	CA	Canyon Country
91387	CA	Canyon Country|Santa Clarita
91390	CA	Santa Clarita|Agua Dulce|Green Valley
91392	CA	Sylmar
91393	CA	North Hills
91394	CA	Granada Hills
91395	CA	Mission Hills
91396	CA	Winnetka
91401	CA	Los Angeles|Van Nuys
91402	CA	Los Angeles|Panorama City
91403	CA	Los Angeles|Sherman Oaks
91404	CA	Van Nuys
91405	CA	Los Angeles|Van Nuys
91406	CA	Los Angeles|Van Nuys
91407	CA	Van Nuys
91408	CA	Van Nuys
91409	CA	Van Nuys
91410	CA	Van Nuys
91411	CA	Los Angeles|Van Nuys
91412	CA	Panorama City
91413	CA	Sherman Oaks
91416	CA	Encino
91423	CA	Los Angeles|Sherman Oaks
91426	CA	Encino
91436	CA	Los Angeles|Encino
91470	CA	Van Nuys
91482	CA	Van Nuys
91495	CA	Sherman Oaks
91496	CA	Van Nuys
91499	CA	Van Nuys
91501	CA	Burbank
91502	CA	Burbank
91503	CA	Burbank
91504	CA	Burbank|Los Angeles
91505	CA	Burbank
91506	CA	Burbank
91507	CA	Burbank
91508	CA	Burbank
91510	CA	Burbank
91521	CA	Burbank
91522	CA	Burbank
91523	CA	Burbank
91526	CA	Burbank
91601	CA	Los Angeles|North Hollywood
91602	CA	Los Angeles|North Hollywood
91603	CA	North Hollywood
91604	CA	Los Angeles|Studio City
91605	CA	Los Angeles|North Hollywood
91606	CA	Los Angeles|North Hollywood
91607	CA	Los Angeles|Valley Village
91608	CA	Universal City|Los Angeles
91609	CA	North Hollywood
91610	CA	Toluca Lake
91611	CA	North Hollywood
91612	CA	North Hollywood
91614	CA	Studio City
91615	CA	North Hollywood
91616	CA	North Hollywood
91617	CA	Valley Village
91618	CA	North Hollywood
91701	CA	Rancho Cucamonga
91702	CA	Azusa|Glendora|Irwindale|Citrus|Vincent
91706	CA	Irwindale|Baldwin Park
91708	CA	Chino
91709	CA	Chino Hills
91710	CA	Chino
91711	CA	Claremont
91714	CA	City Of Industry
91715	CA	City Of Industry
91716	CA	City Of Industry
91722	CA	Covina|Vincent|Citrus|Charter Oak
91723	CA	Covina
91724	CA	Covina|Charter Oak
91729	CA	Rancho Cucamonga
91730	CA	Rancho Cucamonga
91731	CA	El Monte
91732	CA	El Monte
91733	CA	South El Monte|El Monte
91734	CA	El Monte
91735	CA	El Monte
91737	CA	Rancho Cucamonga
91739	CA	Rancho Cucamonga
91740	CA	Glendora
91741	CA	Glendora
91743	CA	Guasti
91744	CA	La Puente|Industry|Valinda|South San Jose Hills|West Puente Valley
91745	CA	Hacienda Heights|Industry
91746	CA	La Puente|Industry|Avocado Heights|West Puente Valley
91747	CA	La Puente
91748	CA	Rowland Heights|Industry
91749	CA	La Puente
91750	CA	La Verne
91752	CA	Jurupa Valley|Mira Loma|Eastvale
91754	CA	Monterey Park
91755	CA	Monterey Park
91756	CA	Monterey Park
91758	CA	Ontario
91759	CA	Mount Baldy
91761	CA	Ontario
91762	CA	Ontario
91763	CA	Montclair
91764	CA	Ontario
91765	CA	Diamond Bar
91766	CA	Pomona
91767	CA	Pomona
91768	CA	Pomona
91769	CA	Pomona
91770	CA	Rosemead|South San Gabriel
91771	CA	Rosemead
91772	CA	Rosemead
91773	CA	San Dimas
91775	CA	San Gabriel|Temple City|East San Gabriel
91776	CA	San Gabriel|East San Gabriel
91778	CA	San Gabriel
91780	CA	Temple City|North El Monte
91784	CA	Upland|San Antonio Heights
91785	CA	Upland
91786	CA	Upland
91788	CA	Walnut
91789	CA	Walnut|Industry|Diamond Bar|Rowland Heights
91790	CA	West Covina
91791	CA	West Covina
91792	CA	West Covina|South San Jose Hills
91793	CA	West Covina
91801	CA	Alhambra
91802	CA	Alhambra
91803	CA	Alhambra
91804	CA	Alhambra
91896	CA	Alhambra
91899	CA	Alhambra
91901	CA	Alpine|Harbison Canyon
91902	CA	Bonita|Chula Vista
91903	CA	Alpine
91905	CA	Boulevard
91906	CA	Campo
91908	CA	Bonita
91909	CA	Chula Vista
91910	CA	Chula Vista|Bonita
91911	CA	Chula Vista|San Diego
91912	CA	Chula Vista
91913	CA	Chula Vista
91914	CA	Chula Vista
91915	CA	Chula Vista
91916	CA	Descanso
91917	CA	Dulzura
91921	CA	Chula Vista
91931	CA	Guatay
91932	CA	Imperial Beach
91933	CA	Imperial Beach
91934	CA	Jacumba
91935	CA	Jamul
91941	CA	La Mesa|Casa de Oro-Mount Helix|Rancho San Diego
91942	CA	La Mesa
91943	CA	La Mesa
91944	CA	La Mesa
91945	CA	Lemon Grove
91946	CA	Lemon Grove
91948	CA	Mount Laguna
91950	CA	National City
91951	CA	National City
91962	CA	Pine Valley
91963	CA	Potrero
91976	CA	Spring Valley
91977	CA	Spring Valley|La Presa|Casa de Oro-Mount Helix
91978	CA	Spring Valley|Jamul
91979	CA	Spring Valley
91980	CA	Tecate
91987	CA	Tecate
92003	CA	Bonsall
92004	CA	Borrego Springs
92007	CA	Encinitas|Cardiff By The Sea
92008	CA	Carlsbad
92009	CA	Carlsbad
92010	CA	Carlsbad
92011	CA	Carlsbad
92013	CA	Carlsbad
92014	CA	Del Mar|San Diego|Solana Beach
92018	CA	Carlsbad
92019	CA	El Cajon|Rancho San Diego|Harbison Canyon|Crest|Granite Hills|Jamul
92020	CA	El Cajon|Casa de Oro-Mount Helix|Bostonia
92021	CA	El Cajon|Harbison Canyon|Crest|Bostonia|Lakeside|Granite Hills|Winter Gardens
92022	CA	El Cajon
92023	CA	Encinitas
92024	CA	Encinitas
92025	CA	Escondido|San Diego
92026	CA	Escondido|Hidden Meadows
92027	CA	Escondido|San Diego|Valley Center
92028	CA	Fallbrook|Rainbow
92029	CA	Escondido|Harmony Grove|Elfin Forest|Del Dios
92030	CA	Escondido
92033	CA	Escondido
92036	CA	Julian
92037	CA	San Diego|La Jolla
92038	CA	La Jolla
92039	CA	La Jolla
92040	CA	Lakeside|Santee|Eucalyptus Hills|Winter Gardens
92046	CA	Escondido
92049	CA	Oceanside
92051	CA	Oceanside
92052	CA	Oceanside
92054	CA	Oceanside
92055	CA	Camp Pendleton|Camp Pendleton Mainside
92056	CA	Oceanside
92057	CA	Oceanside
92058	CA	Oceanside|Camp Pendleton Mainside|Camp Pendleton South
92059	CA	Pala
92060	CA	Palomar Mountain
92061	CA	Pauma Valley
92064	CA	Poway
92065	CA	Ramona|San Diego Country Estates
92066	CA	Ranchita
92067	CA	Rancho Santa Fe|Fairbanks Ranch
92068	CA	San Luis Rey
92069	CA	San Marcos
92070	CA	Santa Ysabel
92071	CA	Santee|San Diego
92072	CA	Santee
92074	CA	Poway
92075	CA	Solana Beach|Encinitas
92078	CA	San Marcos|Lake San Marcos|Harmony Grove
92079	CA	San Marcos
92081	CA	Vista
92082	CA	Valley Center|Escondido
92083	CA	Vista
92084	CA	Vista|Bonsall
92085	CA	Vista
92086	CA	Warner Springs
92088	CA	Fallbrook
92091	CA	Rancho Santa Fe
92092	CA	San Diego|La Jolla
92093	CA	San Diego|La Jolla
92096	CA	San Marcos
92101	CA	San Diego
92102	CA	San Diego
92103	CA	San Diego
92104	CA	San Diego
92105	CA	San Diego
92106	CA	San Diego
92107	CA	San Diego
92108	CA	San Diego
92109	CA	San Diego
92110	CA	San Diego
92111	CA	San Diego
92112	CA	San Diego
92113	CA	San Diego
92114	CA	San Diego
92115	CA	San Diego
92116	CA	San Diego
92117	CA	San Diego
92118	CA	Coronado|San Diego
92119	CA	San Diego
92120	CA	San Diego
92121	CA	San Diego
92122	CA	San Diego
92123	CA	San Diego
92124	CA	San Diego
92126	CA	San Diego
92127	CA	San Diego
92128	CA	San Diego
92129	CA	San Diego
92130	CA	San Diego
92131	CA	San Diego
92132	CA	San Diego
92134	CA	San Diego
92135	CA	Coronado|San Diego
92136	CA	San Diego|National City
92137	CA	San Diego
92138	CA	San Diego
92139	CA	San Diego
92140	CA	San Diego
92142	CA	San Diego
92143	CA	San Ysidro
92145	CA	San Diego
92147	CA	San Diego
92149	CA	San Diego
92150	CA	San Diego
92152	CA	San Diego
92153	CA	San Diego
92154	CA	San Diego
92155	CA	Coronado|San Diego
92158	CA	San Diego
92159	CA	San Diego
92160	CA	San Diego
92161	CA	San Diego
92163	CA	San Diego
92165	CA	San Diego
92166	CA	San Diego
92167	CA	San Diego
92168	CA	San Diego
92169	CA	San Diego
92170	CA	San Diego
92171	CA	San Diego
92172	CA	San Diego
92173	CA	San Diego|San Ysidro
92174	CA	San Diego
92175	CA	San Diego
92176	CA	San Diego
92177	CA	San Diego
92178	CA	Coronado
92179	CA	San Diego
92182	CA	San Diego
92186	CA	San Diego
92187	CA	San Diego
92190	CA	San Diego
92191	CA	San Diego
92192	CA	San Diego
92193	CA	San Diego
92195	CA	San Diego
92196	CA	San Diego
92197	CA	San Diego
92198	CA	San Diego
92199	CA	San Diego
92201	CA	Indio
92202	CA	Indio
92203	CA	Indio|Bermuda Dunes
92210	CA	Indian Wells
92211	CA	Palm Desert|Desert Palms|Thousand Palms
92220	CA	Banning
92222	CA	Bard
92223	CA	Beaumont|Banning|Cherry Valley
92225	CA	Blythe|Mesa Verde|Ripley
92226	CA	Blythe
92227	CA	Brawley
92230	CA	Cabazon
92231	CA	Calexico
92232	CA	Calexico
92233	CA	Calipatria
92234	CA	Cathedral City|Palm Springs
92235	CA	Cathedral City
92236	CA	Coachella|Vista Santa Rosa
92239	CA	Desert Center
92240	CA	Desert Hot Springs|Garnet
92241	CA	Desert Hot Springs|Indio|Sky Valley|Indio Hills|Garnet|Desert Edge
92242	CA	Earp|Big River|Bluewater
92243	CA	El Centro|El Centro Naval Air Facility|Seeley
92244	CA	El Centro
92247	CA	La Quinta
92248	CA	La Quinta
92249	CA	Heber
92250	CA	Holtville
92251	CA	Imperial
92252	CA	Joshua Tree
92253	CA	La Quinta
92254	CA	Mecca|North Shore
92255	CA	Palm Desert
92256	CA	Morongo Valley
92257	CA	Niland|Bombay Beach
92258	CA	North Palm Springs|Palm Springs|Desert Hot Springs
92259	CA	Ocotillo
92260	CA	Palm Desert
92261	CA	Palm Desert
92262	CA	Palm Springs
92263	CA	Palm Springs
92264	CA	Palm Springs
92266	CA	Palo Verde
92267	CA	Parker Dam
92268	CA	Pioneertown
92270	CA	Rancho Mirage
92273	CA	Seeley
92274	CA	Thermal|Oasis|Salton City|Vista Santa Rosa|Desert Shores|Salton Sea Beach
92275	CA	Salton City
92276	CA	Thousand Palms|Cathedral City
92277	CA	Twentynine Palms
92278	CA	Twentynine Palms
92280	CA	Vidal
92281	CA	Westmorland
92282	CA	Whitewater|Palm Springs|Desert Hot Springs
92283	CA	Winterhaven
92284	CA	Yucca Valley|Homestead Valley
92285	CA	Landers|Homestead Valley
92286	CA	Yucca Valley
92301	CA	Adelanto
92304	CA	Amboy
92305	CA	Angelus Oaks
92307	CA	Apple Valley
92308	CA	Apple Valley
92309	CA	Baker
92310	CA	Fort Irwin
92311	CA	Barstow|Lenwood
92312	CA	Barstow
92313	CA	Grand Terrace
92314	CA	Big Bear City
92315	CA	Big Bear Lake
92316	CA	Bloomington|Rialto|Fontana|Colton
92317	CA	Blue Jay|Lake Arrowhead
92318	CA	Bryn Mawr
92320	CA	Calimesa
92321	CA	Cedar Glen|Lake Arrowhead
92322	CA	Cedarpines Park|Crestline
92323	CA	Cima
92324	CA	Colton|Loma Linda
92325	CA	Crestline
92327	CA	Daggett
92328	CA	Death Valley|Furnace Creek|Valley Wells|Homewood Canyon|Trona
92329	CA	Phelan
92331	CA	Fontana
92332	CA	Essex
92333	CA	Fawnskin
92334	CA	Fontana
92335	CA	Fontana
92336	CA	Fontana
92337	CA	Fontana
92338	CA	Ludlow
92339	CA	Forest Falls
92340	CA	Hesperia
92341	CA	Green Valley Lake
92342	CA	Helendale|Silver Lakes
92344	CA	Hesperia|Oak Hills
92345	CA	Hesperia
92346	CA	Highland|San Bernardino|Redlands
92347	CA	Hinkley
92350	CA	Loma Linda
92352	CA	Lake Arrowhead
92354	CA	Loma Linda
92356	CA	Lucerne Valley
92357	CA	Loma Linda
92358	CA	Lytle Creek
92359	CA	Mentone|Highland|Redlands
92363	CA	Needles
92364	CA	Nipton
92365	CA	Newberry Springs
92366	CA	Mountain Pass
92368	CA	Oro Grande
92369	CA	San Bernardino|Patton
92371	CA	Phelan|Piñon Hills
92372	CA	Pinon Hills|Piñon Hills
92373	CA	Redlands|Yucaipa|Loma Linda|Calimesa
92374	CA	Redlands|Mentone
92375	CA	Redlands
92376	CA	Rialto|San Bernardino
92377	CA	Rialto
92378	CA	Rimforest|Lake Arrowhead
92382	CA	Running Springs
92384	CA	Shoshone
92385	CA	Skyforest|San Bernardino|Lake Arrowhead
92386	CA	Sugarloaf|Big Bear City
92389	CA	Tecopa
92391	CA	Twin Peaks|Lake Arrowhead|Crestline
92392	CA	Victorville|Mountain View Acres
92393	CA	Victorville
92394	CA	Victorville|Adelanto
92395	CA	Victorville|Spring Valley Lake
92397	CA	Wrightwood|Piñon Hills
92398	CA	Yermo
92399	CA	Yucaipa|Oak Glen
92401	CA	San Bernardino
92402	CA	San Bernardino
92403	CA	San Bernardino
92404	CA	San Bernardino
92405	CA	San Bernardino
92406	CA	San Bernardino
92407	CA	San Bernardino|Muscoy|Crestline
92408	CA	San Bernardino
92410	CA	San Bernardino|Highland
92411	CA	San Bernardino
92413	CA	San Bernardino
92415	CA	San Bernardino
92418	CA	San Bernardino
92423	CA	San Bernardino
92427	CA	San Bernardino
92501	CA	Riverside
92502	CA	Riverside
92503	CA	Riverside|Corona|El Sobrante|Woodcrest|Home Gardens
92504	CA	Riverside|Woodcrest|Lake Mathews
92505	CA	Riverside
92506	CA	Riverside|Woodcrest
92507	CA	Riverside|Highgrove
92508	CA	Riverside|Woodcrest
92509	CA	Jurupa Valley|Riverside
92513	CA	Riverside
92514	CA	Riverside
92515	CA	Riverside
92516	CA	Riverside
92517	CA	Riverside
92518	CA	March Air Reserve Base|March ARB
92519	CA	Riverside
92521	CA	Riverside
92522	CA	Riverside
92530	CA	Lake Elsinore|Lakeland Village
92531	CA	Lake Elsinore
92532	CA	Lake Elsinore|Warm Springs
92536	CA	Aguanga|Lake Riverside
92539	CA	Anza
92543	CA	Hemet|Sage
92544	CA	Hemet|Sage|Valle Vista|East Hemet
92545	CA	Hemet|Winchester|Green Acres
92546	CA	Hemet
92548	CA	Homeland
92549	CA	Idyllwild|Idyllwild-Pine Cove
92551	CA	Moreno Valley
92552	CA	Moreno Valley
92553	CA	Moreno Valley
92554	CA	Moreno Valley
92555	CA	Moreno Valley
92556	CA	Moreno Valley
92557	CA	Moreno Valley
92561	CA	Mountain Center
92562	CA	Murrieta
92563	CA	Murrieta|French Valley
92564	CA	Murrieta
92567	CA	Nuevo|Lakeview
92570	CA	Perris|Lake Elsinore|Canyon Lake|Mead Valley|Lake Mathews|Good Hope|Meadowbrook
92571	CA	Perris|March ARB
92572	CA	Perris
92581	CA	San Jacinto
92582	CA	San Jacinto
92583	CA	San Jacinto
92584	CA	Menifee|Wildomar
92585	CA	Menifee|Sun City|Romoland
92586	CA	Menifee|Sun City
92587	CA	Quail Valley|Menifee|Canyon Lake
92589	CA	Temecula
92590	CA	Temecula
92591	CA	Temecula
92592	CA	Temecula|Sage
92593	CA	Temecula
92595	CA	Wildomar
92596	CA	Winchester|French Valley|Green Acres
92599	CA	Perris
92602	CA	Irvine
92603	CA	Irvine
92604	CA	Irvine
92605	CA	Huntington Beach
92606	CA	Irvine
92607	CA	Laguna Niguel
92609	CA	El Toro
92610	CA	Lake Forest|Foothill Ranch
92612	CA	Irvine
92614	CA	Irvine
92615	CA	Huntington Beach
92616	CA	Irvine
92617	CA	Irvine
92618	CA	Irvine
92619	CA	Irvine
92620	CA	Irvine
92623	CA	Irvine
92624	CA	Dana Point|Capistrano Beach|San Juan Capistrano
92625	CA	Newport Beach|Corona Del Mar
92626	CA	Costa Mesa
92627	CA	Costa Mesa
92628	CA	Costa Mesa
92629	CA	Dana Point
92630	CA	Lake Forest
92637	CA	Laguna Woods|Aliso Viejo
92646	CA	Huntington Beach
92647	CA	Huntington Beach
92648	CA	Huntington Beach
92649	CA	Huntington Beach
92650	CA	East Irvine
92651	CA	Laguna Beach|Laguna Woods
92652	CA	Laguna Beach
92653	CA	Laguna Hills|Laguna Woods
92654	CA	Laguna Hills
92655	CA	Midway City|Westminster
92656	CA	Aliso Viejo
92657	CA	Newport Beach|Newport Coast
92658	CA	Newport Beach
92659	CA	Newport Beach
92660	CA	Newport Beach
92661	CA	Newport Beach
92662	CA	Newport Beach
92663	CA	Newport Beach
92672	CA	San Clemente
92673	CA	San Clemente
92674	CA	San Clemente
92675	CA	San Juan Capistrano
92676	CA	Silverado|Lake Forest|Modjeska|Trabuco Canyon|Williams Canyon
92677	CA	Laguna Niguel|San Juan Capistrano
92678	CA	Trabuco Canyon
92679	CA	Trabuco Canyon|Rancho Santa Margarita|Lake Forest|Coto de Caza
92683	CA	Westminster
92684	CA	Westminster
92685	CA	Westminster
92688	CA	Rancho Santa Margarita|Las Flores
92690	CA	Mission Viejo
92691	CA	Mission Viejo
92692	CA	Mission Viejo
92693	CA	San Juan Capistrano
92694	CA	Ladera Ranch|Rancho Mission Viejo
92697	CA	Irvine
92698	CA	Aliso Viejo
92701	CA	Santa Ana
92702	CA	Santa Ana
92703	CA	Santa Ana
92704	CA	Santa Ana
92705	CA	Santa Ana|Tustin|North Tustin
92706	CA	Santa Ana
92707	CA	Santa Ana
92708	CA	Fountain Valley
92711	CA	Santa Ana
92712	CA	Santa Ana
92728	CA	Fountain Valley
92735	CA	Santa Ana
92780	CA	Tustin|North Tustin
92781	CA	Tustin
92782	CA	Tustin
92799	CA	Santa Ana
92801	CA	Anaheim
92802	CA	Anaheim
92803	CA	Anaheim
92804	CA	Anaheim|Stanton
92805	CA	Anaheim
92806	CA	Anaheim
92807	CA	Anaheim
92808	CA	Anaheim
92809	CA	Anaheim
92811	CA	Atwood
92812	CA	Anaheim
92814	CA	Anaheim
92815	CA	Anaheim
92816	CA	Anaheim
92817	CA	Anaheim
92821	CA	Brea
92822	CA	Brea
92823	CA	Brea
92825	CA	Anaheim
92831	CA	Fullerton
92832	CA	Fullerton
92833	CA	Fullerton
92834	CA	Fullerton
92835	CA	Fullerton
92836	CA	Fullerton
92837	CA	Fullerton
92838	CA	Fullerton
92840	CA	Garden Grove
92841	CA	Garden Grove|Stanton
92842	CA	Garden Grove
92843	CA	Garden Grove
92844	CA	Garden Grove
92845	CA	Garden Grove
92846	CA	Garden Grove
92850	CA	Anaheim
92856	CA	Orange
92857	CA	Orange
92859	CA	Orange
92860	CA	Norco
92861	CA	Villa Park
92862	CA	Orange
92863	CA	Orange
92864	CA	Orange
92865	CA	Orange
92866	CA	Orange
92867	CA	Orange
92868	CA	Orange
92869	CA	Orange
92870	CA	Placentia
92871	CA	Placentia
92877	CA	Corona
92878	CA	Corona
92879	CA	Corona|Home Gardens
92880	CA	Corona|Eastvale|Chino
92881	CA	Corona|El Cerrito
92882	CA	Corona|Coronita
92883	CA	Corona|Temescal Valley
92885	CA	Yorba Linda
92886	CA	Yorba Linda
92887	CA	Yorba Linda
92899	CA	Anaheim
93001	CA	Ventura|San Buenaventura (Ventura)|Oak View
93002	CA	Ventura
93003	CA	San Buenaventura (Ventura)|Ventura
93004	CA	San Buenaventura (Ventura)|Ventura|Saticoy
93005	CA	Ventura
93006	CA	Ventura
93007	CA	Ventura
93009	CA	Ventura
93010	CA	Camarillo
93011	CA	Camarillo
93012	CA	Camarillo|Santa Rosa Valley
93013	CA	Carpinteria|Toro Canyon|Summerland
93014	CA	Carpinteria
93015	CA	Fillmore|Piru
93016	CA	Fillmore
93020	CA	Moorpark
93021	CA	Moorpark
93022	CA	Oak View
93023	CA	Ojai|Mira Monte|Meiners Oaks
93024	CA	Ojai
93030	CA	Oxnard
93031	CA	Oxnard
93032	CA	Oxnard
93033	CA	Oxnard
93034	CA	Oxnard
93035	CA	Oxnard|Channel Islands Beach
93036	CA	Oxnard|El Rio
93040	CA	Piru
93041	CA	Port Hueneme|Oxnard
93042	CA	Point Mugu Nawc
93043	CA	Port Hueneme|Port Hueneme Cbc Base
93044	CA	Port Hueneme
93060	CA	Santa Paula
93061	CA	Santa Paula
93062	CA	Simi Valley
93063	CA	Simi Valley|Santa Susana
93064	CA	Brandeis
93065	CA	Simi Valley
93066	CA	Somis
93067	CA	Summerland
93094	CA	Simi Valley
93099	CA	Simi Valley
93101	CA	Santa Barbara
93102	CA	Santa Barbara
93103	CA	Santa Barbara
93105	CA	Santa Barbara|Mission Canyon|Eastern Goleta Valley
93106	CA	Santa Barbara|University of California-Santa Barbara
93107	CA	Santa Barbara
93108	CA	Santa Barbara|Montecito|Toro Canyon|Summerland
93109	CA	Santa Barbara
93110	CA	Santa Barbara|Eastern Goleta Valley
93111	CA	Santa Barbara|Goleta|Eastern Goleta Valley
93116	CA	Goleta
93117	CA	Goleta|Santa Barbara|Eastern Goleta Valley|University of California-Santa Barbara|Isla Vista
93118	CA	Goleta
93120	CA	Santa Barbara
93121	CA	Santa Barbara
93130	CA	Santa Barbara
93140	CA	Santa Barbara
93150	CA	Santa Barbara
93160	CA	Santa Barbara
93190	CA	Santa Barbara
93199	CA	Goleta
93201	CA	Alpaugh
93202	CA	Armona
93203	CA	Arvin|Di Giorgio|Edmundson Acres
93204	CA	Avenal
93205	CA	Bodfish
93206	CA	Buttonwillow
93207	CA	California Hot Springs|Pine Flat
93208	CA	Camp Nelson|Pierpoint
93210	CA	Coalinga
93212	CA	Corcoran
93215	CA	Delano|Jovista
93216	CA	Delano
93218	CA	Ducor
93219	CA	Earlimart|Allensworth|Teviston
93220	CA	Edison|Tarina
93221	CA	Exeter|Lindcove|Lemon Cove|Tooleville
93222	CA	Pine Mountain Club
93223	CA	Farmersville
93224	CA	Fellows|Derby Acres|McKittrick
93225	CA	Frazier Park|Lake of the Woods
93226	CA	Glennville
93227	CA	Goshen
93230	CA	Hanford|Grangeville|Armona|Home Garden|Hardwick
93232	CA	Hanford
93234	CA	Huron
93235	CA	Ivanhoe
93237	CA	Kaweah|Three Rivers
93238	CA	Kernville
93239	CA	Kettleman City|Avenal
93240	CA	Lake Isabella|Weldon|Squirrel Mountain Valley|Mountain Mesa
93241	CA	Lamont|Weedpatch
93242	CA	Laton
93243	CA	Lebec
93244	CA	Lemon Cove
93245	CA	Lemoore|Lemoore Station
93246	CA	Lemoore|Lemoore Station
93247	CA	Lindsay|Tonyville|El Rancho
93249	CA	Lost Hills
93250	CA	Mc Farland|McFarland
93251	CA	Mc Kittrick|McKittrick
93252	CA	Maricopa
93254	CA	New Cuyama|Cuyama
93255	CA	Onyx
93256	CA	Pixley|Teviston
93257	CA	Porterville|East Porterville|Poplar-Cotton Center|Woodville|Woodville Farm Labor Camp
93258	CA	Porterville|Poplar-Cotton Center
93260	CA	Posey|McClenney Tract|Panorama Heights|Idlewild|Sugarloaf Saw Mill|Sugarloaf Village|Poso Park
93261	CA	Richgrove|Rodriguez Camp
93262	CA	Sequoia National Park|Silver City
93263	CA	Shafter|Smith Corner|Cherokee Strip|Mexican Colony
93265	CA	Springville|Sequoia Crest|Ponderosa|Cedar Slope|Pierpoint|Camp Nelson
93266	CA	Stratford
93267	CA	Strathmore|Plainview
93268	CA	Taft|Valley Acres|Dustin Acres|Ford City|South Taft|Taft Heights
93270	CA	Terra Bella
93271	CA	Three Rivers
93272	CA	Tipton
93274	CA	Tulare|Woodville|Matheny|Waukena|East Tulare Villa
93275	CA	Tulare
93276	CA	Tupman
93277	CA	Visalia
93278	CA	Visalia
93279	CA	Visalia
93280	CA	Wasco
93282	CA	Waukena
93283	CA	Weldon|Onyx
93285	CA	Wofford Heights|Lake Isabella|Alta Sierra
93286	CA	Woodlake|Lemon Cove
93287	CA	Woody|Glennville
93290	CA	Visalia
93291	CA	Visalia|Goshen|Patterson Tract|West Goshen
93292	CA	Visalia|Farmersville|Seville|Linnell Camp|Yettem|Hypericum
93301	CA	Bakersfield
93302	CA	Bakersfield
93303	CA	Bakersfield
93304	CA	Bakersfield|Benton Park
93305	CA	Bakersfield|La Cresta|East Bakersfield|Potomac Park
93306	CA	Bakersfield|East Niles|Hillcrest|Bakersfield Country Club
93307	CA	Bakersfield|Lamont|Greenfield|Potomac Park|East Niles|Weedpatch|El Adobe|Fairfax|Edison|Fuller Acres|Tarina|Rexland Acres|Cottonwood|Casa Loma
93308	CA	Bakersfield|Shafter|Oildale|Choctaw Valley|Goodmanville|Rivergrove
93309	CA	Bakersfield|Old Stine|Olde Stockdale
93311	CA	Bakersfield|Old River|Lakeside
93312	CA	Bakersfield|Greenacres|Rosedale
93313	CA	Bakersfield|Lakeside|Pumpkin Center|Mettler
93314	CA	Bakersfield|Rosedale|Stebbins
93380	CA	Bakersfield
93383	CA	Bakersfield
93384	CA	Bakersfield
93385	CA	Bakersfield
93386	CA	Bakersfield
93387	CA	Bakersfield
93388	CA	Bakersfield
93389	CA	Bakersfield
93390	CA	Bakersfield
93401	CA	San Luis Obispo|Los Ranchos|Edna
93402	CA	Los Osos
93403	CA	San Luis Obispo
93405	CA	San Luis Obispo|Avila Beach|California Polytechnic State University
93406	CA	San Luis Obispo
93407	CA	San Luis Obispo|California Polytechnic State University
93408	CA	San Luis Obispo
93409	CA	San Luis Obispo
93410	CA	San Luis Obispo|California Polytechnic State University
93412	CA	Los Osos
93420	CA	Arroyo Grande|Los Berros|Callender|Oceano
93421	CA	Arroyo Grande
93422	CA	Atascadero|Garden Farms
93423	CA	Atascadero
93424	CA	Avila Beach
93426	CA	Bradley|Oak Shores|Lockwood|Lake Nacimiento
93427	CA	Buellton
93428	CA	Cambria
93429	CA	Casmalia
93430	CA	Cayucos
93432	CA	Creston
93433	CA	Grover Beach
93434	CA	Guadalupe
93435	CA	Harmony
93436	CA	Lompoc|Vandenberg Village|Mission Hills
93437	CA	Lompoc|Vandenberg AFB
93438	CA	Lompoc
93440	CA	Los Alamos
93441	CA	Los Olivos
93442	CA	Morro Bay|Cayucos
93443	CA	Morro Bay
93444	CA	Nipomo|Woodlands|Blacklake
93445	CA	Oceano|Grover Beach
93446	CA	Paso Robles|El Paso de Robles (Paso Robles)|Lake Nacimiento|Whitley Gardens|Templeton
93447	CA	Paso Robles
93448	CA	Pismo Beach
93449	CA	Pismo Beach
93450	CA	San Ardo
93451	CA	San Miguel
93452	CA	San Simeon
93453	CA	Santa Margarita
93454	CA	Santa Maria|Sisquoc|Garey
93455	CA	Santa Maria|Orcutt
93456	CA	Santa Maria
93457	CA	Santa Maria
93458	CA	Santa Maria
93460	CA	Santa Ynez|Ballard|Los Olivos
93461	CA	Shandon
93463	CA	Solvang|Ballard|Santa Ynez
93464	CA	Solvang
93465	CA	Templeton
93475	CA	Oceano
93483	CA	Grover Beach
93501	CA	Mojave|California City
93502	CA	Mojave
93504	CA	California City
93505	CA	California City
93510	CA	Acton
93512	CA	Benton
93513	CA	Big Pine
93514	CA	Bishop|Chalfant|Round Valley|West Bishop|Wilkerson|Swall Meadows|Benton|Mesa|Dixon Lane-MeadowCreek|Paradise|Big Pine
93515	CA	Bishop
93516	CA	Boron
93517	CA	Bridgeport|Twin Lakes
93518	CA	Caliente|Keene
93519	CA	Cantil
93522	CA	Darwin
93523	CA	Edwards|North Edwards|Edwards AFB
93524	CA	Edwards|Edwards AFB
93526	CA	Independence
93527	CA	Inyokern|Kennedy Meadows|Pearsonville
93528	CA	Johannesburg
93529	CA	June Lake
93530	CA	Keeler
93531	CA	Keene
93532	CA	Lake Hughes|Elizabeth Lake
93534	CA	Lancaster
93535	CA	Lancaster|Palmdale|Lake Los Angeles
93536	CA	Lancaster|Quartz Hill
93539	CA	Lancaster
93541	CA	Lee Vining|Mono City|Virginia Lakes
93542	CA	Little Lake
93543	CA	Littlerock|Sun Village
93544	CA	Llano
93545	CA	Lone Pine
93546	CA	Mammoth Lakes|McGee Creek|Aspen Springs|Crowley Lake|Sunny Slopes
93549	CA	Olancha|Cartago
93550	CA	Palmdale|Acton
93551	CA	Palmdale|Leona Valley|Desert View Highlands
93552	CA	Palmdale
93553	CA	Pearblossom
93554	CA	Randsburg
93555	CA	Ridgecrest|China Lake Acres|Ridgecrest Heights
93556	CA	Ridgecrest
93558	CA	Red Mountain
93560	CA	Rosamond
93561	CA	Tehachapi|Bear Valley Springs|Stallion Springs|Golden Hills|Mountain Meadows|Keene
93562	CA	Trona|Searles Valley
93563	CA	Valyermo
93581	CA	Tehachapi
93584	CA	Lancaster
93586	CA	Lancaster
93590	CA	Palmdale
93591	CA	Palmdale|Lake Los Angeles|Sun Village
93592	CA	Trona
93596	CA	Boron
93599	CA	Palmdale
93601	CA	Ahwahnee|Nipinnawasee
93602	CA	Auberry|Shaver Lake
93603	CA	Badger|Hartland
93604	CA	Bass Lake
93605	CA	Big Creek
93606	CA	Biola
93607	CA	Burrel
93608	CA	Cantua Creek|Three Rocks
93609	CA	Caruthers
93610	CA	Chowchilla|Fairmead
93611	CA	Clovis
93612	CA	Clovis
93613	CA	Clovis
93614	CA	Coarsegold|Yosemite Lakes
93615	CA	Cutler|Yettem
93616	CA	Del Rey
93618	CA	Dinuba|London|Monson|Sultana|Delft Colony|El Monte Mobile Village
93619	CA	Clovis
93620	CA	Dos Palos|Dos Palos Y|South Dos Palos
93621	CA	Dunlap
93622	CA	Firebaugh
93623	CA	Fish Camp
93624	CA	Five Points|Westside
93625	CA	Fowler
93626	CA	Friant|Millerton
93627	CA	Helm
93628	CA	Hume
93630	CA	Kerman|Biola
93631	CA	Kingsburg|Traver
93633	CA	Kings Canyon National Pk|Wilsonia
93634	CA	Lakeshore|Big Creek
93635	CA	Los Banos|Volta
93636	CA	Madera|Bonadelle Ranchos|Madera Ranchos|Rolling Hills
93637	CA	Madera|Parkwood|La Vina
93638	CA	Madera|Madera Acres|Parksdale
93639	CA	Madera
93640	CA	Mendota
93641	CA	Miramonte
93642	CA	Mono Hot Springs
93643	CA	North Fork
93644	CA	Oakhurst|Ahwahnee
93645	CA	O Neals
93646	CA	Orange Cove
93647	CA	Orosi|East Orosi
93648	CA	Parlier
93649	CA	Piedra
93650	CA	Fresno
93651	CA	Prather
93652	CA	Raisin City
93653	CA	Raymond
93654	CA	Reedley
93656	CA	Riverdale|Lanare
93657	CA	Sanger|Centerville|Minkler
93660	CA	San Joaquin
93661	CA	Santa Rita Park
93662	CA	Selma|Parlier
93664	CA	Shaver Lake
93665	CA	South Dos Palos
93666	CA	Sultana
93667	CA	Tollhouse
93668	CA	Tranquillity
93669	CA	Wishon|North Fork
93670	CA	Yettem
93673	CA	Traver
93675	CA	Yokuts|Squaw Valley
93701	CA	Fresno
93702	CA	Fresno
93703	CA	Fresno|Mayfair
93704	CA	Fresno|Old Fig Garden
93705	CA	Fresno|Old Fig Garden
93706	CA	Fresno|Easton|West Park|Raisin City
93707	CA	Fresno
93708	CA	Fresno
93709	CA	Fresno
93710	CA	Fresno
93711	CA	Fresno
93712	CA	Fresno
93714	CA	Fresno
93715	CA	Fresno
93716	CA	Fresno
93717	CA	Fresno
93718	CA	Fresno
93720	CA	Fresno|Fort Washington
93721	CA	Fresno
93722	CA	Fresno
93723	CA	Fresno
93724	CA	Fresno
93725	CA	Fresno|Calwa|Easton|Bowles|Monmouth|Malaga
93726	CA	Fresno
93727	CA	Fresno|Sunnyside|Tarpey Village
93728	CA	Fresno
93729	CA	Fresno
93730	CA	Fresno
93737	CA	Fresno
93740	CA	Fresno
93741	CA	Fresno
93744	CA	Fresno
93745	CA	Fresno
93747	CA	Fresno
93750	CA	Fresno
93755	CA	Fresno
93760	CA	Fresno
93761	CA	Fresno
93764	CA	Fresno
93765	CA	Fresno
93771	CA	Fresno
93772	CA	Fresno
93773	CA	Fresno
93774	CA	Fresno
93775	CA	Fresno
93776	CA	Fresno
93777	CA	Fresno
93778	CA	Fresno
93779	CA	Fresno
93786	CA	Fresno
93790	CA	Fresno
93791	CA	Fresno
93792	CA	Fresno
93793	CA	Fresno
93794	CA	Fresno
93844	CA	Fresno
93888	CA	Fresno
93901	CA	Salinas
93902	CA	Salinas
93905	CA	Salinas
93906	CA	Salinas
93907	CA	Salinas|Prunedale|Elkhorn|Boronda
93908	CA	Salinas|Marina
93912	CA	Salinas
93915	CA	Salinas
93920	CA	Big Sur
93921	CA	Carmel-by-the-Sea|Carmel By The Sea
93922	CA	Carmel
93923	CA	Carmel|Carmel-by-the-Sea
93924	CA	Carmel Valley|Carmel Valley Village
93925	CA	Chualar
93926	CA	Gonzales
93927	CA	Greenfield
93928	CA	Jolon|Fort Hunter Liggett
93930	CA	King City|Pine Canyon
93932	CA	Lockwood
93933	CA	Marina
93940	CA	Monterey|Del Rey Oaks
93942	CA	Monterey
93943	CA	Monterey
93944	CA	Monterey
93950	CA	Pacific Grove
93953	CA	Pebble Beach|Del Monte Forest
93954	CA	San Lucas
93955	CA	Seaside|Sand City|Del Rey Oaks
93960	CA	Soledad
93962	CA	Spreckels
94002	CA	Belmont
94005	CA	Brisbane
94010	CA	Burlingame|Hillsborough
94011	CA	Burlingame
94014	CA	Daly City|Colma
94015	CA	Daly City|Broadmoor
94016	CA	Daly City
94017	CA	Daly City
94018	CA	El Granada
94019	CA	Half Moon Bay|El Granada
94020	CA	La Honda
94021	CA	Loma Mar
94022	CA	Los Altos|Los Altos Hills|Palo Alto
94023	CA	Los Altos
94024	CA	Los Altos|Los Altos Hills|Loyola
94025	CA	Menlo Park|West Menlo Park|North Fair Oaks
94026	CA	Menlo Park
94027	CA	Atherton
94028	CA	Portola Valley|Palo Alto|Ladera
94030	CA	Millbrae
94035	CA	Mountain View
94037	CA	Montara
94038	CA	Moss Beach
94039	CA	Mountain View
94040	CA	Mountain View
94041	CA	Mountain View
94042	CA	Mountain View
94043	CA	Mountain View
94044	CA	Pacifica
94060	CA	Pescadero
94061	CA	Redwood City
94062	CA	Redwood City|Woodside|Emerald Lake Hills|La Honda
94063	CA	Redwood City|North Fair Oaks
94064	CA	Redwood City
94065	CA	Redwood City
94066	CA	San Bruno
94070	CA	San Carlos
94074	CA	San Gregorio
94080	CA	South San Francisco
94083	CA	South San Francisco
94085	CA	Sunnyvale
94086	CA	Sunnyvale
94087	CA	Sunnyvale
94088	CA	Sunnyvale
94089	CA	Sunnyvale
94102	CA	San Francisco
94103	CA	San Francisco
94104	CA	San Francisco
94105	CA	San Francisco
94107	CA	San Francisco
94108	CA	San Francisco
94109	CA	San Francisco
94110	CA	San Francisco
94111	CA	San Francisco
94112	CA	San Francisco
94114	CA	San Francisco
94115	CA	San Francisco
94116	CA	San Francisco
94117	CA	San Francisco
94118	CA	San Francisco
94119	CA	San Francisco
94120	CA	San Francisco
94121	CA	San Francisco
94122	CA	San Francisco
94123	CA	San Francisco
94124	CA	San Francisco
94125	CA	San Francisco
94126	CA	San Francisco
94127	CA	San Francisco
94128	CA	San Francisco|South San Francisco
94129	CA	San Francisco
94130	CA	San Francisco
94131	CA	San Francisco
94132	CA	San Francisco
94133	CA	San Francisco
94134	CA	San Francisco
94137	CA	San Francisco
94139	CA	San Francisco
94140	CA	San Francisco
94141	CA	San Francisco
94142	CA	San Francisco
94143	CA	San Francisco
94144	CA	San Francisco
94145	CA	San Francisco
94146	CA	San Francisco
94147	CA	San Francisco
94151	CA	San Francisco
94158	CA	San Francisco
94159	CA	San Francisco
94160	CA	San Francisco
94161	CA	San Francisco
94163	CA	San Francisco
94164	CA	San Francisco
94172	CA	San Francisco
94177	CA	San Francisco
94188	CA	San Francisco
94203	CA	Sacramento
94204	CA	Sacramento
94205	CA	Sacramento
94206	CA	Sacramento
94207	CA	Sacramento
94208	CA	Sacramento
94209	CA	Sacramento
94211	CA	Sacramento
94229	CA	Sacramento
94230	CA	Sacramento
94232	CA	Sacramento
94234	CA	Sacramento
94235	CA	Sacramento
94236	CA	Sacramento
94237	CA	Sacramento
94239	CA	Sacramento
94240	CA	Sacramento
94244	CA	Sacramento
94245	CA	Sacramento
94247	CA	Sacramento
94248	CA	Sacramento
94249	CA	Sacramento
94250	CA	Sacramento
94252	CA	Sacramento
94254	CA	Sacramento
94256	CA	Sacramento
94257	CA	Sacramento
94258	CA	Sacramento
94259	CA	Sacramento
94261	CA	Sacramento
94262	CA	Sacramento
94263	CA	Sacramento
94267	CA	Sacramento
94268	CA	Sacramento
94269	CA	Sacramento
94271	CA	Sacramento
94273	CA	Sacramento
94274	CA	Sacramento
94277	CA	Sacramento
94278	CA	Sacramento
94279	CA	Sacramento
94280	CA	Sacramento
94282	CA	Sacramento
94283	CA	Sacramento
94284	CA	Sacramento
94285	CA	Sacramento
94286	CA	Sacramento
94287	CA	Sacramento
94288	CA	Sacramento
94289	CA	Sacramento
94290	CA	Sacramento
94291	CA	Sacramento
94293	CA	Sacramento
94294	CA	Sacramento
94295	CA	Sacramento
94296	CA	Sacramento
94297	CA	Sacramento
94298	CA	Sacramento
94299	CA	Sacramento
94301	CA	Palo Alto
94302	CA	Palo Alto
94303	CA	Palo Alto|East Palo Alto|Mountain View
94304	CA	Palo Alto|Stanford
94305	CA	Stanford
94306	CA	Palo Alto
94309	CA	Palo Alto
94401	CA	San Mateo
94402	CA	San Mateo|Highlands|Baywood Park
94403	CA	San Mateo
94404	CA	Foster City|San Mateo
94497	CA	San Mateo
94501	CA	Alameda
94502	CA	Alameda
94503	CA	American Canyon
94505	CA	Discovery Bay
94506	CA	Danville|Blackhawk|Camino Tassajara|Diablo
94507	CA	Alamo|Castle Hill
94508	CA	Angwin|Deer Park
94509	CA	Antioch
94510	CA	Benicia
94511	CA	Bethel Island
94512	CA	Birds Landing
94513	CA	Brentwood|Knightsen|Byron
94514	CA	Byron
94515	CA	Calistoga
94516	CA	Canyon
94517	CA	Clayton
94518	CA	Concord|Walnut Creek
94519	CA	Concord
94520	CA	Concord|Bay Point|Clyde
94521	CA	Concord
94522	CA	Concord
94523	CA	Pleasant Hill
94524	CA	Concord
94525	CA	Crockett|Rodeo
94526	CA	Danville
94527	CA	Concord
94528	CA	Diablo
94529	CA	Concord
94530	CA	El Cerrito|Richmond
94531	CA	Antioch
94533	CA	Fairfield|Vacaville
94534	CA	Fairfield|Green Valley
94535	CA	Fairfield|Travis Afb
94536	CA	Fremont
94537	CA	Fremont
94538	CA	Fremont
94539	CA	Fremont
94540	CA	Hayward
94541	CA	Hayward|Fairview|Cherryland|San Lorenzo|Ashland
94542	CA	Hayward|Fairview
94543	CA	Hayward
94544	CA	Hayward
94545	CA	Hayward
94546	CA	Castro Valley
94547	CA	Hercules
94548	CA	Knightsen
94549	CA	Lafayette|Reliez Valley
94550	CA	Livermore
94551	CA	Livermore
94552	CA	Castro Valley|Union City
94553	CA	Martinez|Alhambra Valley|Vine Hill|Pacheco|Mountain View
94555	CA	Fremont
94556	CA	Moraga
94557	CA	Hayward
94558	CA	Napa|Moskowite Corner|Silverado Resort|Oakville|Rutherford
94559	CA	Napa
94560	CA	Newark|Fremont
94561	CA	Oakley|Knightsen
94562	CA	Oakville
94563	CA	Orinda
94564	CA	Pinole
94565	CA	Pittsburg|Concord|Bay Point
94566	CA	Pleasanton
94567	CA	Pope Valley
94568	CA	Dublin
94569	CA	Port Costa
94570	CA	Moraga
94571	CA	Rio Vista
94572	CA	Rodeo|Hercules
94573	CA	Rutherford
94574	CA	Saint Helena|St. Helena|Deer Park
94575	CA	Moraga
94576	CA	Deer Park
94577	CA	San Leandro
94578	CA	San Leandro|Castro Valley|Ashland
94579	CA	San Leandro
94580	CA	San Lorenzo|Ashland
94581	CA	Napa
94582	CA	San Ramon
94583	CA	San Ramon|Norris Canyon
94585	CA	Suisun City
94586	CA	Sunol
94587	CA	Union City|Hayward
94588	CA	Pleasanton
94589	CA	Vallejo
94590	CA	Vallejo
94591	CA	Vallejo
94592	CA	Vallejo
94595	CA	Walnut Creek|Saranap|Castle Hill
94596	CA	Walnut Creek|San Miguel
94597	CA	Walnut Creek|Contra Costa Centre|Acalanes Ridge
94598	CA	Walnut Creek|North Gate|Shell Ridge|Contra Costa Centre
94599	CA	Yountville
94601	CA	Oakland
94602	CA	Oakland
94603	CA	Oakland
94604	CA	Oakland
94605	CA	Oakland
94606	CA	Oakland
94607	CA	Oakland
94608	CA	Oakland|Emeryville
94609	CA	Oakland
94610	CA	Oakland|Piedmont
94611	CA	Oakland|Piedmont
94612	CA	Oakland
94613	CA	Oakland
94614	CA	Oakland
94615	CA	Oakland
94617	CA	Oakland
94618	CA	Oakland
94619	CA	Oakland
94620	CA	Piedmont
94621	CA	Oakland
94622	CA	Oakland
94623	CA	Oakland
94624	CA	Oakland
94649	CA	Oakland
94659	CA	Oakland
94660	CA	Oakland
94661	CA	Oakland
94662	CA	Emeryville
94666	CA	Oakland
94701	CA	Berkeley
94702	CA	Berkeley
94703	CA	Berkeley
94704	CA	Berkeley|Oakland
94705	CA	Oakland|Berkeley
94706	CA	Albany|Berkeley
94707	CA	Berkeley|Kensington
94708	CA	Berkeley|Kensington
94709	CA	Berkeley
94710	CA	Berkeley|Albany
94712	CA	Berkeley
94720	CA	Berkeley|Oakland
94801	CA	Richmond|North Richmond
94802	CA	Richmond
94803	CA	Richmond|El Sobrante
94804	CA	Richmond
94805	CA	Richmond|East Richmond Heights
94806	CA	San Pablo|Richmond|Tara Hills|Montalvin Manor|Bayview|Rollingwood
94807	CA	Richmond
94808	CA	Richmond
94820	CA	El Sobrante
94850	CA	Richmond
94901	CA	San Rafael|Santa Venetia
94903	CA	San Rafael|Lucas Valley-Marinwood|Santa Venetia
94904	CA	Greenbrae|Larkspur|Kentfield
94912	CA	San Rafael
94913	CA	San Rafael
94914	CA	Kentfield
94915	CA	San Rafael
94920	CA	Tiburon|Belvedere Tiburon|Belvedere|Strawberry
94922	CA	Bodega
94923	CA	Bodega Bay|Salmon Creek|Sereno del Mar|Carmet
94924	CA	Bolinas
94925	CA	Corte Madera
94926	CA	Rohnert Park
94927	CA	Rohnert Park
94928	CA	Rohnert Park|Sonoma State University
94929	CA	Dillon Beach
94930	CA	Fairfax
94931	CA	Cotati
94933	CA	Forest Knolls|Lagunitas-Forest Knolls
94937	CA	Inverness
94938	CA	Lagunitas|Lagunitas-Forest Knolls
94939	CA	Larkspur|Kentfield
94940	CA	Marshall
94941	CA	Mill Valley|Tamalpais-Homestead Valley|Strawberry|Alto
94942	CA	Mill Valley
94945	CA	Novato|Black Point-Green Point
94946	CA	Nicasio
94947	CA	Novato
94948	CA	Novato
94949	CA	Novato
94950	CA	Olema
94951	CA	Penngrove
94952	CA	Petaluma|Bloomfield|Valley Ford|Petaluma Center
94953	CA	Petaluma
94954	CA	Petaluma
94955	CA	Petaluma
94956	CA	Point Reyes Station|Inverness
94957	CA	Ross
94960	CA	San Anselmo|Ross|Sleepy Hollow
94963	CA	San Geronimo|Lagunitas-Forest Knolls
94964	CA	San Quentin
94965	CA	Sausalito|Marin City|Muir Beach
94966	CA	Sausalito
94970	CA	Stinson Beach
94971	CA	Tomales|Dillon Beach
94972	CA	Valley Ford|Bodega
94973	CA	Woodacre|San Geronimo
94974	CA	San Quentin
94975	CA	Petaluma
94976	CA	Corte Madera
94977	CA	Larkspur
94978	CA	Fairfax
94979	CA	San Anselmo
94998	CA	Novato
94999	CA	Petaluma
95001	CA	Aptos
95002	CA	San Jose|Alviso
95003	CA	Aptos|Capitola|Day Valley|Rio del Mar|Aptos Hills-Larkin Valley|Seacliff|Soquel|Corralitos
95004	CA	Aromas|Prunedale
95005	CA	Ben Lomond|Brookdale
95006	CA	Boulder Creek
95007	CA	Brookdale
95008	CA	Campbell|San Jose
95009	CA	Campbell
95010	CA	Capitola
95011	CA	Campbell
95012	CA	Castroville|Elkhorn|Prunedale
95013	CA	Coyote|San Jose
95014	CA	Cupertino
95015	CA	Cupertino
95017	CA	Davenport
95018	CA	Felton|Lompico|Zayante|Ben Lomond|Mount Hermon
95019	CA	Watsonville|Freedom
95020	CA	Gilroy|San Martin
95021	CA	Gilroy
95023	CA	Hollister|Ridgemark|Tres Pinos
95024	CA	Hollister
95025	CA	San Jose
95026	CA	Holy City
95030	CA	Los Gatos|Monte Sereno
95031	CA	Los Gatos
95032	CA	Los Gatos
95033	CA	Los Gatos|Palo Alto|Lexington Hills
95035	CA	Milpitas
95036	CA	Milpitas
95037	CA	Morgan Hill|San Jose
95038	CA	Morgan Hill
95039	CA	Moss Landing
95041	CA	Mount Hermon
95042	CA	New Almaden
95043	CA	Paicines
95044	CA	Redwood Estates
95045	CA	San Juan Bautista
95046	CA	San Martin
95050	CA	Santa Clara
95051	CA	Santa Clara
95052	CA	Santa Clara
95053	CA	Santa Clara
95054	CA	Santa Clara
95055	CA	Santa Clara
95056	CA	Santa Clara
95060	CA	Santa Cruz|Bonny Doon|Pasatiempo|Paradise Park|Brookdale
95061	CA	Santa Cruz
95062	CA	Santa Cruz|Live Oak|Pleasure Point|Twin Lakes
95063	CA	Santa Cruz
95064	CA	Santa Cruz
95065	CA	Santa Cruz|Live Oak
95066	CA	Scotts Valley|Mount Hermon
95067	CA	Scotts Valley
95070	CA	Saratoga
95071	CA	Saratoga
95073	CA	Soquel
95075	CA	Tres Pinos
95076	CA	Watsonville|Interlaken|Corralitos|Aptos Hills-Larkin Valley|Prunedale|La Selva Beach|Day Valley|Amesti|Pajaro Dunes|Las Lomas|Freedom|Pajaro
95077	CA	Watsonville
95101	CA	San Jose
95103	CA	San Jose
95106	CA	San Jose
95108	CA	San Jose
95109	CA	San Jose
95110	CA	San Jose
95111	CA	San Jose
95112	CA	San Jose
95113	CA	San Jose
95115	CA	San Jose
95116	CA	San Jose
95117	CA	San Jose
95118	CA	San Jose
95119	CA	San Jose
95120	CA	San Jose
95121	CA	San Jose
95122	CA	San Jose
95123	CA	San Jose
95124	CA	San Jose|Cambrian Park
95125	CA	San Jose
95126	CA	San Jose
95127	CA	San Jose|East Foothills|Alum Rock
95128	CA	San Jose|Burbank|Fruitdale
95129	CA	San Jose
95130	CA	San Jose
95131	CA	San Jose
95132	CA	San Jose
95133	CA	San Jose
95134	CA	San Jose
95135	CA	San Jose
95136	CA	San Jose
95138	CA	San Jose
95139	CA	San Jose
95140	CA	Mount Hamilton
95141	CA	San Jose
95148	CA	San Jose
95150	CA	San Jose
95151	CA	San Jose
95152	CA	San Jose
95153	CA	San Jose
95154	CA	San Jose
95155	CA	San Jose
95156	CA	San Jose
95157	CA	San Jose
95158	CA	San Jose
95159	CA	San Jose
95160	CA	San Jose
95161	CA	San Jose
95164	CA	San Jose
95170	CA	San Jose
95172	CA	San Jose
95173	CA	San Jose
95190	CA	San Jose
95191	CA	San Jose
95192	CA	San Jose
95193	CA	San Jose
95194	CA	San Jose
95196	CA	San Jose
95201	CA	Stockton
95202	CA	Stockton
95203	CA	Stockton
95204	CA	Stockton|Country Club
95205	CA	Stockton|August|Kennedy
95206	CA	Stockton|Kennedy|Taft Mosswood
95207	CA	Stockton|Lincoln Village
95208	CA	Stockton
95209	CA	Stockton
95210	CA	Stockton
95211	CA	Stockton
95212	CA	Stockton|Morada
95213	CA	Stockton
95214	CA	Stockton
95215	CA	Stockton|Waterloo|Garden Acres|Farmington
95219	CA	Stockton
95220	CA	Acampo|Dogtown|Collierville
95221	CA	Angels|Altaville
95222	CA	Angels Camp|Angels|Vallecito
95223	CA	Arnold|Bear Valley|Dorrington
95224	CA	Avery
95225	CA	Burson
95226	CA	Campo Seco
95227	CA	Clements
95228	CA	Copperopolis
95229	CA	Douglas Flat
95230	CA	Farmington
95231	CA	French Camp|Lathrop
95232	CA	Glencoe
95233	CA	Hathaway Pines|Avery
95234	CA	Holt
95236	CA	Linden|Peters
95237	CA	Lockeford
95240	CA	Lodi|Lockeford|Victor
95241	CA	Lodi
95242	CA	Lodi|Terminous
95245	CA	Mokelumne Hill|Rail Road Flat
95246	CA	Mountain Ranch
95247	CA	Murphys|Forest Meadows
95248	CA	Rail Road Flat
95249	CA	San Andreas
95251	CA	Vallecito
95252	CA	Valley Springs|Rancho Calaveras
95253	CA	Victor
95254	CA	Wallace
95255	CA	West Point
95257	CA	Wilseyville
95258	CA	Woodbridge
95267	CA	Stockton
95269	CA	Stockton
95296	CA	Stockton
95297	CA	Stockton
95301	CA	Atwater|McSwain
95303	CA	Ballico
95304	CA	Tracy
95305	CA	Big Oak Flat|Groveland
95306	CA	Catheys Valley
95307	CA	Ceres|Keyes|Monterey Park Tract
95309	CA	Chinese Camp
95310	CA	Columbia
95311	CA	Coulterville|Greeley Hill|Lake Don Pedro
95312	CA	Cressey
95313	CA	Crows Landing|Modesto
95315	CA	Delhi
95316	CA	Denair
95317	CA	El Nido
95318	CA	El Portal
95319	CA	Empire
95320	CA	Escalon
95321	CA	Groveland|Pine Mountain Lake|Greeley Hill|Buck Meadows
95322	CA	Gustine|Santa Nella
95323	CA	Hickman
95324	CA	Hilmar|Hilmar-Irwin
95325	CA	Hornitos
95326	CA	Hughson
95327	CA	Jamestown|Chinese Camp
95328	CA	Keyes
95329	CA	La Grange|Lake Don Pedro
95330	CA	Lathrop
95333	CA	Le Grand|Planada
95334	CA	Livingston|Cressey
95335	CA	Long Barn|Cold Springs|Sierra Village
95336	CA	Manteca
95337	CA	Manteca
95338	CA	Mariposa|Bootjack|Bear Valley|Mt. Bullion|Hornitos|Midpines
95340	CA	Merced|Tuttle|University of California-Merced|Bear Creek
95341	CA	Merced|Tuttle|McSwain
95343	CA	Merced
95344	CA	Merced
95345	CA	Midpines
95346	CA	Mi Wuk Village|Mi-Wuk Village|Sierra Village
95347	CA	Moccasin
95348	CA	Merced|Franklin
95350	CA	Modesto
95351	CA	Modesto|Ceres|West Modesto|Bystrom|Rouse
95352	CA	Modesto
95353	CA	Modesto
95354	CA	Modesto|Airport
95355	CA	Modesto
95356	CA	Modesto|Del Rio|Salida
95357	CA	Modesto|Riverbank|Empire
95358	CA	Modesto|Ceres|Riverdale Park|West Modesto|Bret Harte|Cowan|Parklawn
95360	CA	Newman|Crows Landing
95361	CA	Oakdale|East Oakdale|Orange Blossom|Valley Home|Knights Ferry
95363	CA	Patterson|Diablo Grande|Grayson|Westley
95364	CA	Pinecrest
95365	CA	Planada
95366	CA	Ripon
95367	CA	Riverbank
95368	CA	Salida
95369	CA	Snelling|Lake Don Pedro
95370	CA	Sonora|Phoenix Lake|Cedar Ridge|Tuttletown|Mono Vista|Columbia|East Sonora|Twain Harte|Jamestown|Soulsbyville
95372	CA	Soulsbyville
95373	CA	Standard
95374	CA	Stevinson
95375	CA	Strawberry
95376	CA	Tracy
95377	CA	Tracy
95378	CA	Tracy
95379	CA	Tuolumne|Tuolumne City|Soulsbyville
95380	CA	Turlock|Delhi
95381	CA	Turlock
95382	CA	Turlock|Keyes
95383	CA	Twain Harte|Mi-Wuk Village|Soulsbyville
95385	CA	Vernalis
95386	CA	Waterford
95387	CA	Westley
95388	CA	Winton|Cressey
95389	CA	Yosemite National Park|Yosemite Valley|Wawona|Crane Creek|Yosemite West
95391	CA	Tracy|Mountain House
95397	CA	Modesto
95401	CA	Santa Rosa
95402	CA	Santa Rosa
95403	CA	Santa Rosa|Larkfield-Wikiup|Fulton
95404	CA	Santa Rosa|Larkfield-Wikiup
95405	CA	Santa Rosa
95406	CA	Santa Rosa
95407	CA	Santa Rosa
95409	CA	Santa Rosa
95410	CA	Albion
95412	CA	Annapolis
95415	CA	Boonville
95416	CA	Boyes Hot Springs
95417	CA	Branscomb
95418	CA	Calpella
95419	CA	Camp Meeker|Occidental
95420	CA	Caspar
95421	CA	Cazadero|Timber Cove
95422	CA	Clearlake
95423	CA	Clearlake Oaks|Spring Valley
95424	CA	Clearlake Park
95425	CA	Cloverdale
95426	CA	Cobb
95427	CA	Comptche
95428	CA	Covelo
95429	CA	Dos Rios
95430	CA	Duncans Mills
95431	CA	Eldridge
95432	CA	Elk
95433	CA	El Verano
95435	CA	Finley
95436	CA	Forestville
95437	CA	Fort Bragg|Cleone
95439	CA	Fulton
95441	CA	Geyserville
95442	CA	Glen Ellen|Kenwood|Eldridge
95443	CA	Glenhaven
95444	CA	Graton
95445	CA	Gualala|Anchor Bay
95446	CA	Guerneville
95448	CA	Healdsburg|Windsor
95449	CA	Hopland
95450	CA	Jenner|Timber Cove|Sea Ranch
95451	CA	Kelseyville|Clearlake Riviera|Soda Bay
95452	CA	Kenwood
95453	CA	Lakeport|North Lakeport
95454	CA	Laytonville
95456	CA	Little River
95457	CA	Lower Lake|Hidden Valley Lake
95458	CA	Lucerne
95459	CA	Manchester
95460	CA	Mendocino|Caspar|Little River
95461	CA	Middletown|Hidden Valley Lake
95462	CA	Monte Rio
95463	CA	Navarro
95464	CA	Nice
95465	CA	Occidental|Bodega
95466	CA	Philo
95467	CA	Hidden Valley Lake
95468	CA	Point Arena
95469	CA	Potter Valley
95470	CA	Redwood Valley|Calpella
95471	CA	Rio Nido|Guerneville
95472	CA	Sebastopol|Occidental|Graton
95473	CA	Sebastopol
95476	CA	Sonoma|Temelec|Fetters Hot Springs-Agua Caliente|El Verano|Boyes Hot Springs|Eldridge
95480	CA	Stewarts Point
95481	CA	Talmage
95482	CA	Ukiah|Calpella|Talmage
95485	CA	Upper Lake|Nice
95486	CA	Villa Grande|Monte Rio
95487	CA	Vineburg
95488	CA	Westport
95490	CA	Willits|Brooktrails
95492	CA	Windsor
95493	CA	Witter Springs
95494	CA	Yorkville
95497	CA	The Sea Ranch|Sea Ranch
95501	CA	Eureka|Myrtletown
95502	CA	Eureka
95503	CA	Eureka|Pine Hills|Humboldt Hill|Cutten|Indianola|Bayview|Myrtletown
95511	CA	Alderpoint
95514	CA	Blocksburg
95518	CA	Arcata
95519	CA	Mckinleyville|Fieldbrook
95521	CA	Arcata|Manila
95524	CA	Bayside|Arcata|Indianola
95525	CA	Blue Lake
95526	CA	Bridgeville|Mad River
95527	CA	Burnt Ranch|Trinity Village
95528	CA	Carlotta
95531	CA	Crescent City|Bertsch-Oceanview|Fort Dick|Hiouchi
95532	CA	Crescent City
95534	CA	Cutten
95536	CA	Ferndale
95537	CA	Fields Landing
95538	CA	Fort Dick
95540	CA	Fortuna|Rio Dell|Hydesville
95542	CA	Garberville|Benbow
95543	CA	Gasquet
95545	CA	Honeydew
95546	CA	Hoopa|Weitchpec|Kep'el|Wautec
95547	CA	Hydesville
95548	CA	Klamath
95549	CA	Kneeland
95550	CA	Korbel
95551	CA	Loleta
95552	CA	Mad River|Ruth
95553	CA	Miranda|Myers Flat|Weott
95554	CA	Myers Flat
95555	CA	Orick
95556	CA	Orleans
95558	CA	Petrolia
95559	CA	Phillipsville
95560	CA	Redway
95562	CA	Rio Dell
95563	CA	Salyer|Trinity Village
95564	CA	Samoa|Fairhaven
95565	CA	Scotia|Redcrest
95567	CA	Smith River
95568	CA	Somes Bar
95569	CA	Redcrest
95570	CA	Trinidad|Westhaven-Moonstone|Big Lagoon
95571	CA	Weott
95573	CA	Willow Creek
95585	CA	Leggett
95587	CA	Piercy
95589	CA	Whitethorn|Shelter Cove
95595	CA	Zenia
95601	CA	Amador City
95602	CA	Auburn|Lake of the Pines|North Auburn
95603	CA	Auburn|North Auburn
95604	CA	Auburn|Carnelian Bay
95605	CA	West Sacramento
95606	CA	Brooks|Tancred|Guinda
95607	CA	Capay
95608	CA	Carmichael
95609	CA	Carmichael
95610	CA	Citrus Heights
95611	CA	Citrus Heights
95612	CA	Clarksburg
95613	CA	Coloma
95614	CA	Cool|Auburn Lake Trails
95615	CA	Courtland
95616	CA	Davis|University of California-Davis
95617	CA	Davis
95618	CA	Davis|El Macero
95619	CA	Diamond Springs
95620	CA	Dixon
95621	CA	Citrus Heights
95623	CA	El Dorado|Diamond Springs
95624	CA	Elk Grove
95625	CA	Elmira
95626	CA	Elverta
95627	CA	Esparto|Madison
95628	CA	Fair Oaks|Carmichael|Orangevale
95629	CA	Fiddletown
95630	CA	Folsom
95631	CA	Foresthill
95632	CA	Galt|Herald|Collierville|Dogtown|Thornton
95633	CA	Garden Valley
95634	CA	Georgetown
95635	CA	Greenwood|Georgetown
95636	CA	Grizzly Flats
95637	CA	Guinda
95638	CA	Herald|Clay
95639	CA	Hood
95640	CA	Ione|Camanche Village|Camanche North Shore|Buena Vista
95641	CA	Isleton|Walnut Grove
95642	CA	Jackson|Martell
95644	CA	Kit Carson
95645	CA	Knights Landing|Robbins
95646	CA	Kirkwood
95648	CA	Lincoln|Sheridan
95650	CA	Loomis|Granite Bay|Penryn
95651	CA	Lotus|Coloma
95652	CA	Mcclellan|McClellan Park
95653	CA	Madison
95654	CA	Martell
95655	CA	Mather|Rancho Cordova
95656	CA	Mount Aukum
95658	CA	Newcastle
95659	CA	Nicolaus|East Nicolaus|Trowbridge
95660	CA	North Highlands
95661	CA	Roseville
95662	CA	Orangevale
95663	CA	Penryn
95664	CA	Pilot Hill
95665	CA	Pine Grove|Red Corral
95666	CA	Pioneer|Buckhorn|Amador Pines|Red Corral|Kirkwood
95667	CA	Placerville|Diamond Springs|Coloma|Cold Springs
95668	CA	Pleasant Grove
95669	CA	Plymouth
95670	CA	Rancho Cordova|Gold River
95671	CA	Folsom|Represa
95672	CA	Rescue|Cameron Park|El Dorado Hills
95673	CA	Rio Linda
95674	CA	Rio Oso|Trowbridge
95675	CA	River Pines
95676	CA	Robbins
95677	CA	Rocklin
95678	CA	Roseville
95679	CA	Rumsey
95680	CA	Ryde|Walnut Grove
95681	CA	Sheridan
95682	CA	Shingle Springs|Cameron Park|El Dorado Hills
95683	CA	Sloughhouse|Rancho Murieta
95684	CA	Somerset|Grizzly Flats
95685	CA	Sutter Creek|Martell
95686	CA	Thornton
95687	CA	Vacaville|Elmira
95688	CA	Vacaville|Hartley|Allendale
95689	CA	Volcano|Lockwood|Amador Pines
95690	CA	Walnut Grove
95691	CA	West Sacramento
95692	CA	Wheatland
95693	CA	Wilton
95694	CA	Winters
95695	CA	Woodland|Monument Hills|Yolo|Knights Landing
95696	CA	Vacaville
95697	CA	Yolo
95698	CA	Zamora
95699	CA	Drytown
95701	CA	Alta
95703	CA	Applegate
95709	CA	Camino|Pollock Pines
95712	CA	Chicago Park
95713	CA	Colfax
95714	CA	Dutch Flat
95715	CA	Emigrant Gap
95717	CA	Gold Run
95720	CA	Kyburz
95721	CA	Echo Lake
95722	CA	Meadow Vista
95724	CA	Norden
95726	CA	Pollock Pines
95728	CA	Soda Springs|Kingvale
95735	CA	Twin Bridges
95736	CA	Weimar
95741	CA	Rancho Cordova
95742	CA	Rancho Cordova
95746	CA	Granite Bay
95747	CA	Roseville
95757	CA	Elk Grove|Franklin
95758	CA	Elk Grove|Sacramento
95759	CA	Elk Grove
95762	CA	El Dorado Hills
95763	CA	Folsom
95765	CA	Rocklin
95776	CA	Woodland
95798	CA	West Sacramento
95799	CA	West Sacramento
95811	CA	Sacramento
95812	CA	Sacramento
95813	CA	Sacramento
95814	CA	Sacramento
95815	CA	Sacramento
95816	CA	Sacramento
95817	CA	Sacramento
95818	CA	Sacramento
95819	CA	Sacramento
95820	CA	Sacramento|Fruitridge Pocket
95821	CA	Sacramento|Arden-Arcade
95822	CA	Sacramento
95823	CA	Sacramento|Parkway|Florin
95824	CA	Sacramento|Lemon Hill
95825	CA	Sacramento|Arden-Arcade
95826	CA	Sacramento|Rosemont|La Riviera
95827	CA	Sacramento|Rancho Cordova|Rosemont|Mather|La Riviera
95828	CA	Sacramento|Florin|Vineyard
95829	CA	Sacramento|Vineyard
95830	CA	Sacramento|Vineyard
95831	CA	Sacramento
95832	CA	Sacramento|Freeport|Hood
95833	CA	Sacramento
95834	CA	Sacramento
95835	CA	Sacramento
95836	CA	Sacramento
95837	CA	Sacramento
95838	CA	Sacramento|McClellan Park
95840	CA	Sacramento
95841	CA	Sacramento|North Highlands|Carmichael|Foothill Farms
95842	CA	Sacramento|Foothill Farms|North Highlands
95843	CA	Antelope
95851	CA	Sacramento
95852	CA	Sacramento
95853	CA	Sacramento
95860	CA	Sacramento
95864	CA	Sacramento|Arden-Arcade
95865	CA	Sacramento
95866	CA	Sacramento
95867	CA	Sacramento
95894	CA	Sacramento
95899	CA	Sacramento
95901	CA	Marysville|Loma Rica|Linda|Bangor
95903	CA	Beale Afb
95910	CA	Alleghany
95912	CA	Arbuckle|College City
95913	CA	Artois
95914	CA	Bangor|Rackerby
95915	CA	Belden|Tobin
95916	CA	Berry Creek
95917	CA	Biggs
95918	CA	Browns Valley
95919	CA	Brownsville|Challenge-Brownsville
95920	CA	Butte City
95922	CA	Camptonville
95923	CA	Canyon Dam|Almanor|Canyondam|Prattville
95924	CA	Cedar Ridge
95925	CA	Challenge|Challenge-Brownsville
95926	CA	Chico
95927	CA	Chico
95928	CA	Chico|Durham|Butte Creek Canyon
95929	CA	Chico
95930	CA	Clipper Mills
95932	CA	Colusa|Princeton
95934	CA	Crescent Mills|Indian Falls
95935	CA	Dobbins
95936	CA	Downieville
95937	CA	Dunnigan
95938	CA	Durham
95939	CA	Elk Creek
95940	CA	Feather Falls
95941	CA	Forbestown
95942	CA	Forest Ranch|Butte Meadows
95943	CA	Glenn
95944	CA	Goodyears Bar
95945	CA	Grass Valley
95946	CA	Penn Valley|Lake Wildwood
95947	CA	Greenville
95948	CA	Gridley
95949	CA	Grass Valley|Alta Sierra
95950	CA	Grimes
95951	CA	Hamilton City
95953	CA	Live Oak
95954	CA	Magalia|Stirling City
95955	CA	Maxwell
95956	CA	Meadow Valley|Bucks Lake
95957	CA	Meridian
95958	CA	Nelson|Durham
95959	CA	Nevada City|Graniteville|Washington|North San Juan|Rough and Ready
95960	CA	North San Juan|Pike
95961	CA	Olivehurst|Plumas Lake|Linda
95962	CA	Oregon House|Dobbins
95963	CA	Orland
95965	CA	Oroville|Concow|Butte Valley|Thermalito|Durham|Palermo|Yankee Hill|Cherokee|Richvale
95966	CA	Oroville|Oroville East|Palermo|Honcut|Bangor|Berry Creek|South Oroville|Kelly Ridge|Robinson Mill|Forbestown
95967	CA	Paradise
95968	CA	Palermo
95969	CA	Paradise|Magalia
95970	CA	Princeton
95971	CA	Quincy|East Quincy|Greenhorn|Keddie|Spring Garden|Paxton
95972	CA	Rackerby
95973	CA	Chico|Cohasset|Nord
95974	CA	Richvale
95975	CA	Rough And Ready
95976	CA	Chico
95977	CA	Smartsville
95978	CA	Stirling City
95979	CA	Stonyford|Lodoga
95980	CA	Storrie
95981	CA	Strawberry Valley|Little Grass Valley|La Porte
95982	CA	Sutter
95983	CA	Taylorsville
95984	CA	Twain|Bucks Lake
95986	CA	Washington
95987	CA	Williams
95988	CA	Willows
95991	CA	Yuba City
95992	CA	Yuba City
95993	CA	Yuba City
96001	CA	Redding|Centerville|Shasta|Keswick
96002	CA	Redding
96003	CA	Redding|Shasta Lake|Bella Vista|Jones Valley|Mountain Gate|Palo Cedro
96006	CA	Adin
96007	CA	Anderson|Happy Valley
96008	CA	Bella Vista
96009	CA	Bieber
96010	CA	Big Bar
96011	CA	Big Bend
96013	CA	Burney|Johnson Park
96014	CA	Callahan
96015	CA	Canby
96016	CA	Cassel
96017	CA	Castella
96019	CA	Shasta Lake
96020	CA	Chester|Warner Valley|Lake Almanor West
96021	CA	Corning|Rancho Tehama Reserve|Flournoy|Richfield
96022	CA	Cottonwood|Lake California
96023	CA	Dorris
96024	CA	Douglas City
96025	CA	Dunsmuir|Castella
96027	CA	Etna
96028	CA	Fall River Mills|McArthur
96029	CA	Flournoy
96031	CA	Forks Of Salmon
96032	CA	Fort Jones|Greenview
96033	CA	French Gulch
96034	CA	Gazelle
96035	CA	Gerber|Proberta|Las Flores
96037	CA	Greenview
96038	CA	Grenada
96039	CA	Happy Camp
96040	CA	Hat Creek
96041	CA	Hayfork|Post Mountain
96044	CA	Hornbrook
96046	CA	Hyampom
96047	CA	Igo|Ono
96048	CA	Junction City
96049	CA	Redding
96050	CA	Klamath River
96051	CA	Lakehead
96052	CA	Lewiston
96054	CA	Lookout
96055	CA	Los Molinos
96056	CA	Mcarthur|Little Valley
96057	CA	Mccloud
96058	CA	Macdoel|Mount Hebron|Tennant
96059	CA	Manton
96061	CA	Mill Creek|Mineral
96062	CA	Millville
96063	CA	Mineral
96064	CA	Montague
96065	CA	Montgomery Creek
96067	CA	Mount Shasta|Dunsmuir
96068	CA	Nubieber
96069	CA	Oak Run
96070	CA	Obrien
96071	CA	Old Station
96073	CA	Palo Cedro|Bella Vista|Millville
96074	CA	Paskenta
96075	CA	Paynes Creek
96076	CA	Platina
96078	CA	Proberta
96079	CA	Shasta Lake
96080	CA	Red Bluff|Bend|Paynes Creek|Dales|Proberta
96084	CA	Round Mountain|Montgomery Creek
96085	CA	Scott Bar
96086	CA	Seiad Valley
96087	CA	Shasta
96088	CA	Shingletown
96089	CA	Shasta Lake
96090	CA	Tehama
96091	CA	Trinity Center|Coffee Creek
96092	CA	Vina
96093	CA	Weaverville|Douglas City
96094	CA	Weed|Lake Shastina|Edgewood|Carrick
96095	CA	Whiskeytown
96096	CA	Whitmore
96097	CA	Yreka
96099	CA	Redding
96101	CA	Alturas|California Pines|Daphnedale Park
96103	CA	Blairsden Graeagle|Johnsville|Mohawk Vista|Graeagle|Cromberg|Plumas Eureka|C-Road|Blairsden
96104	CA	Cedarville
96105	CA	Chilcoot|Chilcoot-Vinton
96106	CA	Clio|Gold Mountain|Whitehawk|Valley Ranch|C-Road
96107	CA	Coleville|Walker
96108	CA	Davis Creek
96109	CA	Doyle
96110	CA	Eagleville
96111	CA	Floriston
96112	CA	Fort Bidwell
96113	CA	Herlong|Patton Village
96114	CA	Janesville
96115	CA	Lake City
96116	CA	Likely
96117	CA	Litchfield
96118	CA	Loyalton|Sierra Brooks
96119	CA	Madeline
96120	CA	Markleeville|Mesa Vista|Alpine Village
96121	CA	Milford
96122	CA	Portola|Beckwourth|Iron Horse|Lake Davis|Mabie|Delleker|Gold Mountain|Clio
96123	CA	Ravendale
96124	CA	Calpine|Sattley
96125	CA	Sierra City
96126	CA	Sierraville
96127	CA	Susanville
96128	CA	Standish
96129	CA	Beckwourth
96130	CA	Susanville|Johnstonville|Spaulding|Stones Landing
96132	CA	Termo
96133	CA	Topaz|Coleville
96134	CA	Tulelake|Newell
96135	CA	Vinton
96136	CA	Wendel
96137	CA	Westwood|Lake Almanor Peninsula|Lake Almanor Country Club|East Shore|Clear Creek|Hamilton Branch|Canyondam
96140	CA	Carnelian Bay|Cedar Flat
96141	CA	Homewood|Tahoma
96142	CA	Tahoma
96143	CA	Kings Beach|Tahoe Vista
96145	CA	Tahoe City|Sunnyside-Tahoe City|Dollar Point|Cedar Flat
96146	CA	Olympic Valley
96148	CA	Tahoe Vista
96150	CA	South Lake Tahoe|Meyers
96151	CA	South Lake Tahoe
96152	CA	South Lake Tahoe
96154	CA	South Lake Tahoe
96155	CA	South Lake Tahoe
96156	CA	South Lake Tahoe
96157	CA	South Lake Tahoe
96158	CA	South Lake Tahoe
96160	CA	Truckee
96161	CA	Truckee|Kingvale
96162	CA	Truckee
96701	HI	Aiea|Pearl City|Waimalu|Halawa
96703	HI	Anahola
96704	HI	Captain Cook|Honaunau-Napoopoo
96705	HI	Eleele
96706	HI	Ewa Beach|East Kapolei|Ewa Gentry|Ocean Pointe|Ewa Villages|Iroquois Point|West Loch Estate
96707	HI	Kapolei|Kalaeloa|Makakilo|Ko Olina
96708	HI	Haiku|Haiku-Pauwela
96709	HI	Kapolei
96710	HI	Hakalau
96712	HI	Haleiwa|Pupukea
96713	HI	Hana
96714	HI	Hanalei|Wainiha|Haena
96715	HI	Hanamaulu
96716	HI	Hanapepe
96717	HI	Hauula|Punaluu
96718	HI	Hawaii National Park
96719	HI	Hawi
96720	HI	Hilo|Wainaku|Paukaa
96721	HI	Hilo
96722	HI	Princeville
96725	HI	Holualoa|Honalo|Kailua|Kahaluu-Keauhou
96726	HI	Honaunau|Honaunau-Napoopoo
96727	HI	Honokaa|Kukuihaele
96728	HI	Honomu
96729	HI	Hoolehua|Kualapuu
96730	HI	Kaaawa
96731	HI	Kahuku|Kawela Bay
96732	HI	Kahului
96733	HI	Kahului
96734	HI	Kailua|Kaneohe Base|Maunawili
96737	HI	Ocean View|Hawaiian Ocean View
96738	HI	Waikoloa|Waikoloa Village|Waikoloa Beach Resort
96739	HI	Keauhou
96740	HI	Kailua Kona|Kaiminani|Kaloko|Kailua|Kahaluu-Keauhou
96741	HI	Kalaheo|Lawai
96742	HI	Kalaupapa
96743	HI	Kamuela|Waimea|Puako|Waikoloa Beach Resort
96744	HI	Kaneohe|Waiahole-Waikane|Kahaluu|Heeia|Ahuimanu
96745	HI	Kailua Kona
96746	HI	Kapaa|Wailua Homesteads|Wailua
96747	HI	Kaumakani
96748	HI	Kaunakakai|Ualapue
96749	HI	Keaau|Hawaiian Paradise Park|Orchidlands Estates|Kurtistown
96750	HI	Kealakekua|Captain Cook|Kahaluu-Keauhou
96751	HI	Kealia
96752	HI	Kekaha
96753	HI	Kihei|Makena|Wailea
96754	HI	Kilauea|Kalihiwai
96755	HI	Kapaau|Halaula|Hawi
96756	HI	Koloa|Poipu|Lawai|Omao
96757	HI	Kualapuu
96759	HI	Kunia
96760	HI	Kurtistown|Hawaiian Acres
96761	HI	Lahaina|Mahinahina|Launiupoko|Kaanapali|Kapalua|Olowalu|Napili-Honokowai
96762	HI	Laie|Hauula
96763	HI	Lanai City|Manele
96764	HI	Laupahoehoe
96765	HI	Lawai
96766	HI	Lihue|Hanamaulu|Puhi
96767	HI	Lahaina
96768	HI	Makawao|Olinda|Pukalani|Haliimaile|Kula
96769	HI	Makaweli|Pakala Village|Kaumakani
96770	HI	Maunaloa|Kualapuu
96771	HI	Mountain View|Fern Acres|Eden Roc|Hawaiian Acres|Kurtistown
96772	HI	Naalehu|Discovery Harbour|Hawaiian Ocean View|Waiohinu
96773	HI	Ninole
96774	HI	Ookala
96776	HI	Paauilo
96777	HI	Pahala
96778	HI	Pahoa|Hawaiian Beaches|Kamaili|Leilani Estates|Nanawale Estates|Ainaloa|Tiki Gardens|Kalapana|Seaview|Black Sands
96779	HI	Paia|Kahului
96780	HI	Papaaloa|Laupahoehoe
96781	HI	Papaikou
96782	HI	Pearl City
96783	HI	Pepeekeo
96784	HI	Puunene
96785	HI	Volcano|Fern Forest|Royal Hawaiian Estates|Mauna Loa Estates|Volcano Golf Course
96786	HI	Wahiawa|Wheeler AFB|Schofield Barracks|Whitmore Village|Helemano
96788	HI	Pukalani
96789	HI	Mililani|Mililani Town|Mililani Mauka|Waipio Acres
96790	HI	Kula|Keokea|Makena|Wailea
96791	HI	Waialua|Mokuleia|Haleiwa
96792	HI	Waianae|Makaha Valley|Nanakuli|Makaha|Maili
96793	HI	Wailuku|Waikapu|Maalaea|Waihee-Waiehu|Kahului
96795	HI	Waimanalo|Waimanalo Beach
96796	HI	Waimea
96797	HI	Waipahu|Royal Kunia|Waipio|Waikele
96801	HI	Honolulu
96802	HI	Honolulu
96803	HI	Honolulu
96804	HI	Honolulu
96805	HI	Honolulu
96806	HI	Honolulu
96807	HI	Honolulu
96808	HI	Honolulu
96809	HI	Honolulu
96810	HI	Honolulu
96811	HI	Honolulu
96812	HI	Honolulu
96813	HI	Honolulu|Urban Honolulu
96814	HI	Honolulu|Urban Honolulu
96815	HI	Honolulu|Urban Honolulu
96816	HI	Honolulu|Urban Honolulu
96817	HI	Honolulu|Urban Honolulu
96818	HI	Honolulu|Hickam Housing|Urban Honolulu|Halawa
96819	HI	Honolulu|Urban Honolulu
96820	HI	Honolulu|Urban Honolulu
96821	HI	Honolulu|East Honolulu
96822	HI	Honolulu|Urban Honolulu
96823	HI	Honolulu
96824	HI	Honolulu
96825	HI	Honolulu|East Honolulu
96826	HI	Honolulu|Urban Honolulu
96828	HI	Honolulu
96830	HI	Honolulu
96836	HI	Honolulu
96837	HI	Honolulu
96838	HI	Honolulu
96839	HI	Honolulu
96840	HI	Honolulu
96841	HI	Honolulu
96843	HI	Honolulu
96844	HI	Honolulu
96846	HI	Honolulu
96847	HI	Honolulu
96848	HI	Honolulu|Urban Honolulu
96849	HI	Honolulu
96850	HI	Honolulu|Urban Honolulu
96853	HI	Jbphh|Hickam Housing
96854	HI	Wheeler Army Airfield
96857	HI	Schofield Barracks
96858	HI	Fort Shafter|Urban Honolulu
96859	HI	Tripler Army Medical Center|Urban Honolulu
96860	HI	Jbphh
96861	HI	Camp H M Smith
96863	HI	Mcbh Kaneohe Bay|Kaneohe Base
96898	HI	Wake Island
97001	OR	Antelope
97002	OR	Aurora|Barlow|Butteville
97003	OR	Beaverton|Aloha
97004	OR	Beavercreek
97005	OR	Beaverton|Cedar Hills|Marlene Village|West Slope
97006	OR	Beaverton|Hillsboro|Oak Hills|Marlene Village
97007	OR	Beaverton|Aloha
97008	OR	Beaverton|Garden Home-Whitford
97009	OR	Boring
97010	OR	Bridal Veil
97011	OR	Brightwood|Mount Hood Villages
97013	OR	Canby|Barlow|Mulino
97014	OR	Cascade Locks
97015	OR	Clackamas|Happy Valley|Oatfield
97016	OR	Clatskanie|Westport
97017	OR	Colton
97018	OR	Columbia City
97019	OR	Corbett
97020	OR	Donald
97021	OR	Dufur
97022	OR	Eagle Creek
97023	OR	Estacada
97024	OR	Fairview|Gresham
97026	OR	Gervais
97027	OR	Gladstone|Oatfield
97028	OR	Government Camp
97029	OR	Grass Valley
97030	OR	Gresham
97031	OR	Hood River|Odell
97032	OR	Hubbard
97033	OR	Kent
97034	OR	Lake Oswego|Stafford
97035	OR	Lake Oswego|Rivergrove
97036	OR	Marylhurst
97037	OR	Maupin|Shaniko|Pine Grove
97038	OR	Molalla
97039	OR	Moro
97040	OR	Mosier
97041	OR	Mount Hood Parkdale|Mount Hood|Parkdale
97042	OR	Mulino
97044	OR	Odell
97045	OR	Oregon City|Beavercreek|Mulino
97048	OR	Rainier|Prescott
97049	OR	Rhododendron|Mount Hood Villages
97050	OR	Rufus
97051	OR	Saint Helens|St. Helens
97053	OR	Warren
97054	OR	Deer Island
97055	OR	Sandy|Mount Hood Villages
97056	OR	Scappoose|Warren
97057	OR	Shaniko
97058	OR	The Dalles|Chenoweth|Rowena
97060	OR	Troutdale|Wood Village
97062	OR	Tualatin|Stafford
97063	OR	Tygh Valley|Pine Hollow|Wamic|Sportsmans Park
97064	OR	Vernonia
97065	OR	Wasco|Biggs Junction
97067	OR	Welches|Mount Hood Villages
97068	OR	West Linn|Stafford
97070	OR	Wilsonville
97071	OR	Woodburn
97075	OR	Beaverton
97076	OR	Beaverton
97077	OR	Beaverton
97078	OR	Beaverton|Aloha
97079	OR	Beaverton
97080	OR	Gresham|Orient
97086	OR	Happy Valley
97089	OR	Damascus|Happy Valley|Boring
97101	OR	Amity
97102	OR	Arch Cape
97103	OR	Astoria|Svensen|Knappa|Jeffers Gardens|River Point
97106	OR	Banks
97107	OR	Bay City|Garibaldi
97108	OR	Beaver
97109	OR	Buxton
97110	OR	Cannon Beach
97111	OR	Carlton
97112	OR	Cloverdale|Pacific City|Hebo|Beaver
97113	OR	Cornelius
97114	OR	Dayton
97115	OR	Dundee
97116	OR	Forest Grove|Dilley
97117	OR	Gales Creek
97118	OR	Garibaldi
97119	OR	Gaston|Cherry Grove
97121	OR	Warrenton|Hammond
97122	OR	Hebo
97123	OR	Hillsboro
97124	OR	Hillsboro
97125	OR	Manning
97127	OR	Lafayette
97128	OR	Mcminnville
97129	OR	Hillsboro
97130	OR	Manzanita|Bayside Gardens|Neahkahnie
97131	OR	Nehalem|Bayside Gardens|Barnesdale|Neahkahnie
97132	OR	Newberg
97133	OR	North Plains
97134	OR	Oceanside
97135	OR	Pacific City
97136	OR	Rockaway Beach
97137	OR	Saint Paul|St. Paul
97138	OR	Seaside|Gearhart
97140	OR	Sherwood|Bull Mountain
97141	OR	Tillamook|Pleasant Valley|Netarts|Cape Meares|Oceanside|Idaville|Fairview
97143	OR	Netarts
97144	OR	Timber
97145	OR	Tolovana Park|Cannon Beach
97146	OR	Warrenton
97147	OR	Wheeler
97148	OR	Yamhill
97149	OR	Neskowin
97201	OR	Portland
97202	OR	Portland
97203	OR	Portland
97204	OR	Portland
97205	OR	Portland
97206	OR	Portland
97207	OR	Portland
97208	OR	Portland
97209	OR	Portland
97210	OR	Portland
97211	OR	Portland
97212	OR	Portland
97213	OR	Portland
97214	OR	Portland
97215	OR	Portland
97216	OR	Portland
97217	OR	Portland
97218	OR	Portland
97219	OR	Portland|Dunthorpe
97220	OR	Portland|Maywood Park
97221	OR	Portland
97222	OR	Milwaukie|Portland|Oak Grove|Oatfield
97223	OR	Tigard|Portland|Garden Home-Whitford|Metzger|Bull Mountain|Raleigh Hills
97224	OR	Tigard|Portland|King City|Durham|Bull Mountain
97225	OR	Portland|Beaverton|West Haven-Sylvan|West Slope|Raleigh Hills|Cedar Hills
97227	OR	Portland
97228	OR	Portland
97229	OR	Portland|Bethany|Cedar Mill|Rockcreek|West Haven-Sylvan|Oak Hills
97230	OR	Portland|Gresham
97231	OR	Portland|Bethany
97232	OR	Portland
97233	OR	Portland|Gresham
97236	OR	Portland
97238	OR	Portland
97239	OR	Portland
97240	OR	Portland
97242	OR	Portland
97250	OR	Portland
97251	OR	Portland
97252	OR	Portland
97253	OR	Portland
97254	OR	Portland
97256	OR	Portland
97258	OR	Portland
97266	OR	Portland
97267	OR	Portland|Johnson City|Oak Grove|Oatfield|Jennings Lodge
97268	OR	Portland
97269	OR	Portland
97280	OR	Portland
97281	OR	Portland
97282	OR	Portland
97283	OR	Portland
97286	OR	Portland
97290	OR	Portland
97291	OR	Portland
97292	OR	Portland
97293	OR	Portland
97294	OR	Portland
97296	OR	Portland
97298	OR	Portland
97301	OR	Salem|Four Corners
97302	OR	Salem
97303	OR	Salem|Keizer
97304	OR	Salem|Eola
97305	OR	Salem|Hayesville|Brooks|Labish Village
97306	OR	Salem
97307	OR	Keizer
97308	OR	Salem
97309	OR	Salem
97310	OR	Salem
97311	OR	Salem
97312	OR	Salem
97313	OR	Salem
97314	OR	Salem
97317	OR	Salem|Aumsville|Four Corners
97321	OR	Albany|Millersburg
97322	OR	Albany
97324	OR	Alsea
97325	OR	Aumsville
97326	OR	Blodgett|Summit
97327	OR	Brownsville|Crawfordsville
97329	OR	Cascadia
97330	OR	Corvallis|Adair Village
97331	OR	Corvallis
97333	OR	Corvallis
97335	OR	Crabtree
97336	OR	Crawfordsville
97338	OR	Dallas
97339	OR	Corvallis
97341	OR	Depoe Bay|Lincoln Beach
97342	OR	Detroit
97343	OR	Eddyville
97344	OR	Falls City
97345	OR	Foster|Cascadia
97346	OR	Gates
97347	OR	Grand Ronde|Fort Hill
97348	OR	Halsey|Peoria
97350	OR	Idanha
97351	OR	Independence
97352	OR	Jefferson
97355	OR	Lebanon|Sodaville|Waterloo|Lacomb|South Lebanon
97357	OR	Logsden
97358	OR	Lyons
97360	OR	Mill City
97361	OR	Monmouth|Kings Valley
97362	OR	Mount Angel
97364	OR	Neotsu|Lincoln City
97365	OR	Newport
97366	OR	South Beach|Newport
97367	OR	Lincoln City|Lincoln Beach
97368	OR	Otis|Rose Lodge|Neotsu
97369	OR	Otter Rock
97370	OR	Philomath|Kings Valley
97371	OR	Rickreall
97373	OR	Saint Benedict
97374	OR	Scio|Crabtree|West Scio
97375	OR	Scotts Mills
97376	OR	Seal Rock
97377	OR	Shedd|Peoria
97378	OR	Sheridan
97380	OR	Siletz
97381	OR	Silverton
97383	OR	Stayton|Mehama
97384	OR	Mehama
97385	OR	Sublimity
97386	OR	Sweet Home|Holley|Crawfordsville
97388	OR	Gleneden Beach|Lincoln Beach
97389	OR	Tangent
97390	OR	Tidewater
97391	OR	Toledo
97392	OR	Turner|Marion
97394	OR	Waldport|Bayshore
97396	OR	Willamina|Fort Hill
97401	OR	Eugene
97402	OR	Eugene|Santa Clara
97403	OR	Eugene|Springfield
97404	OR	Eugene|Santa Clara|River Road
97405	OR	Eugene
97406	OR	Agness
97407	OR	Allegany
97408	OR	Eugene|Coburg
97409	OR	Alvadore
97410	OR	Azalea
97411	OR	Bandon
97412	OR	Blachly
97413	OR	Blue River
97414	OR	Broadbent
97415	OR	Brookings|Harbor
97416	OR	Camas Valley
97417	OR	Canyonville|Days Creek
97419	OR	Cheshire
97420	OR	Coos Bay|Bunker Hill|Barview
97423	OR	Coquille
97424	OR	Cottage Grove
97426	OR	Creswell
97429	OR	Days Creek
97430	OR	Deadwood
97431	OR	Dexter|Trent
97432	OR	Dillard
97434	OR	Dorena
97435	OR	Drain
97436	OR	Elkton
97437	OR	Elmira
97438	OR	Fall Creek
97439	OR	Florence|Dunes City|Heceta Beach
97440	OR	Eugene
97441	OR	Gardiner
97442	OR	Glendale
97443	OR	Glide
97444	OR	Gold Beach|Nesika Beach|Wedderburn|Pistol River
97446	OR	Harrisburg
97447	OR	Idleyld Park|Glide
97448	OR	Junction City|Cheshire
97449	OR	Lakeside
97450	OR	Langlois
97451	OR	Lorane
97452	OR	Lowell
97453	OR	Mapleton
97454	OR	Marcola
97455	OR	Pleasant Hill|Jasper
97456	OR	Monroe|Bellfountain|Alpine
97457	OR	Myrtle Creek|Tri-City
97458	OR	Myrtle Point
97459	OR	North Bend|Coos Bay|Glasgow|Saunders Lake
97461	OR	Noti
97462	OR	Oakland|Sutherlin|Fair Oaks
97463	OR	Oakridge
97464	OR	Ophir
97465	OR	Port Orford
97466	OR	Powers
97467	OR	Reedsport|Winchester Bay
97469	OR	Riddle
97470	OR	Roseburg|Roseburg North|Glide
97471	OR	Roseburg|Lookingglass|Green|Melrose
97473	OR	Scottsburg
97475	OR	Springfield
97476	OR	Sixes
97477	OR	Springfield
97478	OR	Springfield|Jasper|Marcola
97479	OR	Sutherlin|Fair Oaks
97480	OR	Swisshome
97481	OR	Tenmile
97484	OR	Tiller
97486	OR	Umpqua
97487	OR	Veneta
97488	OR	Vida
97489	OR	Walterville
97490	OR	Walton
97491	OR	Wedderburn
97492	OR	Westfir
97493	OR	Westlake|Dunes City
97494	OR	Wilbur
97495	OR	Winchester|Roseburg North
97496	OR	Winston|Dillard
97497	OR	Wolf Creek
97498	OR	Yachats|San Marine
97499	OR	Yoncalla
97501	OR	Medford
97502	OR	Central Point|Medford
97503	OR	White City
97504	OR	Medford
97520	OR	Ashland
97522	OR	Butte Falls
97523	OR	Cave Junction|Takilma
97524	OR	Eagle Point|Butte Falls
97525	OR	Gold Hill|Rogue River|Foots Creek
97526	OR	Grants Pass|Rogue River|Merlin
97527	OR	Grants Pass|New Hope|Redwood
97528	OR	Grants Pass
97530	OR	Jacksonville|Ruch
97531	OR	Kerby
97532	OR	Merlin
97533	OR	Murphy
97534	OR	O Brien|O'Brien
97535	OR	Phoenix
97536	OR	Prospect
97537	OR	Rogue River|Wimer
97538	OR	Selma
97539	OR	Shady Cove|Trail
97540	OR	Talent
97541	OR	Trail
97543	OR	Wilderville
97544	OR	Williams
97601	OR	Klamath Falls|Keno|Running Y Ranch|Rocky Point
97602	OR	Klamath Falls
97603	OR	Klamath Falls|Altamont|Falcon Heights
97604	OR	Crater Lake
97620	OR	Adel
97621	OR	Beatty
97622	OR	Bly
97623	OR	Bonanza
97624	OR	Chiloquin|Oregon Shores|Sprague River
97625	OR	Dairy
97626	OR	Fort Klamath
97627	OR	Keno
97630	OR	Lakeview
97632	OR	Malin
97633	OR	Merrill
97634	OR	Midland
97635	OR	New Pine Creek
97636	OR	Paisley
97637	OR	Plush
97638	OR	Silver Lake
97639	OR	Sprague River
97640	OR	Summer Lake
97641	OR	Christmas Valley
97701	OR	Bend|Pronghorn
97702	OR	Bend|Deschutes River Woods|Tetherow|Seventh Mountain
97703	OR	Bend|Tumalo
97707	OR	Bend|Sunriver|Three Rivers
97708	OR	Bend
97709	OR	Bend
97710	OR	Fields
97711	OR	Ashwood
97712	OR	Brothers
97720	OR	Burns|Crane
97721	OR	Princeton
97722	OR	Diamond
97730	OR	Camp Sherman
97731	OR	Chemult|Beaver Marsh
97732	OR	Crane
97733	OR	Crescent|Crescent Lake
97734	OR	Culver
97735	OR	Fort Rock
97736	OR	Frenchglen
97737	OR	Gilchrist
97738	OR	Hines
97739	OR	La Pine
97741	OR	Madras|Metolius
97750	OR	Mitchell
97751	OR	Paulina
97752	OR	Post
97753	OR	Powell Butte|Prineville
97754	OR	Prineville|Juniper Canyon|Prineville Lake Acres|Ochoco West
97756	OR	Redmond|Eagle Crest
97758	OR	Riley
97759	OR	Sisters|Black Butte Ranch
97760	OR	Terrebonne|Crooked River Ranch
97761	OR	Warm Springs
97801	OR	Pendleton|Tutuilla|Mission|Kirkpatrick|Cayuse|Gopher Flats|Green Meadows|Riverside
97810	OR	Adams
97812	OR	Arlington
97813	OR	Athena
97814	OR	Baker City
97817	OR	Bates
97818	OR	Boardman
97819	OR	Bridgeport
97820	OR	Canyon City
97823	OR	Condon|Lonerock
97824	OR	Cove
97825	OR	Dayville
97826	OR	Echo
97827	OR	Elgin
97828	OR	Enterprise
97830	OR	Fossil
97833	OR	Haines
97834	OR	Halfway
97835	OR	Helix
97836	OR	Heppner
97837	OR	Hereford
97838	OR	Hermiston|Umatilla
97839	OR	Lexington
97840	OR	Oxbow
97841	OR	Imbler
97842	OR	Imnaha
97843	OR	Ione
97844	OR	Irrigon
97845	OR	John Day
97846	OR	Joseph|Wallowa Lake
97848	OR	Kimberly
97850	OR	La Grande|Island City
97856	OR	Long Creek
97857	OR	Lostine
97859	OR	Meacham
97861	OR	Mikkalo
97862	OR	Milton Freewater|Milton-Freewater|Umapine
97864	OR	Monument
97865	OR	Mount Vernon
97867	OR	North Powder
97868	OR	Pilot Rock|McKay
97869	OR	Prairie City
97870	OR	Richland
97873	OR	Seneca
97874	OR	Spray
97875	OR	Stanfield
97876	OR	Summerville
97877	OR	Sumpter|Granite
97880	OR	Ukiah
97882	OR	Umatilla
97883	OR	Union
97884	OR	Unity
97885	OR	Wallowa
97886	OR	Weston
97901	OR	Adrian
97902	OR	Arock
97903	OR	Brogan
97904	OR	Drewsey
97905	OR	Durkee
97906	OR	Harper
97907	OR	Huntington
97908	OR	Ironside
97909	OR	Jamieson
97910	OR	Jordan Valley
97911	OR	Juntura
97913	OR	Nyssa
97914	OR	Ontario|Annex
97917	OR	Riverside
97918	OR	Vale
97920	OR	Westfall
98001	WA	Auburn|Federal Way|Algona|Pacific|Lakeland South|Lakeland North
98002	WA	Auburn
98003	WA	Federal Way|Lakeland South
98004	WA	Bellevue|Clyde Hill|Yarrow Point|Hunts Point|Beaux Arts Village
98005	WA	Bellevue
98006	WA	Bellevue
98007	WA	Bellevue
98008	WA	Bellevue
98009	WA	Bellevue
98010	WA	Black Diamond
98011	WA	Bothell
98012	WA	Bothell|Mill Creek|Mill Creek East|Martha Lake|Silver Firs|Bothell West|Bothell East|Clearview
98013	WA	Burton
98014	WA	Carnation|Lake Marcel-Stillwater|Ames Lake
98015	WA	Bellevue
98019	WA	Duvall
98020	WA	Edmonds|Woodway
98021	WA	Bothell|Bothell West|Bothell East|Maltby
98022	WA	Enumclaw|Greenwater
98023	WA	Federal Way
98024	WA	Fall City
98025	WA	Hobart
98026	WA	Edmonds|Picnic Point|Meadowdale|Esperance|North Lynnwood
98027	WA	Issaquah|Mirrormont|East Renton Highlands|Hobart
98028	WA	Kenmore
98029	WA	Issaquah|Sammamish
98030	WA	Kent
98031	WA	Kent
98032	WA	Kent|Lakeland North
98033	WA	Kirkland
98034	WA	Kirkland
98035	WA	Kent
98036	WA	Lynnwood|Brier|Alderwood Manor|Bothell West
98037	WA	Lynnwood|Larch Way|Martha Lake|North Lynnwood
98038	WA	Maple Valley|Hobart|Shadow Lake|East Renton Highlands|Mirrormont
98039	WA	Medina
98040	WA	Mercer Island
98041	WA	Bothell
98042	WA	Kent|Covington|Lake Morton-Berrydale|Shadow Lake
98043	WA	Mountlake Terrace
98045	WA	North Bend|Riverbend|Riverpoint|Wilderness Rim
98046	WA	Lynnwood
98047	WA	Pacific
98050	WA	Preston
98051	WA	Ravensdale
98052	WA	Redmond|Cottage Lake
98053	WA	Redmond|Union Hill-Novelty Hill|Ames Lake
98055	WA	Renton
98056	WA	Renton|Newcastle
98057	WA	Renton
98058	WA	Renton|Fairwood|Maple Heights-Lake Desire|Shadow Lake
98059	WA	Renton|Newcastle|East Renton Highlands
98061	WA	Rollingbay
98062	WA	Seahurst
98063	WA	Federal Way
98064	WA	Kent
98065	WA	Snoqualmie
98068	WA	Snoqualmie Pass
98070	WA	Vashon
98071	WA	Auburn
98072	WA	Woodinville|Cottage Lake|Maltby|Clearview
98073	WA	Redmond
98074	WA	Sammamish
98075	WA	Sammamish
98077	WA	Woodinville|Cottage Lake|Maltby|Union Hill-Novelty Hill
98082	WA	Mill Creek
98083	WA	Kirkland
98087	WA	Lynnwood|North Lynnwood|Lake Stickney|Martha Lake|Picnic Point|Larch Way
98089	WA	Kent
98092	WA	Auburn|Lake Holm|Lake Morton-Berrydale
98093	WA	Federal Way
98101	WA	Seattle
98102	WA	Seattle
98103	WA	Seattle
98104	WA	Seattle
98105	WA	Seattle
98106	WA	Seattle|White Center
98107	WA	Seattle
98108	WA	Seattle|Tukwila|Boulevard Park
98109	WA	Seattle
98110	WA	Bainbridge Island
98111	WA	Seattle
98112	WA	Seattle
98113	WA	Seattle
98114	WA	Seattle
98115	WA	Seattle
98116	WA	Seattle
98117	WA	Seattle
98118	WA	Seattle
98119	WA	Seattle
98121	WA	Seattle
98122	WA	Seattle
98124	WA	Seattle
98125	WA	Seattle
98126	WA	Seattle
98127	WA	Seattle
98129	WA	Seattle
98131	WA	Seattle
98133	WA	Shoreline|Seattle
98134	WA	Seattle
98136	WA	Seattle
98138	WA	Seattle
98139	WA	Seattle
98141	WA	Seattle
98144	WA	Seattle
98145	WA	Seattle
98146	WA	Seattle|Burien|White Center
98148	WA	Seattle|Burien|SeaTac|Des Moines
98154	WA	Seattle
98155	WA	Shoreline|Seattle|Lake Forest Park
98158	WA	SeaTac|Seattle
98160	WA	Seattle
98161	WA	Seattle
98164	WA	Seattle
98165	WA	Seattle
98166	WA	Burien|Seattle|Normandy Park
98168	WA	Seattle|Tukwila|Burien|SeaTac|Boulevard Park|White Center
98170	WA	Seattle
98174	WA	Seattle
98175	WA	Seattle
98177	WA	Shoreline|Seattle
98178	WA	Seattle|Tukwila|Bryn Mawr-Skyway
98181	WA	Seattle
98185	WA	Seattle
98188	WA	Tukwila|Seattle|SeaTac
98190	WA	Seattle
98191	WA	Seattle
98194	WA	Seattle
98195	WA	Seattle
98198	WA	Des Moines|Seattle|SeaTac
98199	WA	Seattle
98201	WA	Everett|Hat Island
98203	WA	Everett
98204	WA	Everett|Lake Stickney
98206	WA	Everett
98207	WA	Everett
98208	WA	Everett|Eastmont|Silver Firs|Martha Lake
98213	WA	Everett
98220	WA	Acme
98221	WA	Anacortes
98222	WA	Blakely Island
98223	WA	Arlington|Sisco Heights|Arlington Heights|Swede Heaven|Bryant|Canyon Creek|Oso|Lake Cassidy|Lake Goodwin|Sunday Lake
98224	WA	Baring
98225	WA	Bellingham|Marietta-Alderwood
98226	WA	Bellingham|Marietta-Alderwood
98227	WA	Bellingham
98228	WA	Bellingham
98229	WA	Bellingham|Sudden Valley|Geneva|Alger
98230	WA	Blaine|Birch Bay
98231	WA	Blaine
98232	WA	Bow|Edison|Alger
98233	WA	Burlington|Alger
98235	WA	Clearlake|Clear Lake
98236	WA	Clinton
98237	WA	Concrete
98238	WA	Conway
98239	WA	Coupeville
98240	WA	Custer
98241	WA	Darrington
98243	WA	Deer Harbor
98244	WA	Deming|Kendall|Glacier|Maple Falls
98245	WA	Eastsound
98247	WA	Everson|Nooksack|Deming
98248	WA	Ferndale|Custer|Marietta-Alderwood
98249	WA	Freeland
98250	WA	Friday Harbor|Roche Harbor
98251	WA	Gold Bar|May Creek
98252	WA	Granite Falls|Verlot|Canyon Creek|Lake Bosworth|Lochsloy
98253	WA	Greenbank
98255	WA	Hamilton
98256	WA	Index
98257	WA	La Conner
98258	WA	Lake Stevens|Lake Cassidy|Lochsloy|Bunk Foss|Machias|Cavalero|Sisco Heights
98259	WA	North Lakewood
98260	WA	Langley
98261	WA	Lopez Island
98262	WA	Lummi Island
98263	WA	Lyman
98264	WA	Lynden
98266	WA	Maple Falls|Peaceful Valley|Kendall
98267	WA	Marblemount
98270	WA	Marysville|Lake Cassidy
98271	WA	Marysville|Lake Goodwin|Sisco Heights
98272	WA	Monroe|Everett|Woods Creek|High Bridge|Chain Lake|Monroe North
98273	WA	Mount Vernon|Bay View|Clear Lake
98274	WA	Mount Vernon|Big Lake|Lake McMurray|Lake Cavanaugh
98275	WA	Mukilteo
98276	WA	Nooksack
98277	WA	Oak Harbor|Whidbey Island Station
98278	WA	Oak Harbor|Whidbey Island Station
98279	WA	Olga
98280	WA	Orcas
98281	WA	Point Roberts
98282	WA	Camano Island|Camano
98283	WA	Rockport
98284	WA	Sedro Woolley|Sedro-Woolley|Hamilton|Lyman|Clear Lake|Alger
98286	WA	Shaw Island
98287	WA	Silvana
98288	WA	Skykomish
98290	WA	Snohomish|Three Lakes|Chain Lake|Fobes Hill|Lake Roesiger|Lake Bosworth|Bunk Foss|Monroe North|Machias
98291	WA	Snohomish
98292	WA	Stanwood|Kayak Point|Warm Beach|Sunday Lake|Lake Ketchum|Lake Goodwin|Silvana|Northwest Stanwood
98293	WA	Startup
98294	WA	Sultan|Startup|North Sultan
98295	WA	Sumas
98296	WA	Snohomish|Maltby|Silver Firs|Cathcart|High Bridge|Clearview|Eastmont
98297	WA	Waldron
98303	WA	Anderson Island
98304	WA	Ashford
98305	WA	Beaver
98310	WA	Bremerton|Enetai|Tracyton
98311	WA	Bremerton|Tracyton|Silverdale
98312	WA	Bremerton|Chico|Kitsap Lake|Rocky Point|Navy Yard City|Erlands Point|Gorst
98314	WA	Bremerton
98315	WA	Silverdale|Bangor Base
98320	WA	Brinnon
98321	WA	Buckley|Prairie Heights|Lake Tapps|Prairie Ridge
98322	WA	Burley
98323	WA	Carbonado
98324	WA	Carlsborg
98325	WA	Chimacum|Port Hadlock-Irondale
98326	WA	Clallam Bay
98327	WA	DuPont
98328	WA	Eatonville|Clear Lake|La Grande|Alder|Elbe
98329	WA	Gig Harbor|Key Center|Wauna|Stansberry Lake|Vaughn|Burley
98330	WA	Elbe
98331	WA	Forks|Queets
98332	WA	Gig Harbor|Maplewood|Rosedale|Purdy|Canterwood
98333	WA	Fox Island
98335	WA	Gig Harbor|Artondale|Wollochet|Raft Island
98336	WA	Glenoma
98337	WA	Bremerton
98338	WA	Graham|Elk Plain|Kapowsin|South Creek
98339	WA	Port Hadlock|Port Hadlock-Irondale
98340	WA	Hansville
98342	WA	Indianola
98343	WA	Joyce
98344	WA	Kapowsin
98345	WA	Keyport
98346	WA	Kingston|Port Gamble Tribal Community|Hansville|Indianola
98348	WA	La Grande
98349	WA	Lakebay|Longbranch|Home|Key Center|Herron Island
98350	WA	La Push
98351	WA	Longbranch
98352	WA	Sumner
98353	WA	Manchester
98354	WA	Milton
98355	WA	Mineral
98356	WA	Morton
98357	WA	Neah Bay
98358	WA	Nordland|Marrowstone
98359	WA	Olalla|Burley
98360	WA	Orting|Crocker|Kapowsin|McMillin|Tehaleh|Prairie Ridge
98361	WA	Packwood
98362	WA	Port Angeles|Port Angeles East
98363	WA	Port Angeles
98364	WA	Port Gamble
98365	WA	Port Ludlow
98366	WA	Port Orchard|Southworth|Manchester|Parkwood|East Port Orchard
98367	WA	Port Orchard|Bremerton|Burley|Bethel|Gorst
98368	WA	Port Townsend|Port Hadlock-Irondale
98370	WA	Poulsbo|Suquamish|Silverdale|Lofall|Indianola
98371	WA	Puyallup|Edgewood|Waller|Summit
98372	WA	Puyallup|Edgewood|Alderton|North Puyallup
98373	WA	Puyallup|South Hill|Summit View|Summit
98374	WA	Puyallup|South Hill|Graham|Alderton|McMillin
98375	WA	Puyallup|South Hill|Frederickson|Summit View
98376	WA	Quilcene
98377	WA	Randle
98378	WA	Retsil
98380	WA	Seabeck
98381	WA	Sekiu
98382	WA	Sequim|Blyn|Bell Hill|Carlsborg|Jamestown|River Road
98383	WA	Silverdale|Chico
98384	WA	South Colby
98385	WA	South Prairie|Prairie Ridge
98386	WA	Southworth
98387	WA	Spanaway|Elk Plain|South Creek|Frederickson|Graham
98388	WA	Steilacoom|Ketron Island
98390	WA	Sumner|Alderton|North Puyallup
98391	WA	Bonney Lake|Lake Tapps|Tehaleh|Prairie Ridge|Alderton
98392	WA	Suquamish
98393	WA	Tracyton
98394	WA	Vaughn|Key Center
98395	WA	Wauna
98396	WA	Wilkeson
98397	WA	Longmire
98398	WA	Paradise Inn
98401	WA	Tacoma
98402	WA	Tacoma|Ruston
98403	WA	Tacoma
98404	WA	Tacoma|Midland|Waller
98405	WA	Tacoma
98406	WA	Tacoma
98407	WA	Tacoma|Ruston
98408	WA	Tacoma
98409	WA	Tacoma
98411	WA	Tacoma
98412	WA	Tacoma
98413	WA	Tacoma
98415	WA	Tacoma
98416	WA	Tacoma
98417	WA	Tacoma
98418	WA	Tacoma
98419	WA	Tacoma
98421	WA	Tacoma
98422	WA	Tacoma|Fife Heights|Dash Point|Browns Point
98424	WA	Fife|Tacoma|Fife Heights
98430	WA	Camp Murray
98431	WA	Tacoma
98433	WA	Tacoma|DuPont|Fort Lewis|North Fort Lewis
98438	WA	Mcchord Afb
98439	WA	Lakewood|McChord AFB
98443	WA	Tacoma|Waller
98444	WA	Tacoma|Parkland|Midland
98445	WA	Tacoma|Parkland|Clover Creek|Midland|Spanaway|Summit
98446	WA	Tacoma|Clover Creek|Frederickson|Summit
98447	WA	Tacoma|Parkland
98448	WA	Tacoma
98464	WA	Tacoma
98465	WA	Tacoma
98466	WA	University Place|Tacoma|Fircrest
98467	WA	University Place|Tacoma
98471	WA	Tacoma
98481	WA	Tacoma
98490	WA	Tacoma
98493	WA	Tacoma
98496	WA	Lakewood
98497	WA	Lakewood
98498	WA	Lakewood|North Fort Lewis
98499	WA	Lakewood
98501	WA	Olympia|Tumwater
98502	WA	Olympia
98503	WA	Lacey|Tanglewilde
98504	WA	Olympia
98505	WA	Olympia
98506	WA	Olympia
98507	WA	Olympia
98508	WA	Olympia
98509	WA	Lacey
98511	WA	Tumwater
98512	WA	Olympia|Tumwater
98513	WA	Olympia|Lacey|Nisqually Indian Community
98516	WA	Olympia|Lacey|Tanglewilde
98520	WA	Aberdeen|Cosmopolis|Central Park|Ocosta|Aberdeen Gardens|Markham
98522	WA	Adna
98524	WA	Allyn|Grapeview
98526	WA	Amanda Park
98527	WA	Bay Center
98528	WA	Belfair
98530	WA	Bucoda
98531	WA	Centralia|Bucoda|Fords Prairie|Grand Mound
98532	WA	Chehalis|Napavine|Onalaska
98533	WA	Cinebar
98535	WA	Copalis Beach
98536	WA	Copalis Crossing|Copalis Beach
98537	WA	Cosmopolis
98538	WA	Curtis
98539	WA	Doty
98540	WA	East Olympia
98541	WA	Elma|Malone|Porter|Satsop
98542	WA	Ethel
98544	WA	Galvin
98546	WA	Grapeview
98547	WA	Grayland
98548	WA	Hoodsport
98550	WA	Hoquiam|Aberdeen|Humptulips|Oyehut|Hogans Corner
98552	WA	Humptulips|Neilton
98554	WA	Lebam
98555	WA	Lilliwaup
98556	WA	Littlerock
98557	WA	Mccleary
98558	WA	Mckenna
98559	WA	Malone
98560	WA	Matlock
98561	WA	Menlo
98562	WA	Moclips
98563	WA	Montesano|Cosmopolis|Brady
98564	WA	Mossyrock
98565	WA	Napavine
98566	WA	Neilton
98568	WA	Oakville
98569	WA	Ocean Shores|Ocean City|Hogans Corner
98570	WA	Onalaska
98571	WA	Pacific Beach|Moclips
98572	WA	Pe Ell
98575	WA	Quinault
98576	WA	Rainier|Yelm
98577	WA	Raymond|South Bend|Lebam|Willapa
98579	WA	Rochester|Grand Mound
98580	WA	Roy|South Creek|McKenna|Fort Lewis
98581	WA	Ryderwood
98582	WA	Salkum
98583	WA	Satsop
98584	WA	Shelton|Skokomish
98585	WA	Silver Creek
98586	WA	South Bend
98587	WA	Taholah|Santiago|Qui-nai-elt Village
98588	WA	Tahuya
98589	WA	Tenino
98590	WA	Tokeland
98591	WA	Toledo
98592	WA	Union
98593	WA	Vader
98595	WA	Westport|Cohassett Beach
98596	WA	Winlock|Vader
98597	WA	Yelm|North Yelm
98599	WA	Olympia
98601	WA	Amboy
98602	WA	Appleton
98603	WA	Ariel
98604	WA	Battle Ground|Venersborg|Lewisville|Dollars Corner|Meadow Glade|Cherry Grove
98605	WA	Bingen
98606	WA	Brush Prairie|Hockinson
98607	WA	Camas|Fern Prairie
98609	WA	Carrolls
98610	WA	Carson
98611	WA	Castle Rock
98612	WA	Cathlamet|Puget Island|Skamokawa Valley|East Cathlamet|Lower Elochoman|Upper Elochoman
98613	WA	Centerville
98614	WA	Chinook
98616	WA	Cougar
98617	WA	Dallesport
98619	WA	Glenwood
98620	WA	Goldendale|Maryhill
98621	WA	Grays River
98622	WA	Heisson
98623	WA	Husum
98624	WA	Ilwaco
98625	WA	Kalama
98626	WA	Kelso|Kalama|Lexington|Beacon Hill
98628	WA	Klickitat
98629	WA	La Center
98631	WA	Long Beach
98632	WA	Longview|Kelso|Longview Heights|Beacon Hill
98635	WA	Lyle|Dallesport
98637	WA	Nahcotta
98638	WA	Naselle|Deep River|Grays River
98639	WA	North Bonneville
98640	WA	Ocean Park
98641	WA	Oysterville
98642	WA	Ridgefield|La Center|Duluth|Mount Vista|Dollars Corner
98643	WA	Rosburg|Altoona
98644	WA	Seaview
98645	WA	Silverlake
98647	WA	Skamokawa|Skamokawa Valley
98648	WA	Stevenson|North Bonneville
98649	WA	Toutle
98650	WA	Trout Lake
98651	WA	Underwood
98660	WA	Vancouver
98661	WA	Vancouver|Minnehaha
98662	WA	Vancouver|Five Corners|Brush Prairie|Barberton
98663	WA	Vancouver
98664	WA	Vancouver
98665	WA	Vancouver|Hazel Dell|Lake Shore
98666	WA	Vancouver
98668	WA	Vancouver
98670	WA	Wahkiacus
98671	WA	Washougal|Fern Prairie
98672	WA	White Salmon
98673	WA	Wishram
98674	WA	Woodland
98675	WA	Yacolt|Amboy
98682	WA	Vancouver|Orchards|Hockinson
98683	WA	Vancouver
98684	WA	Vancouver
98685	WA	Vancouver|Salmon Creek|Felida|Lake Shore
98686	WA	Vancouver|Mount Vista|Barberton|Salmon Creek
98687	WA	Vancouver
98801	WA	Wenatchee|Sunnyslope|South Wenatchee
98802	WA	East Wenatchee
98807	WA	Wenatchee
98811	WA	Ardenvoir
98812	WA	Brewster
98813	WA	Bridgeport
98814	WA	Carlton
98815	WA	Cashmere
98816	WA	Chelan
98817	WA	Chelan Falls
98819	WA	Conconully
98821	WA	Dryden
98822	WA	Entiat
98823	WA	Ephrata
98824	WA	George
98826	WA	Leavenworth
98827	WA	Loomis
98828	WA	Malaga
98829	WA	Malott
98830	WA	Mansfield
98831	WA	Manson
98832	WA	Marlin|Krupp (Marlin)
98833	WA	Mazama
98834	WA	Methow
98836	WA	Monitor
98837	WA	Moses Lake|Moses Lake North|Cascade Valley|Wheeler
98840	WA	Okanogan|Malott
98841	WA	Omak|North Omak|Disautel
98843	WA	Orondo
98844	WA	Oroville
98845	WA	Palisades
98846	WA	Pateros
98847	WA	Peshastin
98848	WA	Quincy|George|Crescent Bar|Sunland Estates
98849	WA	Riverside
98850	WA	Rock Island
98851	WA	Soap Lake|Lakeview
98852	WA	Stehekin
98853	WA	Stratford
98855	WA	Tonasket
98856	WA	Twisp
98857	WA	Warden
98858	WA	Waterville
98859	WA	Wauconda
98860	WA	Wilson Creek
98862	WA	Winthrop
98901	WA	Yakima|Moxee|Terrace Heights
98902	WA	Yakima
98903	WA	Yakima|Union Gap|Ahtanum|Tampico
98904	WA	Yakima
98907	WA	Yakima
98908	WA	Yakima|Gleed|Summitview|Ahtanum|Eschbach
98909	WA	Yakima
98920	WA	Brownstown
98921	WA	Buena
98922	WA	Cle Elum|South Cle Elum
98923	WA	Cowiche
98925	WA	Easton|Roslyn
98926	WA	Ellensburg|Kittitas
98930	WA	Grandview
98932	WA	Granger
98933	WA	Harrah
98934	WA	Kittitas
98935	WA	Mabton|Grandview
98936	WA	Moxee
98937	WA	Naches|Cliffdell|Nile|Gleed
98938	WA	Outlook
98939	WA	Parker
98940	WA	Ronald|Roslyn
98941	WA	Roslyn
98942	WA	Selah
98943	WA	South Cle Elum
98944	WA	Sunnyside
98946	WA	Thorp
98947	WA	Tieton|Cowiche
98948	WA	Toppenish
98950	WA	Vantage
98951	WA	Wapato|Donald|Parker
98952	WA	White Swan
98953	WA	Zillah|Buena
99001	WA	Airway Heights|Spokane
99003	WA	Chattaroy
99004	WA	Cheney|Four Lakes
99005	WA	Colbert|Green Bluff
99006	WA	Deer Park
99008	WA	Edwall
99009	WA	Elk
99011	WA	Fairchild Air Force Base|Fairchild AFB
99012	WA	Fairfield
99013	WA	Ford
99014	WA	Four Lakes
99016	WA	Greenacres|Spokane Valley|Liberty Lake
99017	WA	Lamont
99018	WA	Latah
99019	WA	Liberty Lake
99020	WA	Marshall
99021	WA	Mead|Green Bluff
99022	WA	Medical Lake
99023	WA	Mica
99025	WA	Newman Lake|Otis Orchards-East Farms
99026	WA	Nine Mile Falls|Suncrest
99027	WA	Otis Orchards|Spokane Valley|Otis Orchards-East Farms
99029	WA	Reardan
99030	WA	Rockford
99031	WA	Spangle
99032	WA	Sprague
99033	WA	Tekoa
99034	WA	Tumtum
99036	WA	Valleyford
99037	WA	Spokane Valley|Veradale
99039	WA	Waverly
99040	WA	Wellpinit
99101	WA	Addy
99102	WA	Albion
99103	WA	Almira
99104	WA	Belmont
99105	WA	Benge
99107	WA	Boyds
99109	WA	Chewelah
99110	WA	Clayton
99111	WA	Colfax|Steptoe
99113	WA	Colton
99114	WA	Colville|Northport
99115	WA	Coulee City|Banks Lake South
99116	WA	Coulee Dam|Grand Coulee
99117	WA	Creston
99118	WA	Curlew
99119	WA	Cusick
99121	WA	Danville
99122	WA	Davenport
99123	WA	Electric City
99124	WA	Elmer City
99125	WA	Endicott
99126	WA	Evans
99128	WA	Farmington
99129	WA	Fruitland
99130	WA	Garfield
99131	WA	Gifford
99133	WA	Grand Coulee
99134	WA	Harrington
99135	WA	Hartline
99136	WA	Hay
99137	WA	Hunters
99138	WA	Inchelium|Twin Lakes
99139	WA	Ione
99140	WA	Keller
99141	WA	Kettle Falls|Marcus|Barstow|Barney's Junction|Boyds
99143	WA	Lacrosse
99144	WA	Lamona
99146	WA	Laurier
99147	WA	Lincoln
99148	WA	Loon Lake
99149	WA	Malden
99150	WA	Malo
99151	WA	Marcus
99152	WA	Metaline
99153	WA	Metaline Falls
99154	WA	Mohler
99155	WA	Nespelem|Nespelem Community
99156	WA	Newport
99157	WA	Northport
99158	WA	Oakesdale
99159	WA	Odessa
99160	WA	Orient
99161	WA	Palouse
99163	WA	Pullman|Albion
99164	WA	Pullman
99166	WA	Republic|Curlew Lake|Torboy|Pine Grove
99167	WA	Rice
99169	WA	Ritzville
99170	WA	Rosalia
99171	WA	Saint John|St. John
99173	WA	Springdale
99174	WA	Steptoe
99176	WA	Thornton
99179	WA	Uniontown
99180	WA	Usk|Cusick
99181	WA	Valley
99185	WA	Wilbur
99201	WA	Spokane
99202	WA	Spokane
99203	WA	Spokane
99204	WA	Spokane
99205	WA	Spokane
99206	WA	Spokane|Spokane Valley|Millwood
99207	WA	Spokane
99208	WA	Spokane|Town and Country|Fairwood|Country Homes
99209	WA	Spokane
99210	WA	Spokane
99211	WA	Spokane
99212	WA	Spokane Valley|Spokane|Millwood
99213	WA	Spokane
99214	WA	Spokane
99215	WA	Spokane
99216	WA	Spokane Valley|Spokane
99217	WA	Spokane|Mead
99218	WA	Spokane|Fairwood|Country Homes|Town and Country
99219	WA	Spokane
99220	WA	Spokane
99223	WA	Spokane
99224	WA	Spokane|Airway Heights
99228	WA	Spokane
99251	WA	Spokane|Country Homes
99252	WA	Spokane
99256	WA	Spokane
99258	WA	Spokane
99260	WA	Spokane
99301	WA	Pasco|West Pasco
99302	WA	Pasco
99320	WA	Benton City|West Richland
99321	WA	Beverly|Schwana
99322	WA	Bickleton
99323	WA	Burbank
99324	WA	College Place
99326	WA	Connell|Hatton
99328	WA	Dayton
99329	WA	Dixie
99330	WA	Eltopia|Mesa
99333	WA	Hooper
99335	WA	Kahlotus
99336	WA	Kennewick
99337	WA	Kennewick|Finley
99338	WA	Kennewick
99341	WA	Lind
99343	WA	Mesa|Basin City
99344	WA	Othello|Hatton|Marine View
99345	WA	Paterson
99346	WA	Plymouth
99347	WA	Pomeroy|Pataha
99348	WA	Prescott
99349	WA	Mattawa|Desert Aire
99350	WA	Prosser
99352	WA	Richland
99353	WA	West Richland|Richland
99354	WA	Richland
99356	WA	Roosevelt
99357	WA	Royal City
99359	WA	Starbuck
99360	WA	Touchet
99361	WA	Waitsburg|Dixie
99362	WA	Walla Walla|College Place|Garrett|Walla Walla East
99363	WA	Wallula
99371	WA	Washtucna
99401	WA	Anatone
99402	WA	Asotin
99403	WA	Clarkston|Clarkston Heights-Vineland|West Clarkston-Highland
99501	AK	Anchorage
99502	AK	Anchorage
99503	AK	Anchorage
99504	AK	Anchorage
99505	AK	Anchorage|Jber
99506	AK	Anchorage|Jber
99507	AK	Anchorage
99508	AK	Anchorage
99509	AK	Anchorage
99510	AK	Anchorage
99511	AK	Anchorage
99513	AK	Anchorage
99514	AK	Anchorage
99515	AK	Anchorage
99516	AK	Anchorage
99517	AK	Anchorage
99518	AK	Anchorage
99519	AK	Anchorage|Prudhoe Bay
99520	AK	Anchorage
99521	AK	Anchorage
99522	AK	Anchorage
99523	AK	Anchorage
99524	AK	Anchorage
99529	AK	Anchorage
99530	AK	Anchorage
99540	AK	Anchorage|Indian
99545	AK	Kongiganak
99546	AK	Adak
99547	AK	Atka
99548	AK	Chignik Lake
99549	AK	Port Heiden
99550	AK	Port Lions
99551	AK	Akiachak
99552	AK	Akiak
99553	AK	Akutan
99554	AK	Alakanuk
99555	AK	Aleknagik
99556	AK	Anchor Point|Happy Valley|Nikolaevsk
99557	AK	Aniak|Chuathbaluk|Lime Village|Stony River
99558	AK	Anvik
99559	AK	Bethel|Napaskiak|Oscarville|Kongiganak|Newtok|Atmautluak
99561	AK	Chefornak
99563	AK	Chevak
99564	AK	Chignik
99565	AK	Chignik Lagoon
99566	AK	Chitina|McCarthy
99567	AK	Anchorage|Chugiak
99568	AK	Clam Gulch|Ninilchik|Cohoe
99569	AK	Clarks Point|Clark's Point
99571	AK	Cold Bay|Nelson Lagoon
99572	AK	Cooper Landing
99573	AK	Copper Center|Kenny Lake|Tonsina|Willow Creek|Silver Springs|Tazlina
99574	AK	Cordova|Chenega
99575	AK	Crooked Creek
99576	AK	Dillingham|Twin Hills|Koliganek|Portage Creek
99577	AK	Anchorage|Eagle River
99578	AK	Eek
99579	AK	Egegik
99580	AK	Ekwok
99581	AK	Emmonak
99583	AK	False Pass
99585	AK	Marshall
99586	AK	Gakona|Chistochina|Slana|Nabesna|Mentasta Lake|Gulkana
99587	AK	Anchorage|Girdwood
99588	AK	Glennallen|Mendeltna|Eureka Roadhouse|Lake Louise|Nelchina|Tolsona|Gulkana|Tazlina
99589	AK	Goodnews Bay
99590	AK	Grayling
99591	AK	St. George|Saint George Island
99599	AK	Anchorage
99602	AK	Holy Cross
99603	AK	Homer|Kachemak|Fox River|Fritz Creek|Diamond Ridge|Nanwalek|Halibut Cove|Port Graham
99604	AK	Hooper Bay
99605	AK	Hope|Sunrise
99606	AK	Iliamna|Newhalen|Kokhanok
99607	AK	Upper Kalskag|Kalskag
99608	AK	Karluk
99609	AK	Kasigluk
99610	AK	Kasilof|Cohoe|Kalifornsky
99611	AK	Kenai|Nikiski|Point Possession|Kalifornsky|Salamatof|Ridgeway
99612	AK	King Cove
99613	AK	King Salmon|Igiugig
99614	AK	Kipnuk
99615	AK	Kodiak|Akhiok|Aleneva|Womens Bay|Chiniak|Kodiak Station|Mill Bay
99619	AK	Kodiak
99620	AK	Kotlik
99621	AK	Kwethluk
99622	AK	Kwigillingok
99623	AK	Wasilla|Point MacKenzie|Meadow Lakes|Knik-Fairview
99624	AK	Larsen Bay
99625	AK	Levelock
99626	AK	Lower Kalskag
99627	AK	Mc Grath|McGrath
99628	AK	Manokotak
99629	AK	Wasilla
99630	AK	Mekoryuk
99631	AK	Moose Pass
99632	AK	Mountain Village
99633	AK	Naknek
99634	AK	Napakiak
99635	AK	Nikiski|Tyonek
99636	AK	New Stuyahok
99637	AK	Toksook Bay
99638	AK	Nikolski
99639	AK	Ninilchik|Happy Valley
99640	AK	Nondalton
99641	AK	Nunapitchuk
99643	AK	Old Harbor
99644	AK	Ouzinkie
99645	AK	Palmer|Knik River|Lazy Mountain|Fishhook|Butte|Buffalo Soapstone|Gateway|Farm Loop|South Lakes|Sutton-Alpine
99647	AK	Pedro Bay
99648	AK	Perryville
99649	AK	Pilot Point|Ugashik
99650	AK	Pilot Station
99651	AK	Platinum
99652	AK	Big Lake|Houston|Knik-Fairview
99653	AK	Port Alsworth
99654	AK	Wasilla|Tanaina|Knik-Fairview|North Lakes|Meadow Lakes|Fishhook|South Lakes|Gateway
99655	AK	Quinhagak
99656	AK	Red Devil
99657	AK	Russian Mission
99658	AK	St. Mary's|Saint Marys|Pitkas Point
99659	AK	St. Michael|Saint Michael
99660	AK	St. Paul|Saint Paul Island
99661	AK	Sand Point
99662	AK	Scammon Bay
99663	AK	Seldovia|Seldovia Village
99664	AK	Seward|Bear Creek|Primrose|Cooper Landing|Lowell Point|Crown Point
99665	AK	Shageluk
99666	AK	Nunam Iqua
99667	AK	Skwentna|Susitna
99668	AK	Sleetmute
99669	AK	Soldotna|Kalifornsky|Funny River|Sterling|Ridgeway
99670	AK	South Naknek
99671	AK	Stebbins
99672	AK	Sterling
99674	AK	Sutton|Glacier View|Chickaloon|Sutton-Alpine|Eureka Roadhouse
99675	AK	Takotna
99676	AK	Talkeetna|Chase|Susitna North
99677	AK	Tatitlek
99678	AK	Togiak
99679	AK	Tuluksak
99680	AK	Tuntutuliak
99681	AK	Tununak
99682	AK	Tyonek|Beluga
99683	AK	Trapper Creek|Petersville
99684	AK	Unalakleet
99685	AK	Unalaska
99686	AK	Valdez
99687	AK	Wasilla
99688	AK	Willow|Susitna North|Skwentna|Susitna|Meadow Lakes
99689	AK	Yakutat
99690	AK	Nightmute
99691	AK	Nikolai
99692	AK	Unalaska|Dutch Harbor
99693	AK	Whittier
99694	AK	Houston|Willow
99695	AK	Anchorage|Ivanof Bay
99697	AK	Kodiak
99701	AK	Fairbanks|Wiseman|Coldfoot|South Van Horn
99702	AK	Eielson Afb
99703	AK	Fairbanks|Fort Wainwright
99704	AK	Anderson|Clear
99705	AK	North Pole|Badger|Eielson AFB|Moose Creek
99706	AK	Fairbanks|Healy Lake
99707	AK	Fairbanks
99708	AK	Fairbanks
99709	AK	Fairbanks|Goldstream|Ester|Chena Ridge|College|South Van Horn|Farmers Loop
99710	AK	Fairbanks
99711	AK	Fairbanks
99712	AK	Fairbanks|Steele Creek|Pleasant Valley|Two Rivers|Farmers Loop|Fox|Badger
99714	AK	Salcha|Harding-Birch Lakes
99716	AK	Two Rivers
99720	AK	Allakaket|Alatna
99721	AK	Anaktuvuk Pass
99722	AK	Arctic Village
99723	AK	Utqiaġvik|Barrow
99724	AK	Beaver
99725	AK	Ester
99726	AK	Bettles Field|Bettles|Evansville
99727	AK	Buckland
99729	AK	Cantwell|Denali Park
99730	AK	Central|Birch Creek
99731	AK	Fort Greely
99732	AK	Chicken
99733	AK	Circle
99734	AK	Prudhoe Bay
99736	AK	Deering
99737	AK	Delta Junction|Deltana|Paxson|Dot Lake|Dry Creek|Big Delta|Fort Greely|Whitestone|Dot Lake Village
99738	AK	Eagle|Eagle Village
99739	AK	Elim
99740	AK	Fort Yukon
99741	AK	Galena
99742	AK	Gambell
99743	AK	Healy|Ferry
99744	AK	Anderson
99745	AK	Hughes
99746	AK	Huslia
99747	AK	Kaktovik
99748	AK	Kaltag
99749	AK	Kiana
99750	AK	Kivalina
99751	AK	Kobuk
99752	AK	Kotzebue|Red Dog Mine
99753	AK	Koyuk
99754	AK	Koyukuk
99755	AK	Denali National Park|Denali Park
99756	AK	Manley Hot Springs
99757	AK	Lake Minchumina
99758	AK	Minto
99759	AK	Point Lay
99760	AK	Nenana|Healy|Four Mile Road
99761	AK	Noatak
99762	AK	Nome|Golovin|Diomede
99763	AK	Noorvik
99764	AK	Northway|Alcan Border
99765	AK	Nulato
99766	AK	Point Hope
99767	AK	Rampart
99768	AK	Ruby
99769	AK	Savoonga
99770	AK	Selawik
99771	AK	Shaktoolik
99772	AK	Shishmaref
99773	AK	Shungnak
99774	AK	Stevens Village
99775	AK	Fairbanks|College
99776	AK	Tanacross
99777	AK	Tanana
99778	AK	Teller
99780	AK	Tok|Mentasta Lake|Tetlin
99781	AK	Venetie
99782	AK	Wainwright
99783	AK	Wales
99784	AK	White Mountain
99785	AK	Brevig Mission
99786	AK	Ambler
99788	AK	Chalkyitsik
99789	AK	Nuiqsut
99790	AK	Fairbanks|Livengood
99791	AK	Atqasuk
99801	AK	Juneau
99802	AK	Juneau
99803	AK	Juneau
99811	AK	Juneau
99812	AK	Juneau
99820	AK	Angoon
99821	AK	Auke Bay
99824	AK	Juneau|Douglas
99825	AK	Elfin Cove
99826	AK	Gustavus
99827	AK	Haines|Lutak|Mosquito Lake|Excursion Inlet|Covenant Life|Mud Bay|Klukwan
99829	AK	Hoonah|Whitestone Logging Camp|Game Creek
99830	AK	Kake
99832	AK	Pelican
99833	AK	Petersburg|Kupreanof
99835	AK	Sitka
99836	AK	Port Alexander
99840	AK	Skagway
99841	AK	Tenakee Springs
99850	AK	Juneau|Excursion Inlet
99901	AK	Ketchikan|Saxman|Loring
99903	AK	Wrangell|Meyers Chuck
99918	AK	Coffman Cove
99919	AK	Thorne Bay|Kasaan
99921	AK	Craig|Edna Bay|Whale Pass|Hollis|Naukati Bay
99922	AK	Hydaburg
99923	AK	Hyder
99925	AK	Klawock
99926	AK	Metlakatla
99927	AK	Point Baker|Port Protection
99928	AK	Ward Cove
99929	AK	Wrangell
99950	AK	Ketchikan
