old_url,type,action,new_url,title,meta_description,source
/recycle-symbol/,post,KEEP,/recycle-symbol/,"Recycling Symbols Explained: A Complete Guide","This guide will break down the most common recycling symbols, which will help you understand it much better and what you are supposed to do with each symbol.",wordpress
/how-to-recycle-old-iphone/,post,KEEP,/how-to-recycle-old-iphone/,"How to Recycle Old iPhone","how to recycle old iPhones is good for you as well as the planet. Recycling your device helps save the resources used, reduces pollution, and supports the cause of sustainability.",wordpress
/how-to-dispose-of-old-printer-machine/,post,KEEP,/how-to-dispose-of-old-printer-machine/,"How to Dispose of Old Printer Machine Eco-friendly","At Recycle Technologies, we offer e-waste solutions, which include how to dispose of old printer machines environment-friendly. We offer a full range of services, right from collection to recycling",wordpress
/how-to-dispose-of-old-laptop/,post,KEEP,/how-to-dispose-of-old-laptop/,"A Definitive Guide On How to Dispose of Old Laptop","For those wondering how to dispose of old laptops in the eco-friendly manner, Recycle Technologies offers comprehensive e-waste recycling services.",wordpress
/how-to-dispose-of-a-refrigerator/,post,KEEP,/how-to-dispose-of-a-refrigerator/,"How to Dispose of A Refrigerator","Understanding properly how to dispose of a refrigerator would help protect the environment, meet local regulations, and create space for a new appliance with much ease.",wordpress
/how-to-dispose-of-lighter-fluid/,post,KEEP,/how-to-dispose-of-lighter-fluid/,"How to Dispose of Lighter Fluid In The Right Way","how to dispose of lighter fluid properly saves you and creates a cleaner and safer environment. For any further information regarding how to dispose of lighter fluid or some hazardous waste, feel free to contact Recycle Technologies.",wordpress
/dispose-of-fire-extinguisher/,post,KEEP,/dispose-of-fire-extinguisher/,"How to Dispose of Fire Extinguisher Properly","we will detail all that you need to know about how to properly dispose of a fire extinguisher, focusing on easy-to-do steps, eco-friendly options, and safe disposal.",wordpress
/lithium-ion-battery-recycling/,post,KEEP,/lithium-ion-battery-recycling/,"Lithium-Ion Battery Recycling Process with Recycle Technologies","We discuss here the crucial importance of lithium ion batteries recycling and exact methods implemented by companies such as Recycle Technologies that are working to support a circular economy and resource conservation.",wordpress
/electric-vehicle-battery-manufacturing-waste/,post,KEEP,/electric-vehicle-battery-manufacturing-waste/,"Tackling EV Battery Manufacturing Waste: Environmental Challenges and Recycling Solutions","Explore the environmental impact of electric vehicle battery manufacturing waste. Learn about challenges, recycling innovations, and sustainable solutions.",wordpress
/fire-breaks-out-at-midtown-manhattan-e-bike-shop/,post,KEEP,/fire-breaks-out-at-midtown-manhattan-e-bike-shop/,"Fire Breaks Out at Midtown Manhattan E-Bike Shop, Firefighter Injured","Firefighters extinguished the fire at 4:32 a.m., but a watch line was maintained to monitor for possible rekindling. ""This location has faced multiple enforcement actions due to unsafe practices,"" said the FDNY Chief Fire Marshal.",wordpress
/american-stadard-rules-on-car-for-green-future/,post,KEEP,/american-stadard-rules-on-car-for-green-future/,"New US Car Pollution Regulations Set to Fast-Track Electric Vehicle Adoption","EPA targets 30–56% EV conversion by 2032. See how new car regulations from the US Environmental Protection Agency shape the market.",wordpress
/clean-earth-camp-lejeune/,post,KEEP,/clean-earth-camp-lejeune/,"Clean Earth Camp Lejeune Generates Awareness For a Cleaner Environment and Sets Goals For a Sustainable Future","Camp Lejeune has been the site for multiple pilot studies, all targeted towards the environmental remediation of the site. The studies aim to optimize the best technologies and methods for the treatment of groundwater and treat polluted soil to safeguard the community living around the campsite. The site is reviewed every five years and the most recent review occurred in 2020.",wordpress
/waste-management-acquires-stericycle/,post,KEEP,/waste-management-acquires-stericycle/,"Waste Management Acquires Stericycle","Waste Management has announced its acquisition of Stericycle, one of the leading providers of medical waste services, for $7.2 billion.",wordpress
/national-drinking-water-standard-to-protect-100m-people-from-pfas-pollution/,post,KEEP,/national-drinking-water-standard-to-protect-100m-people-from-pfas-pollution/,"EPA Sets First National Drinking Water Standard to Protect 100 Million People from PFAS Exposure","The EPA is also making big investments to implement the recently announced strategic plan. The agency has made available a funding of $1 billion for states to invest in water treatment plants and PFAS testing systems.",wordpress
/rhode-island-solar-energy/,post,KEEP,/rhode-island-solar-energy/,"Rhode Island Solar Energy is Advanced With New Energy Storage Act","Rhode Island Solar Energy advancement aims for 90 MW of energy storage by 2026, 195 MW by 2028, and 600 MW by 2033. The 2024 Energy Storage Systems Act promoted incentives for energy storage projects that can store surplus power from solar and make that available at times of peak demand or low sunlight.",wordpress
/drinking-water-warning-issued-nationwide/,post,KEEP,/drinking-water-warning-issued-nationwide/,"Drinking Water Warning Issued Nationwide!","The EPA highlights that over 70% of inspected water systems lack basic cybersecurity measures, exposing them to significant risks. These gaps, often stemming from outdated technology and poor cybersecurity awareness, could compromise essential water supplies.",wordpress
/epa-awards-kansas-state-university/,post,KEEP,/epa-awards-kansas-state-university/,"EPA Awards $175K to Kansas State University","The U.S. Environmental Protection Agency has funded Kansas State University to the tune of $175,000 to the National Radon Hotline and its website.",wordpress
/home-depot-banned-products/,post,KEEP,/home-depot-banned-products/,"Home Depot Fined $1.6 Million for Selling Banned Products Despite Compliance Measures","According to reports the officials at the Washington Department of Ecology pointed out the new guidelines relating to the ban of HFCs multiple times to Home Depot. There were several meetings reported between November 2021 and 2022, but the company failed to comply with the standards of WDE.",wordpress
/united-states-environmental-protection-agency-news/,post,KEEP,/united-states-environmental-protection-agency-news/,"United States Environmental Protection Agency Declares Lipari Landfill Cleanup Complete, Highlights Alcyon Lake Restoration","The Lipari Landfill was notorious for being one of the most contaminated sites in the US. The site saw extensive cleanup efforts for almost four decades from 1958 to 1971. It was the general dumping site for a wide variety of waste materials including household waste, industrial waste including electronics and chemical waste.",wordpress
/epa-awards-over-7-million-to-indiana-university/,post,KEEP,/epa-awards-over-7-million-to-indiana-university/,"EPA Awards Over $7 Million to Indiana University to Safeguard the Great Lakes from Toxic Chemicals","The Great Lakes are facing an ongoing threat from pollutants, and Indiana University is stepping up to take a lead role in protecting them. Armed with advanced technology and research expertise, the university will focus on detecting harmful chemicals before they cause lasting damage to the ecosystem.",wordpress
/challenges-with-e-cigarette-waste-amid-safe-disposal-shortage/,post,KEEP,/challenges-with-e-cigarette-waste-amid-safe-disposal-shortage/,"Young Users Face Challenges with E-Cigarette Waste Amid Safe Disposal Shortage","Unfortunately, in landfills. In a recent survey carried out by the Truth Initiative, more than half of the young people who use e-cigarettes dispose of them in trash with less than quarter of them resorting to recycling measures.",wordpress
/tax-benefits-and-rebates-for-solar-panel-recycling/,post,KEEP,/tax-benefits-and-rebates-for-solar-panel-recycling/,"Tax Benefits and Rebates for Solar Panel Recycling","the future of the solar panel recycling is becoming apparent with Vermont and Illinois enacting legislation. But there is much more that has to be done to translate these conversations into tangible actions.",wordpress
/recycling-revolution-how-schools-go-green-in-back-to-school/,post,KEEP,/recycling-revolution-how-schools-go-green-in-back-to-school/,"Recycling Revolution: How Schools Can Go Green This Back-to-School Season","there’s another important consideration that should be on everyone's mind: the proper disposal and recycling of electronic waste, or e-waste.",wordpress
/from-pilot-to-permanent-albertas-electronics-recycling-program-expands/,post,KEEP,/from-pilot-to-permanent-albertas-electronics-recycling-program-expands/,"From Pilot to Permanent: Alberta's Electronics Recycling Program Expands","In 2020 Alberta government took the initiative to recycle more than 500 types of electronic devices. This initiative was practiced under the name of the Electronics Recycling pilot Program.",wordpress
/university-graz-launches-battery-recycling-initiative/,post,KEEP,/university-graz-launches-battery-recycling-initiative/,"University of Graz Launches New Battery Recycling Initiative","University of Graz has launched a unique prototype to recycle lithium batteries primarily originating from electric vehicles. It is a compact system ready for recycling at the institute.",wordpress
/best-buy-geek-squad-vs-recycle-technologies/,post,KEEP,/best-buy-geek-squad-vs-recycle-technologies/,"Best Buy Geek Squad vs. Recycle Technologies: Who's Better at Promoting  Circular Economy (on page)","While Best Buy Geek Squad offers good services, particularly in tech support, Recycle Technologies has a more visionary and impactful approach",wordpress
/how-much-does-best-buy-charge-for-recycling-a-tv/,post,KEEP,/how-much-does-best-buy-charge-for-recycling-a-tv/,"How Much Does Best Buy Charge for Recycling a TV? A Look at Costs and Alternatives with Recycle Technologies","This article will aim to give you the information you need on how much Best Buy charges for recycling TV as opposed to the comprehensive",wordpress
/e-waste-recycling-ups-drop-box-vs-recycle-technologies/,post,KEEP,/e-waste-recycling-ups-drop-box-vs-recycle-technologies/,"Navigating E-Waste Recycling: UPS Drop Box vs. Recycle Technologies","In the realm of managing e-waste, UPS Drop Box and Recycle Technologies are two popular names. The UPS Drop Box is a convenient service",wordpress
/best-buy-tv-recycling-vs-recycle-technologies/,post,KEEP,/best-buy-tv-recycling-vs-recycle-technologies/,"Best Buy TV Recycling vs. Recycle Technologies: Making the Better Choice for E-Waste Management","Best Buy TV recycling is the best solution that comes to mind for better, more comprehensive, responsible, and impactful e-waste management is Recycle Technologies.",wordpress
/home-depot-bulb-recycling-vs-recycle-technologies/,post,KEEP,/home-depot-bulb-recycling-vs-recycle-technologies/,"Home Depot Bulb Recycling vs. Recycle Technologies: The Better Choice for Responsible Disposal","Home Depot bulb recycling program is a very convenient option for consumers, the solution offered by Recycle Technologies is far more responsible and complete when looking at the recycling",wordpress
/can-you-recycle-styrofoam-understanding-the-challenges-and-alternatives/,post,KEEP,/can-you-recycle-styrofoam-understanding-the-challenges-and-alternatives/,"Can You Recycle Styrofoam? Understanding the Challenges and Alternatives","Can you recycle Styrofoam? The answer is more complex and depends on local recycling capabilities and on the type of Styrofoam being dealt with.",wordpress
/how-to-dispose-of-oil-safely-and-responsibly/,post,KEEP,/how-to-dispose-of-oil-safely-and-responsibly/,"How to Dispose of Oil Safely and Responsibly","Proper disposal of oil safeguards the environment, public health, and plumbing and waste disposal techniques that work optimally.",wordpress
/can-you-recycle-wrapping-paper-heres-what-you-need-to-know/,post,KEEP,/can-you-recycle-wrapping-paper-heres-what-you-need-to-know/,"Can You Recycle Wrapping Paper? Here’s What You Need to Know","can you recycle wrapping paper? wrapping paper is no more than paper. In fact, paper is one of the most widely recycled materials.",wordpress
/are-magazines-recyclable-heres-what-you-need-to-know/,post,KEEP,/are-magazines-recyclable-heres-what-you-need-to-know/,"Are Magazines Recyclable? Here’s What You Need to Know","Are magazines recyclable? Of course! Within some simple steps on your part, one can ensure recyclable magazines, and environmental sustainability",wordpress
/where-to-recycle-ink-cartridges-a-comprehensive-guide/,post,KEEP,/where-to-recycle-ink-cartridges-a-comprehensive-guide/,"Where to Recycle Ink Cartridges: A Comprehensive Guide","Recycling of ink cartridges will help tremendously to save the future of our ecosystem. There are so many options for office stores and mail-in programs",wordpress
/are-milk-cartons-recyclable-heres-what-you-need-to-know/,post,KEEP,/are-milk-cartons-recyclable-heres-what-you-need-to-know/,"Are Milk Cartons Recyclable? Here’s What You Need to Know","are milk cartons recyclable? The answer is an outright yes, but with complexities. That means knowing what's taken in your area and taking the",wordpress
/is-tissue-paper-recyclable-unraveling-the-truth/,post,KEEP,/is-tissue-paper-recyclable-unraveling-the-truth/,"Is Tissue Paper Recyclable? Unraveling the Truth","is tissue paper recyclable? The answer's a bit more complicated than that, so let's break down the specifics—and learn with amazing companies",wordpress
/is-aluminum-foil-recyclable-unwrapping-the-myths-and-facts/,post,KEEP,/is-aluminum-foil-recyclable-unwrapping-the-myths-and-facts/,"Is Aluminum Foil Recyclable? Unwrapping the Myths and Facts","Recycling the same, however, is a whole new story so is aluminum foil recyclable. The short answer is yes, aluminum foil is recyclable.",wordpress
/trademark-metal-recycling-and-recycle-technologies/,post,KEEP,/trademark-metal-recycling-and-recycle-technologies/,"Trademark Metal Recycling and Recycle Technologies: Pioneering the Future of Sustainable Waste Management","Trademark Metal Recycling is in the essential business of metal recycling. It collects, sorts, and recycles ferrous and non-ferrous metals",wordpress
/is-bubble-wrap-recyclable-understanding-the-challenges-and-eco-friendly-alternatives/,post,KEEP,/is-bubble-wrap-recyclable-understanding-the-challenges-and-eco-friendly-alternatives/,"Is Bubble Wrap Recyclable? Understanding the Challenges and Eco-Friendly Alternatives","So, is bubble wrap recyclable? Yes, it is, with caution. Bubble wrap can technically be recycled, but it requires special handling",wordpress
/is-glass-recyclable-understanding-the-benefits-and-challenges/,post,KEEP,/is-glass-recyclable-understanding-the-benefits-and-challenges/,"Is Glass Recyclable? Understanding the Benefits and Challenges with Recycle Technologies","Glass recycling is not only possible but very key to building a sustainable future. Glass recycling helps in the conservation of natural resources",wordpress
/how-to-dispose-of-grease-a-comprehensive-guide/,post,KEEP,/how-to-dispose-of-grease-a-comprehensive-guide/,"How to Dispose of Grease: A Comprehensive Guide","By being keen on how to dispose of grease correctly, you will not only have protected your home but also it will be good for the environment.",wordpress
/florida-fluorescent-bulb-recycling-regulations/,post,KEEP,/florida-fluorescent-bulb-recycling-regulations/,"Florida Fluorescent Bulb Recycling Regulations","Verfied and accurate details about Florida Fluorescent Bulb Recycling Regulations by using some table and keypoints for better navigation and experince.",wordpress
/uncovering-the-cons-of-recycling-and-its-impact-on-the-environment/,post,KEEP,/uncovering-the-cons-of-recycling-and-its-impact-on-the-environment/,"Uncovering the Cons of Recycling and Its Impact on the Environment","One of the major cons of recycling is the excessive costs associated with collecting, sorting, and processing recyclable materials. In the USA, there are multiple reputed recycling facilities, but the main reason they are limited to selective regions lies in the high-end costs.",wordpress
/argonne-national-laboratory-strives-to-reduce-e-waste-through-biodegradable-luminescent-polymers/,post,KEEP,/argonne-national-laboratory-strives-to-reduce-e-waste-through-biodegradable-luminescent-polymers/,"Argonne National Laboratory Strives To Reduce E-Waste Through Biodegradable Luminescent Polymers","",wordpress
/epa-and-white-house-honor-environmental-leaders-with-prestigious-awards/,post,KEEP,/epa-and-white-house-honor-environmental-leaders-with-prestigious-awards/,"EPA and White House Honor Environmental Leaders with Prestigious Awards","",wordpress
/does-63-million-power-play-to-boost-battery-recycling-and-modernize-manufacturing/,post,KEEP,/does-63-million-power-play-to-boost-battery-recycling-and-modernize-manufacturing/,"DOE's $63 Million Power Play to Boost Battery Recycling and Modernize Manufacturing","The US Department of Energy (DOE) has initiated a huge program under which up to $63 million will be provided to support state and local governments in the enhancement of battery recycling and US manufacturing.",wordpress
/massachusetts-based-lt-governor-kim-driscoll-bags-the-recycling-impact-award-2024/,post,KEEP,/massachusetts-based-lt-governor-kim-driscoll-bags-the-recycling-impact-award-2024/,"Massachusetts Based Lt. Governor Kim Driscoll Bags The “Recycling Impact Award” 2024","Massachusetts Lieutenant Governor Kim Driscoll was discovered as the 2024 winner of the “Recycling Impact Award,” presented by the Recycled Materials Association (ReMA) in partnership with the National Lieutenant Governors Association (NLGA).",wordpress
/eco-friendly-solutions-led-bulb-recycling-near-me/,post,KEEP,/eco-friendly-solutions-led-bulb-recycling-near-me/,"LED Bulb Recycling Near Me: Reducing Waste and Protecting the Environment","LED bulbs are an energy efficient lighting option but need careful consideration for recycling. This blog guides you about how to find LED bulb recycling near me.",wordpress
/reliable-ev-battery-recycling-companies/,post,KEEP,/reliable-ev-battery-recycling-companies/,"Reliable EV Battery Recycling Companies","In this article we dive into the most Reliable EV Battery Recycling Companies. EV battery recycling involves several stages to recover",wordpress
/secure-it-asset-disposition-services-near-me-as-a-business-owner/,post,KEEP,/secure-it-asset-disposition-services-near-me-as-a-business-owner/,"Recycle Technologies: Leading The Charge In Secure IT Asset Disposition Services Near Me ","IT asset disposition services near me are crucial for businesses. This blog gives an insight into secure and safe IT asset disposition services and how to avail them.",wordpress
/best-buy-recycling-company-recycletechnology-choose-wisely/,post,KEEP,/best-buy-recycling-company-recycletechnology-choose-wisely/,"Recycle Technologies Vs. Best Buy Recycling Company: Your Best Bet For Computer Recycling ","Are you confused between choosing Best Buy recycling company and others e-waste companies. This blog will clear out your confusion and help you take steps in the right direction.",wordpress
/recycling-leading-the-way-in-sustainable-waste-management/,post,KEEP,/recycling-leading-the-way-in-sustainable-waste-management/,"Top Companies in Recycling: Leading the Way in Sustainable Waste Management","When it comes to recycling, choosing the right partner is crucial for businesses. Recycle Technologies stands out as the best company for e-waste recycling in the USA,",wordpress
/exploring-the-positive-effects-of-e-waste-recycling/,post,KEEP,/exploring-the-positive-effects-of-e-waste-recycling/,"Tech Trash to Green Gold: Exploring the Positive Effects of Recycling E-Waste","E-waste is a menace, but there are a myriad of positive effects of recycling. This blog sheds light on the benefits of e-waste recycling.",wordpress
/effortless-waste-management-best-way-disposal-revealed/,post,KEEP,/effortless-waste-management-best-way-disposal-revealed/,"Effortless Waste Management: Best Way Disposal Revealed","With the increasing focus on sustainability, finding the ""best way disposal"" methods for different types of waste is crucial.",wordpress
/whom-to-trust-if-i-want-to-recycle-my-phone/,post,KEEP,/whom-to-trust-if-i-want-to-recycle-my-phone/,"Whom To Trust If I Want to Recycle My Phone?  ","By choosing Recycle Technologies, you are not just disposing of an old phone; you are contributing to a sustainable future.",wordpress
/how-recycling-practices-can-lead-to-environmental-sustainability/,post,KEEP,/how-recycling-practices-can-lead-to-environmental-sustainability/,"Explain How Recycling Practices Can Lead to Environmental Sustainability","This guide will explain how recycling practices can lead to environmental sustainability. Get all the information and say yes to a Greener future for the earth.",wordpress
/finding-the-perfect-recycle-center-near-me/,post,KEEP,/finding-the-perfect-recycle-center-near-me/,"Finding the Perfect Recycle Center Near Me: Your Comprehensive Guide","Find a reliable recycle center near you. Learn about accepted materials, secure e-waste recycling, and sustainable waste disposal practices.",wordpress
/recycling-near-me-the-best-choice-for-business-e-waste/,post,KEEP,/recycling-near-me-the-best-choice-for-business-e-waste/,"Recycling Near Me: The Best Choice for Business E-Waste","When searching for ""recycling near me,"" businesses need a reliable partner to manage their e-waste responsibly.",wordpress
/best-choice-for-computer-recycling/,post,KEEP,/best-choice-for-computer-recycling/,"Why Recycle Technologies is Your Best Choice for Computer Recycling","This blog will explore why Recycle Technologies excels in computer recycling, highlighting our tailored approach, extensive experience",wordpress
/household-battery-recycling-near-me-a-comprehensive-guide/,post,KEEP,/household-battery-recycling-near-me-a-comprehensive-guide/,"Household Battery Recycling Near Me: A Comprehensive Guide","When you search for 'household battery recycling near me,' you’ll find that Recycle Technologies is a leading choice.",wordpress
/the-basics-of-e-waste-recycling/,post,KEEP,/the-basics-of-e-waste-recycling/,"Recycle Technologies Complete E-Waste Recycling Process","E-waste recycling is essential for environmental protection. This blog sheds light on the process of e-waste recycling and its advantages.",wordpress
/lithium-ion-battery-recycling-process-a-definitive-guide/,post,KEEP,/lithium-ion-battery-recycling-process-a-definitive-guide/,"Recycle Technologies Taking the Lead in Lithium-ion Battery Recycling With Cutting-Edge Procedures","Are you looking for certified lithium-ion battery recycling services? This blog sheds light on the process and the best battery recycling service in the USA.",wordpress
/where-to-recycle-batteries-battery-recycling-near-me/,post,KEEP,/where-to-recycle-batteries-battery-recycling-near-me/,"Battery Recycling Near Me: Recycle Technologies Recycling Services","Do you often search for battery recycling near me? This blog presents an easy solution for recycling batteries near you.",wordpress
/electronics-recycling-near-me-recycle-technologies-services/,post,KEEP,/electronics-recycling-near-me-recycle-technologies-services/,"Electronics Recycling Near Me: Comprehensive E-Waste Solutions By Recycle Technologies ","Are you searching for electronics recycling near you? This blog guides you about the best e-waste recycling services near you.",wordpress
/what-is-e-waste-how-does-e-waste-recycling-work/,post,KEEP,/what-is-e-waste-how-does-e-waste-recycling-work/,"The Complete Guide on How E-Waste Recycling Works ","Not sure about how recycling work? This blog guides you about each step involved in the recycling of e-waste.",wordpress
/why-is-recycling-important-10-benefits-of-e-waste-recycling/,post,KEEP,/why-is-recycling-important-10-benefits-of-e-waste-recycling/,"Why Is Recycling Important? An Insight into Recycling from an E-Waste Perspective ","Understanding why recycling is important is crucial for sustainability. This blog highlights the benefits of recycling and why it is important.",wordpress
/understanding-what-is-e-waste-recycling/,post,KEEP,/understanding-what-is-e-waste-recycling/,"Understanding Electronic Waste Recycling: What is Recycling and Why it Matters","Are you confused about what is e-waste recycling? In this blog you can find all answers related to the e-waste recycling process.",wordpress
/itad-services-explained-secure-your-it-asset-disposal/,post,KEEP,/itad-services-explained-secure-your-it-asset-disposal/,"ITAD Services Explained: Secure Your IT Asset Disposal","ITAD companies take care of everything, from securely wiping your data to responsibly recycling old equipment. This helps businesses avoid",wordpress
/unveiling-oak-creek-e-waste-revolution/,post,KEEP,/unveiling-oak-creek-e-waste-revolution/,"Unveiling Oak Creek's E-Waste Revolution: Recycle Technologies Leads the Charge","Recycle Technologies is a leader in e-waste management in Oak Creek, committed to sustainability and innovation.",wordpress
/how-to-dispose-of-washer-and-dryer-a-complete-guide/,post,KEEP,/how-to-dispose-of-washer-and-dryer-a-complete-guide/,"How to Dispose of Washer and Dryer: A Complete Guide","You know the good news? To dispose of washer and dryer responsibly is easier than you might think!This guide will walk you through",wordpress
/how-to-dispose-small-appliances-safely-and-responsibly/,post,KEEP,/how-to-dispose-small-appliances-safely-and-responsibly/,"How to Dispose Small Appliances Safely and Responsibly","Find out how to dispose of small appliances safely and responsibly so you can bring in new appliances while getting rid of your old ones sustainably.",wordpress
/your-guide-on-how-to-dispose-big-appliances-efficiently/,post,KEEP,/your-guide-on-how-to-dispose-big-appliances-efficiently/,"Your Guide on How to Dispose Big Appliances Efficiently","Learn from this guide on how to dispose big appliances if you need to replace your old appliances. Say ‘Yes’ to a Green Future of Our Earth.",wordpress
/e-waste-recycling-services-and-solutions-in-oakdale/,post,KEEP,/e-waste-recycling-services-and-solutions-in-oakdale/,"E-Waste Recycling Simplified: Services and Solutions from Recycle Technologies in Oakdale","Are you looking for e-waste services in Oakdale? This blog highlights Recycle Technologies’ range of electronic waste recycling services in Oakdale.",wordpress
/how-businesses-in-east-bethel-are-embracing-recycling/,post,KEEP,/how-businesses-in-east-bethel-are-embracing-recycling/,"How Businesses in East Bethel Are Embracing Recycling","As businesses in East Bethel continue to embrace recycling, Recycle Technologies stands out as the ideal partner for achieving sustainability goals. With their comprehensive services.",wordpress
/how-recycle-technologies-is-transforming-duluths-environmental-landscape/,post,KEEP,/how-recycle-technologies-is-transforming-duluths-environmental-landscape/,"How Recycle Technologies is Transforming Duluth's Environmental Landscape","By supporting Recycle Technologies, the people of Duluth are proactively protecting their environment and ensuring a greener, cleaner future for generations to come.",wordpress
/how-recycle-technologies-is-leading-the-way-in-washington-county/,post,KEEP,/how-recycle-technologies-is-leading-the-way-in-washington-county/,"How Recycle Technologies is Leading the Way in Washington County","The Washington County Recycling Center's comprehensive recycling initiatives and commitment to environmental stewardship serve as a model for responsible.",wordpress
/promoting-sustainable-practices-recycling-in-scott-county-with-recycle-technologies/,post,KEEP,/promoting-sustainable-practices-recycling-in-scott-county-with-recycle-technologies/,"Promoting Sustainable Practices: Recycling in Scott County with Recycle Technologies","Scott County, MN, in the heart of the Midwest, has embraced the importance of recycling and is promoting sustainable practices. With its committed recycling companies.",wordpress
/embracing-a-greener-tomorrow-recycling-electronics-responsibly-in-blaine-mn/,post,KEEP,/embracing-a-greener-tomorrow-recycling-electronics-responsibly-in-blaine-mn/,"Embracing a Greener Tomorrow: Recycling Electronics Responsibly in Blaine, MN","As Blaine continues to prioritize sustainable practices, the partnership between the city and Recycle Technologies serves as a model for other communities.",wordpress
/on-transforming-recycling-solutions-in-olmsted-county/,post,KEEP,/on-transforming-recycling-solutions-in-olmsted-county/,"On Transforming Recycling Solutions in Olmsted County","Recycling in Olmsted County is also a platform for civic engagement and environmental education. Many community programs and initiatives are geared towards educating residents.",wordpress
/sustainability-in-richfield-recycling-with-recycle-technologies/,post,KEEP,/sustainability-in-richfield-recycling-with-recycle-technologies/,"Sustainability in Richfield: Recycling with Recycle Technologies","Recycling isn't just about sorting trash for Richfield; it's about building a thriving and sustainable community for the future. The issue of electronic waste, or e-waste.",wordpress
/recycle-technologies-plymouths-cutting-edge-recycling-center/,post,KEEP,/recycle-technologies-plymouths-cutting-edge-recycling-center/,"Recycle Technologies: Plymouth’s Cutting-Edge  Recycling Center","Are you looking for reliable electronic waste recycling centers in Plymouth? Look no further, as this blog guides you through the best options for e-waste in Plymouth.",wordpress
/effortless-recycling-in-minnetonka-recycle-technologies-flexible-e-waste-recycling-services/,post,KEEP,/effortless-recycling-in-minnetonka-recycle-technologies-flexible-e-waste-recycling-services/,"Effortless Recycling in Minnetonka: Recycle Technologies’ Flexible E-Waste Recycling Services","e-waste recycling services in Minnetonka have been provided by Recycle Technologies for a long time. This blog highlights these efficient services.",wordpress
/addressing-common-misconceptions-about-recycling-centers-in-maple-grove/,post,KEEP,/addressing-common-misconceptions-about-recycling-centers-in-maple-grove/,"Addressing Common Misconceptions About Recycling Centers In Maple Grove","Are you in search of electronic waste recycling services in Maple Grove? This blog covers the common misconceptions about e-waste recycling, to help you make an informed decision.",wordpress
/recycle-technologies-pioneering-green-innovations-in-edina/,post,KEEP,/recycle-technologies-pioneering-green-innovations-in-edina/,"Recycle Technologies: Pioneering Green Innovations in Edina","In Edina, Recycle Technologies is at the forefront of addressing these challenges. We offer comprehensive e-waste recycling services that not only comply with environmental standards",wordpress
/how-recycle-technologies-is-elevating-e-waste-management-in-brooklyn-park/,post,KEEP,/how-recycle-technologies-is-elevating-e-waste-management-in-brooklyn-park/,"How Recycle Technologies Is Elevating E-Waste Management in Brooklyn Park","Are you in search of e-waste recycling services in Brooklyn Park? This blog guides you about e-waste services offered by Recycle Technologies in Brooklyn Park.",wordpress
/recycling-technologies-in-bloomington-all-what-you-need-to-know/,post,KEEP,/recycling-technologies-in-bloomington-all-what-you-need-to-know/,"Recycling Technologies in Bloomington: All What You Need to Know ","this guide about recycling in Bloomington teaches you the importance of properly handling old electronics. Recycling from e-waste like computers, phones, and TVs is beneficial for the environment.",wordpress
/recycle-technologies-empowers-lakeville-for-a-better-future/,post,KEEP,/recycle-technologies-empowers-lakeville-for-a-better-future/,"Recycle Technologies Empowers Lakeville for a Better Future","Together we'll ensure LakeVille remains a national leader in sustainability and stewardship of our shared natural resources.",wordpress
/burnsvilles-sustainable-recycling-revolution-with-recycle-technologies/,post,KEEP,/burnsvilles-sustainable-recycling-revolution-with-recycle-technologies/,"Burnsville's Sustainable Recycling Revolution with Recycle Technologies","the Burnsville Recycling Center shines as a leader in environmental sustainability, offering innovative solutions for recycling TVs, batteries, electronics, and more.",wordpress
/recycle-smarter-in-dakota-county-solution-from-recycle-technologies/,post,KEEP,/recycle-smarter-in-dakota-county-solution-from-recycle-technologies/,"Recycle Smarter in Dakota County: Solution from Recycle Technologies","Dakota County stands at the forefront of sustainable practices, propelled by a collective commitment to recycling. With Recycle Technologies leading the charge",wordpress
/how-recycle-technologies-promotes-sustainability-for-coon-rapids-residents/,post,KEEP,/how-recycle-technologies-promotes-sustainability-for-coon-rapids-residents/,"How Recycle Technologies Promotes Sustainability for Coon Rapids Residents","By working together, the residents and businesses of Coon Rapids can make a significant impact on their community's environmental health.",wordpress
/how-recycle-technologies-is-boosting-e-waste-recycling-in-st-cloud/,post,KEEP,/how-recycle-technologies-is-boosting-e-waste-recycling-in-st-cloud/,"How Recycle Technologies is Boosting E-Waste Recycling in St Cloud","It is integral to boost the rate of e-waste recycling in today’s digital era. This blog highlights how Recycle Technologies is making efforts to boost e-waste recycling in St Cloud.",wordpress
/how-to-recycle-responsibly-in-benton-county/,post,KEEP,/how-to-recycle-responsibly-in-benton-county/,"How to Recycle Responsibly in Benton County","By working together, Benton County residents and Recycle Technologies can create a cleaner, greener future for all. Start recycling responsibly today.",wordpress
/anoka-countys-sustainable-future-recycle-technologies-role-in-electronic-waste-recycling/,post,KEEP,/anoka-countys-sustainable-future-recycle-technologies-role-in-electronic-waste-recycling/,"Anoka County's Sustainable Future: Recycle Technologies’ Role in Electronic Waste Recycling","E-waste recycling is revolutionized in Anoka County through sustainable practices. This blog highlights the role of Recycle Technologies in e-waste recycling in Anoka County.",wordpress
/the-need-for-recycling-centers-in-rochester-a-green-solution-for-environmental-preservation/,post,KEEP,/the-need-for-recycling-centers-in-rochester-a-green-solution-for-environmental-preservation/,"The Need for Recycling Centers in Rochester: A Green Solution for Environmental Preservation","Are you searching for electronic waste recycling services in Rochester, USA? This blog offers a comprehensive insight into the best e-waste recycling services in Rochester.",wordpress
/reliable-recycling-centers-in-woodbury-an-easy-solution-for-citizens/,post,KEEP,/reliable-recycling-centers-in-woodbury-an-easy-solution-for-citizens/,"Reliable Recycling Centers In WoodBury: An Easy Solution For Citizens","Finding reliable solutions for electronic waste recycling in WoodBury is now a breeze. This blog covers the highlights of reliable e-waste recycling centers in WoodBury.",wordpress
/recycle-technologies-spotlight-electronic-recycling-in-ramsey/,post,KEEP,/recycle-technologies-spotlight-electronic-recycling-in-ramsey/,"Recycle Technologies Spotlight: Electronic Recycling in Ramsey","looking for affordable e-waste recycling in Ramsey? This blog sheds light on Recycle Technologies comprehensive and cost-effective recycling services in Ramsey.",wordpress
/a-review-of-recycle-technologies-services-for-businesses-in-minneapolis/,post,KEEP,/a-review-of-recycle-technologies-services-for-businesses-in-minneapolis/,"A Review of Recycle Technologies Services For Businesses in Minneapolis","Are you in need of reliable electronic waste and ITAD services in Minneapolis? This blog post shares a review of Recycle Technologies as a credible ally for ITAD services in Minneapolis.",wordpress
/recycle-technologies-services-in-hennepin-county-partnering-for-a-greener-future/,post,KEEP,/recycle-technologies-services-in-hennepin-county-partnering-for-a-greener-future/,"Recycle Technologies' Services in Hennepin County: Partnering for a Greener Future","Recycle Technologies is a vital partner in Hennepin County's efforts to promote sustainable waste management practices. Through its comprehensive range of recycling services",wordpress
/from-waste-to-resource-benefits-business-can-reap-from-recycling-centers-in-st-paul/,post,KEEP,/from-waste-to-resource-benefits-business-can-reap-from-recycling-centers-in-st-paul/,"From Waste to Resource: Benefits Business Can Reap From Recycling Centers in St. Paul","If you are searching for a reliable electronic waste recycling center in St. Paul, this blog will guide you through everything you need to know about reliable e-waste recycling services.",wordpress
/recycle-technologies-leading-the-charge-in-sustainable-solutions-for-waukesha/,post,KEEP,/recycle-technologies-leading-the-charge-in-sustainable-solutions-for-waukesha/,"Recycle Technologies Leading the Charge in Sustainable Solutions for Waukesha","We invite every resident and business in Waukesha to join us in this essential mission. By working together, we can transform Waukesha into",wordpress
/recycle-technologies-busts-top-5-battery-recycling-myths-in-appleton/,post,KEEP,/recycle-technologies-busts-top-5-battery-recycling-myths-in-appleton/,"Recycle Technologies Busts Top 5 Battery Recycling Myths In Appleton ","",wordpress
/top-reasons-to-choose-recycle-technologies-for-e-waste-recycling-in-racine/,post,KEEP,/top-reasons-to-choose-recycle-technologies-for-e-waste-recycling-in-racine/,"Top Reasons to Choose Recycle Technologies for E-Waste Recycling in Racine","Are you searching for a trusted e-waste company for paper shredding in Racine? This blog highlights Recycle Technologies as the ideal partner",wordpress
/taking-responsibility-for-sustainability-initiatives-in-green-bay/,post,KEEP,/taking-responsibility-for-sustainability-initiatives-in-green-bay/,"Taking Responsibility for Sustainability Initiatives in Green Bay","Electronic waste recycling centers in Green Bay are taking the lead in sustainable disposal. This blog covers these initiatives.",wordpress
/empower-your-community-with-recycle-technologies-comprehensive-recycling-services-in-milwaukee/,post,KEEP,/empower-your-community-with-recycle-technologies-comprehensive-recycling-services-in-milwaukee/,"Empower Your Community with Recycle Technologies: Comprehensive Recycling Services in Milwaukee","By partnering with Recycle Technologies, Milwaukee can significantly impact the environment and embrace a more sustainable way of life.",wordpress
/recycle-responsibly-your-guide-to-recycle-technologiess-facilities-for-wisconsin-residents/,post,KEEP,/recycle-responsibly-your-guide-to-recycle-technologiess-facilities-for-wisconsin-residents/,"Recycle Responsibly: Your Guide to Recycle Technologies’s Facilities for Wisconsin Residents","In search of reliable bulb recycling services in Wisconsin? You’re in luck, as this blog covers the most comprehensive bulb recycling services for Wisconsin resident",wordpress
/comprehensive-recycling-services-for-businesses-by-recycle-technologies-in-des-moines/,post,KEEP,/comprehensive-recycling-services-for-businesses-by-recycle-technologies-in-des-moines/,"Comprehensive Recycling Services for Businesses by Recycle Technologies in Des Moines","Join the growing number of businesses in Des Moines that are positively impacting the environment with the help of our services.",wordpress
/making-minnesota-greener-how-recycle-technologies-is-promoting-responsible-recycling/,post,KEEP,/making-minnesota-greener-how-recycle-technologies-is-promoting-responsible-recycling/,"Making Minnesota Greener: How Recycle Technologies is Promoting Responsible Recycling","At Recycle Technologies, we are at the vanguard of a movement encouraging appropriate recycling behaviors throughout Minnesota.",wordpress
/effective-it-asset-disposition-strategies/,post,KEEP,/effective-it-asset-disposition-strategies/,"Implementing Effective IT Asset Disposition (ITAD) Strategies for a Seamless Transition ","Responsible IT asset disposition ensures that valuable resources are recovered and recycled, reducing the environmental impact of electronic waste.",wordpress
/the-benefits-of-it-asset-disposition-services-in-the-usa/,post,KEEP,/the-benefits-of-it-asset-disposition-services-in-the-usa/,"Maximizing Value and Security: The Benefits of IT Asset Disposition Services in the USA","Reliable IT asset disposition services are a crucial component of safe ITAD for businesses. This blog focuses on the perks of hiring credible ITAD service providers.",wordpress
/how-to-properly-dispose-of-a-microwave/,post,KEEP,/how-to-properly-dispose-of-a-microwave/,"The Ultimate Guide on How to Properly Dispose of a Microwave","But what do you do with your old microwave? When it breaks, do you dispose of a microwave or get a new one? Throwing it away isn't the best option.",wordpress
/how-to-get-rid-of-a-microwave/,post,KEEP,/how-to-get-rid-of-a-microwave/,"Effortless Solution: How To Get Rid of A Microwave","If you find yourself in a situation where you are looking for “How To Get Rid of A Microwave”, it's important to do so in an environmentally friendly and responsible manner.",wordpress
/pros-of-recycling-ways-to-build-a-greener-tomorrow/,post,KEEP,/pros-of-recycling-ways-to-build-a-greener-tomorrow/,"Pros of Recycling: Ways to Build a Greener Tomorrow ","When experts talk about the pros of recycling, they are mostly talking about the cyclic impact of recycling on our lifestyles and environment.",wordpress
/6-reasons-of-microwave-recycling/,post,KEEP,/6-reasons-of-microwave-recycling/,"Go Green: 6 Reasons of Microwave Recycling","Remember the reasons for microwave recycling because by recycling these appliances, we can conserve natural resources, reduce electronic waste, and minimize pollution.",wordpress
/tesla-wall-battery-recycling-unveiled-on-2024-earth-day/,post,KEEP,/tesla-wall-battery-recycling-unveiled-on-2024-earth-day/,"Tesla Wall Battery Recycling Unveiled On 2025 Earth Day","Tesla, a pioneer in electric vehicles and renewable energy solutions, has taken a major step towards sustainability with its innovative Tesla Wall Battery.",wordpress
/mac-recycle-program-to-sustain-the-earth-on-this-earth-day/,post,KEEP,/mac-recycle-program-to-sustain-the-earth-on-this-earth-day/,"Close the Loop: Mac Recycle Program To Sustain the Earth On This Earth Day","On this Earth Day, this Mac Recycle Program is designed to address the specific needs of Mac users, providing a convenient and environmentally friendly solution for disposing of their old devices.",wordpress
/unveiling-the-impact-of-human-environment-interaction-on-recycling-e-waste/,post,KEEP,/unveiling-the-impact-of-human-environment-interaction-on-recycling-e-waste/,"Unveiling the Impact of Human-Environment Interaction on Recycling E-Waste","human environment interaction is an often overlooked aspect of e-waste recycling. This blog post explores the depths of this interaction with a focus on e-waste recycling.",wordpress
/old-computer-monitor-recycling-on-earth-day/,post,KEEP,/old-computer-monitor-recycling-on-earth-day/,"The Ultimate Guide to Old Computer Monitor Recycling on Earth Day","Old Computer Monitor Recycling is not just a post-Earth Day resolution but a crucial step toward addressing the throw-away mentality that impacts our environment severely.",wordpress
/usa-recycling-paves-the-way-for-a-greener-future-on-earth-day-2024/,post,KEEP,/usa-recycling-paves-the-way-for-a-greener-future-on-earth-day-2024/,"USA Recycling Paves the Way for a Greener Future on Earth Day 2024","The rapid advancements in technology have, however, led to an issue - electronic waste. In celebration of Earth Day, we must emphasize the importance of recycling e-waste.",wordpress
/recycle-and-repurpose-your-old-phone-on-this-earth-day/,post,KEEP,/recycle-and-repurpose-your-old-phone-on-this-earth-day/,"What to do With Old Cell Phones: Discover the Best Ways to Recycle and Repurpose This Earth Day","wondering what to do with old cell phones? This blog post sheds light on creative ways you can recycle and repurpose your old cell phones on this Earth Day.",wordpress
/tesla-powerwall-recycling-on-earth-day/,post,KEEP,/tesla-powerwall-recycling-on-earth-day/,"Sustainable Future: Tesla Powerwall Recycling on Earth Day 2024","Join the movement for a sustainable future with Tesla Powerwall recycling on Earth Day 2024. Let us recognize the importance of sustainable energy solutions and the role that recycling plays in achieving a greener future.",wordpress
/cathode-ray-tube-tv-recycling-on-this-earth-day/,post,KEEP,/cathode-ray-tube-tv-recycling-on-this-earth-day/,"A Comprehensive Guide to Cathode Ray Tube TV Recycling On This Earth Day","These Cathode Ray Tube (CRT) televisions aren't just a blast from the past; they're considered hazardous waste due to the lead in their funnel glass.",wordpress
/options-beyond-best-buy-recycling-electronics-services/,post,KEEP,/options-beyond-best-buy-recycling-electronics-services/,"Exploring Sustainable Options Beyond Best Buy Recycling Electronics Services  ","Even more interesting is the fact that Best Buy recycling electronics services have become almost synonymous with e-waste recycling in the USA.",wordpress
/unveiling-the-hidden-side-the-disadvantages-of-recycling-explained/,post,KEEP,/unveiling-the-hidden-side-the-disadvantages-of-recycling-explained/,"Unveiling the Hidden Side: The Disadvantages of Recycling Explained ","Recycling has become a widely recognized practice today, and to claim there are some issues and disadvantages of recycling can be a bold statement to make.",wordpress
/how-do-you-recycle-old-computers/,post,KEEP,/how-do-you-recycle-old-computers/,"Cracking the Code: A Guide on How to Recycle Old Computers","Are you looking for ways to recycle old computers? This blog breaks down ways to recycle computers and why it's important.",wordpress
/how-to-properly-dispose-of-light-bulbs/,post,KEEP,/how-to-properly-dispose-of-light-bulbs/,"The Ultimate Guide: How to Properly Dispose of Light Bulbs","Ever wondered what to do with that burnt-out bulb collecting dust in your lamp? Tossing it in the trash might seem convenient, but it's not the most eco-friendly solution.",wordpress
/solutions-for-old-tvs-recycling/,post,KEEP,/solutions-for-old-tvs-recycling/,"Reviving the Past: Sustainable Solutions For Old TV's Recycling","By old tv's recycling and reusing their components, we can save energy and reduce greenhouse gas emissions associated with the production of new devices.",wordpress
/disadvantages-of-recycling-an-in-depth-overview-of-e-waste-recycling-challenges/,post,KEEP,/disadvantages-of-recycling-an-in-depth-overview-of-e-waste-recycling-challenges/,"Disadvantages of Recycling: An In-depth Overview of E-Waste Recycling Challenges","Before we get into the disadvantages of recycling e-waste, it's crucial to understand what e-waste is. Electronic waste, or e-waste, refers to discarded electronic or electrical equipment.",wordpress
/health-benefits-of-e-waste-recycling/,post,KEEP,/health-benefits-of-e-waste-recycling/,"Healthy Planet, Healthy You: Exploring the Health Benefits of E-Waste Recycling","Explore how embracing responsible recycling habits can improve the environment and human health. This blog discovers the numerous benefits of recycling e-waste.",wordpress
/common-mistakes-when-recycling-old-laptops/,post,KEEP,/common-mistakes-when-recycling-old-laptops/,"4 Common Mistakes When Recycling Old Laptops and How to Avoid Them","It is common to make mistakes when recycling old laptops. This article points out 4 frequent mistakes while disposing of old laptops and how to avoid them.",wordpress
/lithium-ion-battery-disposal/,post,KEEP,/lithium-ion-battery-disposal/,"Strategies for Safe Lithium-ion Battery Disposal To Prevent Fires ","Are you looking for safe ways for lithium-ion battery disposal? This article will help you find responsible ways to do so.",wordpress
/managing-waste-how-to-recycle-christmas-lights-irrespective-of-condition/,post,KEEP,/managing-waste-how-to-recycle-christmas-lights-irrespective-of-condition/,"Managing Waste: How to Recycle Christmas Lights Irrespective of Condition","You just bought new lights for your Christmas tree, but don't know what to do with the old ones? See how to reuse and recycle Christmas lights.",wordpress
/environmentally-conscious-your-guide-to-microwave-recycling-near-you/,post,KEEP,/environmentally-conscious-your-guide-to-microwave-recycling-near-you/,"Environmentally Conscious: Your Guide to Microwave Recycling Near me","-waste, including microwaves, constitutes the fastest-growing type of municipal waste, yet only 15% of appliances get recycled in America 1. While your local neighborhood may offer ""microwave recycling near me""",wordpress
/what-to-do-with-old-phones-for-a-greener-future/,post,KEEP,/what-to-do-with-old-phones-for-a-greener-future/,"Unlocking the Potential: What to Do with Old Phones for a Greener Future ","Are you wondering what to do with old phones? This blog highlights the eco-friendly ways you can adopt to responsibly get rid of your phone.",wordpress
/earth-day-secure-hard-drive-destruction/,post,KEEP,/earth-day-secure-hard-drive-destruction/,"Earth Day Spot Light: Sustainable Solutions through Secure Hard Drive Destruction ","Looking for secure hard drive destruction services in the electronic recycling industry?This article discusses the process and reliable shredding service providers.",wordpress
/all-you-need-to-know-about-batteries-recycling-in-2024/,post,KEEP,/all-you-need-to-know-about-batteries-recycling-in-2024/,"All You Need to Know About Batteries Recycling in 2025","Are you confused about the ins and outs of batteries recycling? This blog scans the details of how you can recycle batteries with ease and promote sustainability.",wordpress
/top-five-benefits-of-recycling-e-waste-using-recycling-kits/,post,KEEP,/top-five-benefits-of-recycling-e-waste-using-recycling-kits/,"Top Five Benefits of Recycling E-Waste Using Recycling Kits  ","Are you confused about the merits of e-waste recycling? This blog explores the key benefits of electronic recycling using recycling kits.",wordpress
/electronic-waste-recycling-greener-planet-secure-data/,post,KEEP,/electronic-waste-recycling-greener-planet-secure-data/,"Electronic Waste Recycling: Greener Planet, Secure Data ","Worried about data theft through electronic waste recycling? Read on as we explore the link between e-waste & data breaches and best practices for data security",wordpress
/everything-you-need-to-know-about-e-waste-recycling-in-2024/,post,KEEP,/everything-you-need-to-know-about-e-waste-recycling-in-2024/,"Everything You Need to Know About E- Waste Recycling in 2025","Want to find out how you can dispose of your e-waste more responsibly? This blog covers the intricacies of e-waste recycling to answer all your questions.",wordpress
/what-to-do-with-old-phones/,post,KEEP,/what-to-do-with-old-phones/,"Unlocking the Potential: What to Do with Old Phones for a Greener Future ","Are you wondering what to do with old phones? This blog highlights the eco-friendly ways you can adopt to responsibly get rid of your phone.",wordpress
/global-recycling-day/,post,KEEP,/global-recycling-day/,"Global Recycling Day: Effective Ideas for a Greener Planet","Looking for efficient ideas to participate in Global Recycling Day? Our round-up of productive ideas for a cleaner planet will help you make a positive impact.",wordpress
/electronic-recycle-provides-environmental-opportunities/,post,KEEP,/electronic-recycle-provides-environmental-opportunities/,"Electronic Recycle Provides Environmental Opportunities","The never-ending need for electronic equipment is generating the world’s fastest-growing waste stream, causing the need for improved, simplified electronics recycling methods.",wordpress
/e-scrap-processor-charged-with-illegal-dumping/,post,KEEP,/e-scrap-processor-charged-with-illegal-dumping/,"E-scrap processor charged with illegal dumping","E-scrap Processor Charged With Illegal Dumping | Recycle Technologies By Jake Thomas, Resource Recycling.",wordpress
/sham-lighting-recyclers-are-you-at-risk/,post,KEEP,/sham-lighting-recyclers-are-you-at-risk/,"Sham Lighting Recyclers – Are You At Risk","Where do you send your used mercury-containing lamps when they leave your building? If your answer involves a recycling facility, you’re ahead of the curve",wordpress
/epa-enforcement-action-in-chicago-sham-recycling-alleged/,post,KEEP,/epa-enforcement-action-in-chicago-sham-recycling-alleged/,"EPA Enforcement Action in Chicago! Sham recycling alleged.","The ALMR and its members take regulatory compliance seriously. Unfortunately, from time to time we hear about mismanagement and fraud in our industry and it",wordpress
/reduce-reuse-recycle-re-examine/,post,KEEP,/reduce-reuse-recycle-re-examine/,"Reduce, Reuse, Recycle… Re-examine","Earth Day month gets us thinking differently about the way we do things, Reduce, Reuse, Recycle... Re-examine? | Recycle Technologies",wordpress
/happy-40th-anniversary-earth-day/,post,KEEP,/happy-40th-anniversary-earth-day/,"HAPPY 40TH ANNIVERSARY, EARTH DAY","Now, where do you stand on the next 40 years of environmental awareness? HAPPY 40TH ANNIVERSARY, EARTH DAY!",wordpress
/document-destruction-services-and-its-importance-in-todays-world/,post,KEEP,/document-destruction-services-and-its-importance-in-todays-world/,"Document Destruction Services And Its Importance in Today’s World","Document Destruction Services have a major significance in the isolating world that we live in now. Check out this link on how your documents are properly disposed.",wordpress
/year-in-review-2023-e-waste-recycling-news-that-amazed-us-part-4/,post,KEEP,/year-in-review-2023-e-waste-recycling-news-that-amazed-us-part-4/,"Year in Review 2023: E-waste Recycling News that Amazed Us (Part 4 of 4)","Discover the latest in e-waste recycling from 2023. Explore notable efforts to streamline processes and reduce environmental impact. Year in Review 2023: Part 4.",wordpress
/tackling-the-haphazardness-of-mercury-with-mercury-recycling-kits/,post,KEEP,/tackling-the-haphazardness-of-mercury-with-mercury-recycling-kits/,"Tackling The Haphazardness of Mercury with Mercury Recycling Kits","Mercury Recycling Kits allow people to pack up their mercury devices in a secure container and drop it at the nearest FedEx without anything else.",wordpress
/making-recycling-easier-with-recycling-kits-this-christmas/,post,KEEP,/making-recycling-easier-with-recycling-kits-this-christmas/,"Making Recycling Easier with Recycling Kits this Christmas","This Christmas Season recycle your old electronics and materials without the need to search for nearest recycling centers through our diverse Recycling Kits.",wordpress
/year-in-review-2023-e-waste-recycling-news-that-amazed-us-part-3-of-4/,post,KEEP,/year-in-review-2023-e-waste-recycling-news-that-amazed-us-part-3-of-4/,"Year in Review 2023: E-waste Recycling News that Amazed Us (Part 3 of 4)","Explore 2023's groundbreaking e-waste recycling efforts & innovations, including upcycling e-waste into Formula E cars and using robotic arms for efficient sorting.",wordpress
/why-does-the-future-of-electronic-waste-disposal-rest-on-our-shoulders/,post,KEEP,/why-does-the-future-of-electronic-waste-disposal-rest-on-our-shoulders/,"Why Does The Future of Electronic Waste Disposal Rest on our Shoulders?","Electronic waste will soon become a waste steam we have no control over. It will contaminate our rivers and make our lives miserable.",wordpress
/the-importance-of-air-conditioner-disposal-and-its-effects/,post,KEEP,/the-importance-of-air-conditioner-disposal-and-its-effects/,"The importance of Air Conditioner Disposal and its Effects","Air Conditioner Disposal is gradually gaining popularity as the need for air conditioners is rising. Click here to find out its impact on the environment.",wordpress
/why-chemical-recycling-is-a-bad-call-for-resolving-our-electronic-waste-problem/,post,KEEP,/why-chemical-recycling-is-a-bad-call-for-resolving-our-electronic-waste-problem/,"Why Chemical Recycling is a Bad Call For Resolving Our Electronic Waste Problem?","We need to create electronic waste management policies that are beneficial to us and the environment. Learn why chemical recycling will bring more harm than good.",wordpress
/year-in-review-2023-e-waste-recycling-news-that-amazed-us-part-2-of-4/,post,KEEP,/year-in-review-2023-e-waste-recycling-news-that-amazed-us-part-2-of-4/,"Year in Review 2023: E-waste Recycling News that Amazed Us (Part 2 of 4)","Stay updated about e-waste recycling news with Recycle Technologies’ year in review. Explore innovative solutions for a sustainable future on our website today!",wordpress
/why-does-battery-recycling-matter-more/,post,KEEP,/why-does-battery-recycling-matter-more/,"Why Does Battery Recycling Matter More As We Move Toward EV Batteries?","Battery recycling has become more prominent than ever as we require a national battery recycling plan for growing battery disposal.",wordpress
/why-do-you-need-smoke-detector-kits-for-proper-disposal/,post,KEEP,/why-do-you-need-smoke-detector-kits-for-proper-disposal/,"Why Do You Need Smoke Detector Kits for Proper Disposal","What makes the need Recycle Technologies’ Smoke Detector Kits? Click here to read more about smoke detectors and their importance.",wordpress
/year-in-review-2023-e-waste-recycling-news-that-amazed-us/,post,KEEP,/year-in-review-2023-e-waste-recycling-news-that-amazed-us/,"Year in Review 2023: E-waste Recycling News that Amazed Us (Part 1 of 4) ","Stay updated about e-waste recycling news with Recycle Technologies’ year in review. Explore innovative solutions for a sustainable future on our website today!",wordpress
/e-waste-recycling-news-you-may-have-missed-november-edition/,post,KEEP,/e-waste-recycling-news-you-may-have-missed-november-edition/,"E-waste Recycling News You May Have Missed: November Edition","Dive into the latest news in e-waste recycling! Innovations, trends, and solutions shaping a sustainable future. Reduce, Reuse, Repurpose.",wordpress
/fluorescent-tube-disposal-kits-through-mail-in-recycling-service/,post,KEEP,/fluorescent-tube-disposal-kits-through-mail-in-recycling-service/,"Fluorescent Tube Disposal Kits through Mail-in Recycling Service","Fluorescent Tube Disposal with Recycle Technologies’ Mail-in Recycling Kits give you the benefit of recycling through the comfort of your own home.",wordpress
/unveiling-the-willingness-for-electronic-recycling-to-adopt-a-sustainable-approach/,post,KEEP,/unveiling-the-willingness-for-electronic-recycling-to-adopt-a-sustainable-approach/,"Unveiling the Willingness For Electronic Recycling To Adopt a Sustainable Approach","Electronic recycling has gained importance as e-waste piled up in the backyard. RTI facility can handle end-of-life electronics from collection to recycling and till safe disposal.",wordpress
/document-destruction-services-and-its-importance-in-todays-world-2/,post,KEEP,/document-destruction-services-and-its-importance-in-todays-world-2/,"Document Destruction Services And Its Importance in Today’s World","Ensure privacy with Recycle Technologies' document destruction services and its importance in today’s world in Minnesota & Wisconsin. Secure, reliable, & compliant.",wordpress
/this-thanksgiving-choose-recycle-technologies-to-dispose-your-electronic-waste/,post,KEEP,/this-thanksgiving-choose-recycle-technologies-to-dispose-your-electronic-waste/,"This Thanksgiving, Choose Recycle Technologies to Dispose Your Electronic Waste","Discover eco-friendly solutions with Recycle Technologies’ electronic waste disposal measures. Dive into our planet-friendly approach.",wordpress
/innovative-ways-our-light-bulb-recycling-kit-can-refine-sustainability/,post,KEEP,/innovative-ways-our-light-bulb-recycling-kit-can-refine-sustainability/,"Innovative Ways Our Light Bulb Recycling Kit Can Refine Sustainability","Go green with our Recycle Technologies light bulb recycling kits. Safely dispose of bulbs in an effortless way. Shop now!",wordpress
/appliance-recycling-for-the-humidifiers-and-purifiers-a-like/,post,KEEP,/appliance-recycling-for-the-humidifiers-and-purifiers-a-like/,"Appliance Recycling For The Humidifiers And Purifiers alike","Appliance recycling helps correct the way of nature which was overturned when purifiers were thrown away in the garbage.",wordpress
/waste-not-want-not-the-electronic-waste-dilemma-and-how-to-reduce-it/,post,KEEP,/waste-not-want-not-the-electronic-waste-dilemma-and-how-to-reduce-it/,"Waste Not Want Not The Electronic Waste Dilemma and how to reduce it","Electronic waste is the worst waste stream. There is something we can agree upon. But you are not doing anything about it.",wordpress
/celebrating-america-recycles-day-2023/,post,KEEP,/celebrating-america-recycles-day-2023/,"Celebrating America Recycles Day 2023","Thanks to the Celebrate America Recycles Day on 15th of November, we now have a day dedicated to promoting recycling practices in its true essence.",wordpress
/designing-the-best-sustainable-future-for-dryer-recycling/,post,KEEP,/designing-the-best-sustainable-future-for-dryer-recycling/,"Designing the Best Sustainable Future for Dryer Recycling","Discover Recycle Technologies’ eco-friendly dryer recycling. Transform old and bulky appliances into resources to reduce waste. Start your sustainable journey now!",wordpress
/how-has-ev-battery-recycling-progressed-over-the-years/,post,KEEP,/how-has-ev-battery-recycling-progressed-over-the-years/,"How Has EV Battery Recycling Progressed Over The Years","EV Battery Recycling wasn’t a legal necessity a few years ago but that has all changed with the obvious shift to electric vehicles.",wordpress
/computer-recycling-near-me-quality-it-asset-disposal/,post,KEEP,/computer-recycling-near-me-quality-it-asset-disposal/,"“Computer Recycling Near Me”: Quality IT Asset Disposal with Recycle Technologies","Experience premier computer recycling near me for secure, sustainable IT disposal. Explore eco-friendly solutions with Recycle Technologies today!",wordpress
/what-happens-to-keyboards-during-electronic-scrap-recycling/,post,KEEP,/what-happens-to-keyboards-during-electronic-scrap-recycling/,"What Happens To keyboards During Electronic Scrap Recycling?","Electronic scrap recycling is a proper way to deal with scrap that follows no proper waste stream. Learn what happens to keyboard when they go through the electronic scrap process.",wordpress
/why-are-recycle-laptops-gaining-global-attention-to-reduce-energy-intensive-production/,post,KEEP,/why-are-recycle-laptops-gaining-global-attention-to-reduce-energy-intensive-production/,"Why Are Recycle Laptops Gaining Global Attention To Reduce Energy-Intensive Production?","Recycle laptops in USA minimize the impact of carbon emissions. Recycling Technologies is the most reliable recycling facility for your old laptops.",wordpress
/can-proper-electronic-disposal-help-us-reduce-our-carbon-footprint/,post,KEEP,/can-proper-electronic-disposal-help-us-reduce-our-carbon-footprint/,"Can Proper Electronic Disposal Help Us Reduce Our Carbon Footprint","Safe electronic disposal is the growing requirement of the hour with changing technology. Recycle Technologies can help you dispose of electronic waste. Click here to learn how we can achieve that together.",wordpress
/e-waste-recycling-news-you-may-have-missed-october-edition/,post,KEEP,/e-waste-recycling-news-you-may-have-missed-october-edition/,"E-waste Recycling News You May Have Missed October Edition","Stay updated with Recycle Technologies’ monthly e-waste recycling news pieces. Explore innovative solutions for a sustainable future on our website today!",wordpress
/why-is-tv-recycling-preferable-choice-to-minimize-ecological-footprint/,post,KEEP,/why-is-tv-recycling-preferable-choice-to-minimize-ecological-footprint/,"Why is TV Recycling Preferable Choice To Minimize Ecological Footprint","TV Recycling near me helps you to minimize the toxic impacts of heavy metals. Recycle Technologies is committed to the safe disposal of old or broken TV sets.",wordpress
/phase-out-your-fluorescent-light-bulbs-with-recycle-technologies/,post,KEEP,/phase-out-your-fluorescent-light-bulbs-with-recycle-technologies/,"A New Era: Phase Out Your Fluorescent Light Bulbs with Recycle Technologies","Discover how to safely recycle fluorescent light bulbs with Recycling Technologies, reducing environmental harm. A step towards eco-friendly living",wordpress
/declutter-your-home-get-rid-of-large-junk-items-with-recycle-technologies/,post,KEEP,/declutter-your-home-get-rid-of-large-junk-items-with-recycle-technologies/,"Declutter your home: Get rid of Large Junk items with Recycle Technologies","Large Junk items are hoarding space in your homes. Disposing of them is the only way to reclaim space and protect your life. Learn how you can do that with Recycle Technologies.",wordpress
/hard-drive-shredding-3-ways-it-helps-with-it-asset-disposition/,post,KEEP,/hard-drive-shredding-3-ways-it-helps-with-it-asset-disposition/,"Hard Drive Shredding 3 Ways It Helps with IT Asset Disposition","Protect your data with our advanced hard drive shredding services. Safeguard your privacy, secure disposal now!",wordpress
/what-to-do-with-a-dead-graphic-card-should-i-recycle-it-or-not/,post,KEEP,/what-to-do-with-a-dead-graphic-card-should-i-recycle-it-or-not/,"What To Do With a Dead Graphic Card, Should I Recycle It or Not?","Recycling your dead graphic card is the only way to stop those nightmares about it dying. Learn how Recycle Technologies help you overcome your fears but recycling electronic waste properly.",wordpress
/why-cobalt-and-lithium-crucial-for-battery-recycling/,post,KEEP,/why-cobalt-and-lithium-crucial-for-battery-recycling/,"Why Are Cobalt And Lithium Crucial For Sustainability?","Discover Recycle Technologies’ efforts to bring sustainable EV battery and Li-ion battery recycling processes for a better future.",wordpress
/what-to-do-with-your-old-printers-and-scanners/,post,KEEP,/what-to-do-with-your-old-printers-and-scanners/,"What To Do With Your Old Printers And Scanners?","Printers and Scanners that are faulty or no longer possible to use are eventually dumped in scrap yards. Recycle Technologies is your way out.",wordpress
/non-pcb-ballasts-illuminating-a-guaranteed-path-to-sustainable-recycling/,post,KEEP,/non-pcb-ballasts-illuminating-a-guaranteed-path-to-sustainable-recycling/,"NON-PCB Ballasts Illuminating A Guaranteed Path to Sustainable Recycling","Boost sustainability with our light ballasts recycling services. Reduce waste and protect the environment while saving money. Choose a greener economy",wordpress
/what-is-the-importance-of-cpu-in-computer-recycling/,post,KEEP,/what-is-the-importance-of-cpu-in-computer-recycling/,"What is the Importance of CPU in Computer Recycling?","How is CPU recycling important when considering the complete process of Computer Recycling? What makes CPU unique?",wordpress
/how-to-lessen-our-carbon-footprint-with-electronic-waste-recycling/,post,KEEP,/how-to-lessen-our-carbon-footprint-with-electronic-waste-recycling/,"How To Lessen Our Carbon Footprint With Electronic Waste Recycling?","Our Carbon Footprint is at an all-time high. We are recycling less and consuming more. Learn how we can reduce our carbon footprint by recycling electronic waste.",wordpress
/5-misconceptions-concerning-certified-data-destruction-services/,post,KEEP,/5-misconceptions-concerning-certified-data-destruction-services/,"5 Most Unusual Misconceptions Concerning Certified Data Destruction Services","Secure your data with Recycle Technologies' certified data destruction services. Reliable, safe, and compliant with industry standards.",wordpress
/how-did-we-get-paper-shredding-so-wrong-can-we-make-it-better/,post,KEEP,/how-did-we-get-paper-shredding-so-wrong-can-we-make-it-better/,"How Did We Get Paper Shredding So Wrong? Can We Make It Better?","Life may not owe us a shred, but that is certainly not true with paper shredding services. We owe much to this planet.",wordpress
/how-recycle-technologies-reduces-of-electronic-waste/,post,KEEP,/how-recycle-technologies-reduces-of-electronic-waste/,"How Recycle Technologies Reduces Electronic Waste?","Electronic waste causes adverse impacts on health and the environment. Recycling Technologies gives an opportunity to recycle e-waste",wordpress
/how-to-reduce-liability-with-certified-itad-services/,post,KEEP,/how-to-reduce-liability-with-certified-itad-services/,"How To Reclaim Resources With Certified ITAD Services","You can now recycle the ITAD (servers) and retrieve the critical data from your electronics instead of dumping them in the Scrapyard.",wordpress
/why-recycling-batteries-is-important-if-we-want-to-reduce-our-carbon-footprint/,post,KEEP,/why-recycling-batteries-is-important-if-we-want-to-reduce-our-carbon-footprint/,"Why Recycling batteries is important if we want to reduce our carbon footprint?","Recycling Batteries such as lithium-ion helps in resource conservation. Learn how Recycle technologies is making a difference.",wordpress
/news-you-missed-for-e-waste-recycling-september-edition/,post,KEEP,/news-you-missed-for-e-waste-recycling-september-edition/,"News you missed for E-waste Recycling: September Edition","Learn what news you might have missed for e-waste recycling in September 2023. Recycle Technologies is the premier location for recycling news.",wordpress
/monitor-recycling-pt-1-why-is-it-hard-to-recycle-old-monitors/,post,KEEP,/monitor-recycling-pt-1-why-is-it-hard-to-recycle-old-monitors/,"Monitor Recycling Pt 1 Why is it hard to recycle old monitors","Monitor Recycling is the only way to reclaim rare metals present in old electronics. Learn why old monitors are a treasure trove for rare elements.",wordpress
/apple-lightning-cables-what-it-means-for-recycling/,post,KEEP,/apple-lightning-cables-what-it-means-for-recycling/,"Gone Are Apple Lightning Charging Cables: What It Means For Recycling?","Turn your old Apple Lightning cables into something good! Explore our e-waste recycling program & help save the environment!",wordpress
/why-are-microwave-ovens-the-focus-of-electronic-waste/,post,KEEP,/why-are-microwave-ovens-the-focus-of-electronic-waste/,"Why Are Microwave Ovens The Focus of Electronic Waste","Electronic Waste is ever increasing. It is plaguing our landfills and soon it will be overwhelming our home.",wordpress
/how-lamp-recycling-will-help-reduce-carbon-emissions-and-e-waste/,post,KEEP,/how-lamp-recycling-will-help-reduce-carbon-emissions-and-e-waste/,"How Lamp Recycling Will Help Reduce Carbon Emissions and E-Waste","Lamp Recycling is the only way to reduce mercury exposure to you and your surrounds. Learn how Recycle Technologies is to help business",wordpress
/circular-economy-is-laptop-recycling-the-ultimate-answer/,post,KEEP,/circular-economy-is-laptop-recycling-the-ultimate-answer/,"Achieving Circular Economy: Is Laptop Recycling the Ultimate Answer?","Use Recycle Technologies’ laptop recycling and e-waste management services. Embrace the circular economy today and make a positive impact.",wordpress
/why-electronic-waste-disposal-is-the-culprit-for-growing-e-waste/,post,KEEP,/why-electronic-waste-disposal-is-the-culprit-for-growing-e-waste/,"Why electronic waste disposal is the culprit for growing e-waste","Electronic waste disposal is important as it helps reduce carbon emissions once we start recycling e-waste.",wordpress
/why-recycle-technologies-is-best-for-tesla-battery-recycling/,post,KEEP,/why-recycle-technologies-is-best-for-tesla-battery-recycling/,"Why Recycle Technologies Is The Best Choice for Tesla Battery Recycling","Tesla Battery Recycling has become easier to recycle at your Recycle Technologies facilities. Bring your spent batteries and we will dispose of them responsibly.",wordpress
/how-important-is-the-future-of-ev-battery-recycling/,post,KEEP,/how-important-is-the-future-of-ev-battery-recycling/,"How Important is the Future of EV Battery Recycling?","Explore innovative solutions for EV battery recycling. Achieve a sustainable future with Recycle Technologies’ recycling programs.",wordpress
/why-recycling-electronic-waste-is-our-last-golden-opportunity/,post,KEEP,/why-recycling-electronic-waste-is-our-last-golden-opportunity/,"Why Recycling Electronic Waste is Our Last Golden Opportunity","Electronic waste will one day overwhelm us, and we will have a challenging time disposing of it. With recycling you at least have a way forward.",wordpress
/why-your-choice-of-recycling-center-vital/,post,KEEP,/why-your-choice-of-recycling-center-vital/,"Why is Your Choice of Recycling Center Vital?","Discover Recycle Technologies, the best recycling center in Milwaukee. Your go-to recycling center for sustainable solutions.",wordpress
/e-waste-recycling-why-do-monitor-recycling-how-it-helps/,post,KEEP,/e-waste-recycling-why-do-monitor-recycling-how-it-helps/,"E-waste Recycling: Why do monitor recycling ?How it helps?","Monitor recycling is a good way to get rid of the e-waste that is plaguing your space. With Recycle Technologies to do just that and more.",wordpress
/e-waste-recycling-whats-next/,post,KEEP,/e-waste-recycling-whats-next/,"E-Waste Recycling: What's Next?","Social responsibility of business affects all and having recycling policies in place to protect the environment can benefit you. Click here to learn more.",wordpress
/lithium-battery-recycling-in-wisconsin-is-this-the-new-normal/,post,KEEP,/lithium-battery-recycling-in-wisconsin-is-this-the-new-normal/,"Lithium Battery Recycling in Wisconsin. Is this the new Normal?","Lithium battery recycling is the future if we want to stay ahead of e-waste overwhelming us. With Recycle Technologies we can help you",wordpress
/why-choose-recycle-technologies-for-your-laptop-recycling-in-wisconsin/,post,KEEP,/why-choose-recycle-technologies-for-your-laptop-recycling-in-wisconsin/,"Why choose Recycle Technologies for your laptop recycling in Wisconsin?","Laptop recycling is the only way to dispose of laptops properly. With Recycle Technologies you can easily recycle your electronics.",wordpress
/why-does-recycle-technologies-offer-the-best-lamp-recycling-in-minnesota/,post,KEEP,/why-does-recycle-technologies-offer-the-best-lamp-recycling-in-minnesota/,"Why Does Recycle Technologies Offer The Best Lamp Recycling in Minnesota?","Experience eco-friendly Recycle Technologies’ lamp recycling services. Protect the environment while disposing of your used lamps efficiently.",wordpress
/why-e-waste-recycling-is-the-only-solution-to-this-toxic-crisis/,post,KEEP,/why-e-waste-recycling-is-the-only-solution-to-this-toxic-crisis/,"Why E-waste Recycling Is the Only Solution to this Toxic Crisis?","Discover e-waste recycling services at Recycle Technologies. Get rid of your electronic waste and contribute to a sustainable future today!",wordpress
/why-it-is-illegal-to-throw-away-electronics-why-does-electronics-recycling-matter/,post,KEEP,/why-it-is-illegal-to-throw-away-electronics-why-does-electronics-recycling-matter/,"Why It Is Illegal To Throw Away Electronics? Why does Electronics Recycling matter?","Discover RTI's electronics recycling services. Responsible, efficient & eco-friendly solutions for all your e-waste disposal.",wordpress
/battery-recycling-in-bloomington-minnesota/,post,KEEP,/battery-recycling-in-bloomington-minnesota/,"Battery Recycling in Bloomington, Minnesota","Battery recycling in Bloomington, Minnesota has become easier than ever! Learn more about proper battery recycling and disposal practices",wordpress
/why-there-is-a-need-for-better-strategies-for-e-waste-recycling/,post,KEEP,/why-there-is-a-need-for-better-strategies-for-e-waste-recycling/,"Why There Is A Need for Better Strategies for E-waste Recycling","Explore innovative E-waste Recycling strategies for a sustainable future. Learn tips and tricks to effectively manage electronic waste. Go green now!",wordpress
/why-e-waste-recycling-in-minnesota-is-in-a-tailspin/,post,KEEP,/why-e-waste-recycling-in-minnesota-is-in-a-tailspin/,"Why E-Waste Recycling in Minnesota is in a Tailspin?","E-waste recycling in Minnesota is a big issue. More than $2.1 billion of e-waste is either in landfills or not recycled. To learn more, click here.",wordpress
/how-to-find-certified-computer-recycling-near-me/,post,KEEP,/how-to-find-certified-computer-recycling-near-me/,"How to Find Certified Computer Recycling Near Me?","Secure and eco-friendly solution for your old or obsolete computers. Computer Recycling near me search helps you find the nearest certified recycler. To learn more click here.",wordpress
/battery-recycling-is-a-dilemma-and-why-should-we-be-serious-about-it/,post,KEEP,/battery-recycling-is-a-dilemma-and-why-should-we-be-serious-about-it/,"Battery Recycling is a dilemma and why should we be serious about it?","Battery recycling should be taken seriously. Alkaline batteries must be recycled pronto. Learn how RTI does the obvious by clicking here.",wordpress
/the-environmental-benefits-of-car-battery-recycling/,post,KEEP,/the-environmental-benefits-of-car-battery-recycling/,"The Environmental Benefits of Car Battery Recycling: Why You Should Consider It","Car Battery Recycling is an essential part of the solution to our environmental problems. Find out why it matters and how to make a difference.",wordpress
/why-reduce-reuse-recycle-is-more-relevant-now-than-before/,post,KEEP,/why-reduce-reuse-recycle-is-more-relevant-now-than-before/,"Why Reduce Reuse Recycle is More Relevant Now Than Before?","With the rising amount of e-waste, reduce reuse recycle has become more relevant . Click here to learn how RTI helps lessen e-waste with recycling.",wordpress
/how-e-waste-recycling-create-opportunities/,post,KEEP,/how-e-waste-recycling-create-opportunities/,"How E-waste Recycling Creates Opportunities for you?","E-waste recycling is the future if you want to survive. This article focuses on how to properly dispose of e-waste will help us.",wordpress
/which-is-the-best-tv-recycling-near-me/,post,KEEP,/which-is-the-best-tv-recycling-near-me/,"Which is the Best TV Recycling Near Me?","Recycle Technologies is a premier recycler when it comes to TV recycling. This article focuses on the the best TV recycling near me",wordpress
/why-is-rti-the-best-ballast-recycling-company/,post,KEEP,/why-is-rti-the-best-ballast-recycling-company/,"Why Is RTI the Best Ballast Recycling Company?","Recycle Technologies provides innovative and Eco-friendly ballast recycling services to help reduce your environmental footprint. Learn more today!",wordpress
/are-there-any-electronics-recycling-near-me/,post,KEEP,/are-there-any-electronics-recycling-near-me/,"What To Do With Old Electronics? Are There Any Electronics Recycling Near Me?","E-waste is hazardous waste. Electronic recycling is the only way to reduce e-waste. This article resolves the query are electronics recycling near me.",wordpress
/hard-drive-disposal-in-anoka-county/,post,KEEP,/hard-drive-disposal-in-anoka-county/,"Hard Drive Disposal in Anoka County","We offer secure hard drive disposal in Anoka County. Our proven methods ensure data on hard drives is irretrievable. Contact us today...",wordpress
/why-r2-certification-matters/,post,KEEP,/why-r2-certification-matters/,"Why R2 Certification matters ?Why Choosing a Certified Recycler is Important?","Learn why R2 Certification is crucial for electronics recycling. Recycle Technologies, an R2 V3 certified company, ensures secure, sustainable e-waste management.",wordpress
/why-is-legislation-important-for-electronic-waste-recycling/,post,KEEP,/why-is-legislation-important-for-electronic-waste-recycling/,"Why Is Legislation Extremely Important to Electronic Waste Recycling?","Electronic Waste Recycling can help reduce the amount of e-waste in landfills. Learn how good policy making and regulation curb e-waste.",wordpress
/what-dangers-of-e-waste-lurk-when-you-dont-recycle/,post,KEEP,/what-dangers-of-e-waste-lurk-when-you-dont-recycle/,"What Dangers of E-waste lurk when you don`t recycle","The dangers of E-waste can only be lessened if we recycle electronic devices responsibly. Recycle Technologies can help you do that. Click Here.",wordpress
/why-recycle-technologies-is-great-for-hard-drive-degaussing/,post,KEEP,/why-recycle-technologies-is-great-for-hard-drive-degaussing/,"Why Recycle Technologies is great for Hard Drive Degaussing?","Data is love and data is life. Don’t let it ruin your life. Get your Hard Drive Degaussing done in an instant with Recycle Technologies",wordpress
/how-to-protect-your-identity-using-mobile-shredding-services/,post,KEEP,/how-to-protect-your-identity-using-mobile-shredding-services/,"How To Protect Your Identity Using Mobile Shredding?","Mobile shredding services also ensure compliance with data protection regulations. By shredding sensitive documents properly",wordpress
/items-not-to-be-thrown-into-curbside-recycling/,post,KEEP,/items-not-to-be-thrown-into-curbside-recycling/,"What Items Are Not To Be Thrown Into Curbside Recycling?","Curbside recycling is only good for general waste. By throwing unwarranted items you can risk fines, legal action, or spend time in jail.",wordpress
/recycle-technologies-complete-e-waste/,post,KEEP,/recycle-technologies-complete-e-waste/,"Recycle Technologies Complete E-Waste Recycling Process","E-waste is a growing concern for businesses and individuals. Recycle Technologies can help you dispose of electronic waste.",wordpress
/e-waste-7-things-that-are-recyclable/,post,KEEP,/e-waste-7-things-that-are-recyclable/,"Seven Things That Are Recyclable Which You Never Knew They Weren't","It would come to a surprise to what items we can recycle. Recycling E-waste must be your only priority. Recycle Technologies can help you do that.",wordpress
/why-television-recycling-will-become-obsolete-in-the-future/,post,KEEP,/why-television-recycling-will-become-obsolete-in-the-future/,"Why Television Recycling will become obsolete in the future?","Television were the future back in the day, Now they are either in the garage or the attic. Learn how television recycling helps you.",wordpress
/recycling-myths-busted-by-recycle-technologies/,post,KEEP,/recycling-myths-busted-by-recycle-technologies/,"6 Recycling Myths Busted by Recycle Technologies","Recycling Myths Busted the right way. Learn why recycling is not a scam and why we do little as possible when it comes to recycling.",wordpress
/appliance-recycling-better-than-replace/,post,KEEP,/appliance-recycling-better-than-replace/,"Appliance Recycling: Why Reusing is Better Than Replacing","Appliance recycling holds immense potential for positive environmental and economic impacts. The benefits of appliance recycling",wordpress
/reduce-reuse-and-recycle-e-waste/,post,KEEP,/reduce-reuse-and-recycle-e-waste/,"Why should you reduce, reuse and recycle e-waste","Recycle Technologies uses it to lessen the e-waste that is plaguing our landfills. It enables you to find a better outcome for your dying electronics.",wordpress
/amazing-benefits-of-mobile-shredding/,post,KEEP,/amazing-benefits-of-mobile-shredding/,"Amazing Benefits of Mobile Shredding That You Must Know","Learn how Recycle Technologies protect your identity. With our mobile shredding services you can be safe when it comes to disposing of paper.",wordpress
/manage-you-waste-by-recycling/,post,KEEP,/manage-you-waste-by-recycling/,"Manage your waste by Recycling with Recycle Technologies.","Recycling is an important service that helps you get rid of harmful substances in your products. Learn which products you can trash.",wordpress
/about-mercury-recycling-future-trends/,post,KEEP,/about-mercury-recycling-future-trends/,"What You Must Know About Mercury Recycling Future Trends","we need to understand how mercury recycling can be improved and what challenges the industry faces. To make it a notch better, we need policies..",wordpress
/circular-economy-battery-recycling/,post,KEEP,/circular-economy-battery-recycling/,"How to Create a Lasting Circular Economy Using Battery Recycling","Battery recycling is a win-win solution for both the environment and the economy. At Recycle Technologies, we are committed to bringing change...",wordpress
/battery-recycling-and-recycle-techn/,post,KEEP,/battery-recycling-and-recycle-techn/,"Battery Recycling and Recycle Technologies? What to expect?","Battery Recycling has always been at the forefront of Recycle Technologies. That is why as a universal waste recycler we recycle all batteries.",wordpress
/the-economics-of-mercury-recycling/,post,KEEP,/the-economics-of-mercury-recycling/,"The Economics of Mercury Recycling: Turning Waste into Value","Mercury recycling is a multistep procedure that ultimately increases financial worth at each step of the process. Let’s have a look:",wordpress
/the-right-battery-recycling-company/,post,KEEP,/the-right-battery-recycling-company/,"How to Choose the Right Battery Recycling Company?","For Battery recycling a reputed recycling company, like Recycle Technologies, will always instruct on never disposing of batteries in a trash bin.",wordpress
/how-do-companies-recycle-mercury-waste/,post,KEEP,/how-do-companies-recycle-mercury-waste/,"How Do Companies Recycle Mercury Waste Responsibly?","Recycle Mercury is a complex process that involves chemical and physical transformations of the waste materials. Visit our website to know more....",wordpress
/rti-make-difference-with-mercury-recycling/,post,KEEP,/rti-make-difference-with-mercury-recycling/,"Why Mercury Poses a great risk, and How Is RTI Making a Difference with Mercury Recycling?","Mercury recycling is your only way to ensure that the harmful effects of mercury are disposed of. To learn how Recycle Technologies is paving...",wordpress
/battery-recycling-and-bipartisan-law/,post,KEEP,/battery-recycling-and-bipartisan-law/,"Battery Recycling and Bipartisan Infrastructure Law. What to expect?","Battery recycling is the only way if you wish to dispose of your spent batteries. Through battery recycling, Want to known more visit our website",wordpress
/how-battery-recycling-helps-us/,post,KEEP,/how-battery-recycling-helps-us/,"Why Are Batteries Becoming Difficult to Recycle? How Battery Recycling helps us?","Battery recycling mean better sorting techniques, green solvents, and processes yielding up to 100% of the components. Visit our website for more...",wordpress
/why-does-battery-recycling-matter-what-are-the-benefits-of-battery-recycling/,post,KEEP,/why-does-battery-recycling-matter-what-are-the-benefits-of-battery-recycling/,"Why does battery recycling matter? What are the benefits of battery recycling?","Battery Recycling is going to take up the world faster than you can imagine. The next decade will see huge leaps in this segment.",wordpress
/why-is-it-crucial-to-recycle-mercury/,post,KEEP,/why-is-it-crucial-to-recycle-mercury/,"Why Is It Crucial to Recycle Mercury Waste Properly?","People actively participate in recycling their paper and plastic waste, but only some know how to recycle mercury to prevent its toxicity.",wordpress
/why-the-next-decade-is-essential-for-battery-recycling/,post,KEEP,/why-the-next-decade-is-essential-for-battery-recycling/,"Why the next decade is essential for battery recycling?","Batteries are more essential than before. So is battery recycling. Learn how the next decade will decide which batteries we rely upon.",wordpress
/how-alkaline-battery-recycling-varies-from-state-to-state/,post,KEEP,/how-alkaline-battery-recycling-varies-from-state-to-state/,"How Alkaline battery recycling varies from state to state?","This article covers why alkaline battery recycling is essential you how you can make a difference. These effort can help our future become green.",wordpress
/electric-vehicle-battery-recycling/,post,KEEP,/electric-vehicle-battery-recycling/,"Reviving the spark: What is car battery recycling?","Learn what is an electric Vehicle battery recycling process and how it can give new life to apparently “dead” batteries.",wordpress
/tesla-battery-recycling/,post,KEEP,/tesla-battery-recycling/,"Tesla Battery Recycling: How Recycle Technologies is Paving the Way for Sustainable EV Technology","Game-changing impact Of Recycle Technologies regarding Tesla battery recycling. To learn more about how we make a difference, click here.",wordpress
/significance-of-ups-battery-recycling/,post,KEEP,/significance-of-ups-battery-recycling/,"Revitalizing the Environment: The Significance of UPS Battery Recycling","Make a positive impact on the environment by prioritizing UPS battery recycling, and how recycling UPS batteries contribute to a green future.",wordpress
/recycling-benefits-and-challenges/,post,KEEP,/recycling-benefits-and-challenges/,"Recycling Advantages and Disadvantages","Discover the pros and cons of recycling as we delve into the advantages and disadvantages of this environmental practice. Learn about the positive impacts.",wordpress
/appliance-recycling/,post,KEEP,/appliance-recycling/,"How to Recycle Large and Small Appliances","Discover the benefits of appliance recycling and learn how to do it responsibly with our comprehensive guide. Click here for more info.",wordpress
/the-power-of-car-battery-recycling/,post,KEEP,/the-power-of-car-battery-recycling/,"What are the Benefits of Car Battery Recycling & Why Should You Consider It?","Car Battery Recycling is an essential part of the solution to our environmental problems. Find out why it matters and how you can make a difference.",wordpress
/watch-battery-recycling/,post,KEEP,/watch-battery-recycling/,"Why does recycling each battery count? Way to recycle your watch battery","Watch battery recycling is not only beneficial for the environment but also for your wallet. Discover how to contribute towards green earth.",wordpress
/lithium-ion-batteries-recycling/,post,KEEP,/lithium-ion-batteries-recycling/,"Lithium-ion batteries recycling: Giving a second life to batteries","At Recycle Technologies Inc., learn about our eco-friendly lithium-ion battery recycling services. Your contribution towards a greener and safe earth.",wordpress
/hp-laptop-battery-recycling/,post,KEEP,/hp-laptop-battery-recycling/,"HP laptop battery recycling: Proper way to dispose of your e-waste","Learn about HP laptop battery recycling and how it can assist in reducing electronic waste by disposing of them properly.",wordpress
/electric-car-battery-recycling/,post,KEEP,/electric-car-battery-recycling/,"Reviving The Spark : What is Car Battery Recycling?","Learn what is an electric car battery recycling process and how it can give new life to apparently “dead” batteries.",wordpress
/tesla-battery-recycling-secrets/,post,KEEP,/tesla-battery-recycling-secrets/,"Tesla Battery Recycling: How Recycle Technologies is Paving the Way for Sustainable EV Technology","Game-changing impact Of Recycle Technologies regarding Tesla battery recycling. To learn more about how we make a difference, click here",wordpress
/sustainable-ups-battery-recycling/,post,KEEP,/sustainable-ups-battery-recycling/,"Why should we recycle old UPS batteries?","Discover how to reduce waste and extend the lifespan of your UPS batteries. Contact us today for safe and reliable UPS battery recycling services.",wordpress
/battery-recycling-sustainable-future/,post,KEEP,/battery-recycling-sustainable-future/,"What Is Battery Recycling, and Can it Contribute Towards a Greener Planet?  ","Don’t trash out your old batteries. Get your battery recycling with our reliable and cost-effective recycling services. Join us on our path towards a greener and cleaner future",wordpress
/led-bulb-recycling/,post,KEEP,/led-bulb-recycling/,"What is LED bulb Recycling, and why is it important?","This article explores the importance of LED Bulb Recycling in reducing waste and conserving resources, also methods used for recycling LED bulbs.",wordpress
/are-light-bulbs-recyclable/,post,KEEP,/are-light-bulbs-recyclable/,"Are light bulbs recyclable?","Are light bulbs recyclable or not? This article provides accurate information concerning which types of light bulbs are recyclable. Learn how you can make a difference by disposing of them properly.",wordpress
/what-to-do-with-old-cds/,post,KEEP,/what-to-do-with-old-cds/,"What to do with old CDs?","This is what to do with old CDs. This article covers all the basics and provides solutions to properly dispose of old CDs that you no longer need.",wordpress
/can-lithium-batteries-be-recycled/,post,KEEP,/can-lithium-batteries-be-recycled/,"Can Lithium batteries be recycled?","Lithium batteries are present in everything. We bet almost all gadgets in your home house lithium batteries. Yes, Lithium batteries can be recycled, but that",wordpress
/why-is-recycling-important/,post,KEEP,/why-is-recycling-important/,"Why Recycling is important and what is its impact?","The reclamation of virgin resources and the lessening of carbon emissions are several outcomes to why is recycling important. This article focuses on providing information on why recycling is beneficial and what can we recycle.",wordpress
/is-tempered-glass-recyclable/,post,KEEP,/is-tempered-glass-recyclable/,"Is tempered glass recyclable?","Is tempered glass recyclable is something every person inquires. This article will explain if this is possible. Furthermore, it provides detailed information regarding the benefits of glass recycling and where to dispose of tempered glass. Click here to Read More",wordpress
/how-to-dispose-of-broken-tv/,post,KEEP,/how-to-dispose-of-broken-tv/,"How to dispose of Broken Tv","How to dispose of broken tv might seem a challenge. The information present in this article list how to properly dispose of and the cost-effective way to do so. Click Here to learn more.",wordpress
/what-to-do-with-an-old-microwave/,post,KEEP,/what-to-do-with-an-old-microwave/,"What to do with an old microwave?","What to do with an old microwave is what many consumers ask us. This article provides information on how you can properly dispose of microwave ovens.",wordpress
/how-to-dispose-of-a-computer-monitor/,post,KEEP,/how-to-dispose-of-a-computer-monitor/,"How to dispose of a Computer Monitor?","How to dispose of a Computer monitor effectively is important. Read it all here how electronic waste impacts the environment and how you can make a difference by recycling.",wordpress
/how-to-dispose-of-fluorescent-tubes/,post,KEEP,/how-to-dispose-of-fluorescent-tubes/,"How to Dispose of Fluorescent tubes?","How to Dispose of Fluorescent Tubes is a common query many customers ask. Learn More about Why the disposal of Fluorescent tubes, bulbs, and lamps is important.",wordpress
/what-to-do-with-old-printers/,post,KEEP,/what-to-do-with-old-printers/,"What to do with Old Printers?","What to do with Old printers remains a challenge for many. This article covers the basics of how to properly dispose of old printers responsibly. Click Here for more.",wordpress
/how-to-dispose-of-crt-tv/,post,KEEP,/how-to-dispose-of-crt-tv/,"How to dispose of CRT TV","To dispose of CRT Tv responsibly, your best outcome is Recycle Technologies. The AAA NAID recycler can handle all kinds of residential and commercial electronic waste.",wordpress
/how-to-dispose-of-a-flat-screen-tv/,post,KEEP,/how-to-dispose-of-a-flat-screen-tv/,"How to dispose of a flat-screen tv","This article lists solutions on how to dispose of a flat screen tv. Furthermore, you find information on why recycling e-waste helps the environment. Click here to read more.",wordpress
/how-to-dispose-of-plasma-tv/,post,KEEP,/how-to-dispose-of-plasma-tv/,"How to dispose of plasma tv","",wordpress
/how-to-get-rid-of-an-old-tv/,post,KEEP,/how-to-get-rid-of-an-old-tv/,"How to get rid of an Old TV?","How to get rid of an Old TV is a significant query. Recycle Technologies delves into how you can get rid of an old TV responsibly.",wordpress
/how-to-dispose-of-batteries-responsibly/,post,KEEP,/how-to-dispose-of-batteries-responsibly/,"How to Dispose of Batteries responsibly?","How to Dispose of Batteries responsibly, get all the details about battaries recycling and procedure of Dispose of Batteries responsibly.",wordpress
/how-to-dispose-of-a-coffee-maker/,post,KEEP,/how-to-dispose-of-a-coffee-maker/,"How to dispose of a Coffee maker?","Getting rid of your coffee maker can be a challenge. This article focuses on how to dispose of coffee maker responsibly. Click here to know more.",wordpress
/how-to-recycle-a-car-battery/,post,KEEP,/how-to-recycle-a-car-battery/,"How to recycle a car battery?","Recycling a car battery is critical as it enables us to dispose toxic materials. This article covers all the information you need to properly recycle car batteries.",wordpress
/what-is-the-process-of-electronic-recycling/,post,KEEP,/what-is-the-process-of-electronic-recycling/,"What is the process of Electronic Recycling?","The process of Electronic Recycling is much simpler than you can imagine. Learn how recycling works and how you can make a difference.",wordpress
/what-is-recycling-is-electronic-recycling-free/,post,KEEP,/what-is-recycling-is-electronic-recycling-free/,"What is Recycling? Is Electronic Recycling free?","Is electronic recycling free in your state or not? To learn more read the article that provides accurate information about recycling.",wordpress
/how-to-dispose-a-laptop-battery/,post,KEEP,/how-to-dispose-a-laptop-battery/,"How to dispose of a Laptop Battery?","Knowing how to dispose of a laptop battery is important because it can help you properly recycle responsibly. To know more click here.",wordpress
/importance-of-recycling-e-waste/,post,KEEP,/importance-of-recycling-e-waste/,"Importance of Recycling E-waste - Find out The Benefits","What benefits do you get when you recycle e-waste? And what is the importance of recycling e-waste? Click here to learn more...",wordpress
/what-is-the-best-way-to-do-commercial-recycling-of-your-electronics/,post,KEEP,/what-is-the-best-way-to-do-commercial-recycling-of-your-electronics/,"What is the best way to do Commercial Recycling of your Electronics?","Let us get aware of the commercial recycling of your electronics and recycling regulations properly. To get more infor click here.",wordpress
/recycling-batteries/,post,KEEP,/recycling-batteries/,"How to Recycle Batteries?","The benefits of recycle batteries have been highlighted by scientists and environmentalists. Here is a quick overview",wordpress
/recycling-fluorescent-bulbs/,post,KEEP,/recycling-fluorescent-bulbs/,"How to Recycle Fluorescent Bulbs?","As soon as an individual makes a purchase of a fluorescent bulb, they must make sure they are aware of how they must dispose of it when the time comes.",wordpress
/why-should-we-recycle-electronic-waste/,post,KEEP,/why-should-we-recycle-electronic-waste/,"Why Should We Recycle Electronic Waste?","There are hundreds of benefits involved in recycle electronic waste. You can quickly get rid of your electronic waste and get it recycled",wordpress
/how-to-recycle-electronics-the-easy-way/,post,KEEP,/how-to-recycle-electronics-the-easy-way/,"How to Recycle Electronics (The easy way)","Recycle Technologies safely handles electronics recycling in Minnesota and Wisconsin. If you're looking for the best recycling services, then Recycle Technologies can take care of it like none other.",wordpress
/five-every-day-items-to-recycle/,post,KEEP,/five-every-day-items-to-recycle/,"Five Every Day Items to Recycle","Recycling is important to communities around the world. Let's take a look at five every day items to recycle and why they should be.",wordpress
/benefits-of-recycling-e-waste/,post,KEEP,/benefits-of-recycling-e-waste/,"6 Important E-Waste Benefits through Recycling","E-waste is a growing issue in the US and around the world. In this post we give you six clear benefits to recycling e-waste.",wordpress
/america-recycles-day-november-15th/,post,KEEP,/america-recycles-day-november-15th/,"America Recycles Day-November 15th","America Recycles Day lands on November 15th each year. Recycing is an essential practice that every home and person in America can support.",wordpress
/how-to-recycle-e-waste/,post,KEEP,/how-to-recycle-e-waste/,"Why E-waste Recycling is the upmost importance?","E-waste includes all those devices which are no longer in use by their owners. With Recycle Technologies disposing e-waste is easy. To learn more,",wordpress
/waste-stream-or-source-material/,post,KEEP,/waste-stream-or-source-material/,"Recycling - Waste Stream or Source Material?","Recycling for you might end at the curb, but it starts long before then. What do you think? Reycing-Waste Stream or Source Material?",wordpress
/why-is-recycling-a-computer-important/,post,KEEP,/why-is-recycling-a-computer-important/,"Why is Recycling Computer Parts is Important?","Why is recycing a computer important? It's a question we've all asked, so keep reading to learn more about responsible recycling.",wordpress
/social-responsibility-recycling/,post,KEEP,/social-responsibility-recycling/,"Why Social Responsibility of Business and Recycling are important?","Social responsibility affects business of all sizes and having recycling policies in place to protect the environment can benefit you.",wordpress
/an-uncommon-path-to-e-scrap-ceo/,post,KEEP,/an-uncommon-path-to-e-scrap-ceo/,"An uncommon path to e-scrap CEO","Lydia Keith, recently appointed CEO of Recycle Technologies, Inc. shares her path into the world of E-Waste Recycling.",wordpress
/customer-spotlight-1/,post,KEEP,/customer-spotlight-1/,"Customer Spotlight - SJ Computers, LLC","SJ Computers, LLC is one of the top three online computer refurbishers and resellers in the U.S....",wordpress
/recycling-is-a-dirty-word/,post,KEEP,/recycling-is-a-dirty-word/,"Recycling Is A Dirty Word","Recycle your e-waste with Recycle Technologies. Together, we can create a world where recycling is not just what we do, but who we are.",wordpress
/better-recycling/,post,KEEP,/better-recycling/,"Better Recycling Through Better Education","Better recycing starts with better education and it's never too early to start! Reduce-Reuse-Recycle applies to e-waste, too!",wordpress
/electronics-recycling-provides-environmental-opportunities/,post,KEEP,/electronics-recycling-provides-environmental-opportunities/,"The Environmental Opportunities in Electronics Recycling","Electronics recycling conserves natural resources, recovers valuable materials for the production of new products and reduces pollution.",wordpress
/e-scrap-processor-charged-with-illegal-dumping-2/,post,KEEP,/e-scrap-processor-charged-with-illegal-dumping-2/,"E-scrap processor charged with illegal dumping","Authorities in Minnesota accuse an e-scrap processor of illegal dumping in Hennepin County. Learn more about e-scrap issues in Minnesota by Recycle Technologies.",wordpress
/sham-lighting-recyclers-are-you-at-risk-2/,post,KEEP,/sham-lighting-recyclers-are-you-at-risk-2/,"Sham Lighting Recyclers – Are You At Risk?","Avoid sham lighting recyclers to protect your business. Learn to vet and ensure safe, compliant recycling practices with Recycle Technologies.",wordpress
/epa-enforcement-action-in-chicago-sham-recycling-alleged-2/,post,KEEP,/epa-enforcement-action-in-chicago-sham-recycling-alleged-2/,"“EPA Enforcement Action in Chicago! Sham recycling alleged.”","EPA Enforcement Action in Chicago! Sham recycling alleged. Learn about EPA fines and regulatory compliance issues in Chicago with Recycle Technologies.",wordpress
/reduce-reuse-recycle-re-examine-guide/,post,KEEP,/reduce-reuse-recycle-re-examine-guide/,"Reduce, Reuse, Recycle... Re-examine?","Choose Recycle Technologies for eco-friendly solutions on April 22nd, Earth Day. Reduce, reuse, and recycle for a greener future with our expert services.",wordpress
/happy-40th-anniversary-earth-day-2/,post,KEEP,/happy-40th-anniversary-earth-day-2/,"HAPPY 40TH ANNIVERSARY, EARTH DAY!","Happy 40th Anniversary, Earth Day! Explore commercial recycling solutions with Recycle Technologies. Ensure responsible recycling practices for a sustainable future.",wordpress
/category/blog/,category,KEEP,/category/blog/,"Blog","",wordpress
/category/customer-spotlight/,category,KEEP,/category/customer-spotlight/,"Customer Spotlight","",wordpress
/category/from-another-publication/,category,KEEP,/category/from-another-publication/,"From Another Publication","",wordpress
/category/news/,category,KEEP,/category/news/,"News","",wordpress
/category/recycling/,category,KEEP,/category/recycling/,"Recycling","",wordpress
/category/uncategorized/,category,KEEP,/category/uncategorized/,"Uncategorized","",wordpress
